PMID,Title,Authors,Citation,First Author,Journal/Book,Publication Year,Create Date,PMCID,NIHMS ID,DOI
"37120352","Does PTCY increase the risk of infections?","Mikulska M, Bartalucci C, Raiola AM, Oltolini C.","Blood Rev. 2023 Nov;62:101092. doi: 10.1016/j.blre.2023.101092. Epub 2023 Apr 20.","Mikulska M","Blood Rev","2023","2023/04/29","","","10.1016/j.blre.2023.101092"
"38657278","Younger unrelated donors may be preferable over HLA match in the PTCy era: a study from the ALWP of the EBMT","Sanz J, Labopin M, Choi G, Kulagin A, Peccatori J, Vydra J, Reményi P, Versluis J, Rovira M, Blaise D, Labussière-Wallet H, Montoro J, Sica S, Meijer E, Itälä-Remes M, Schaap N, Bulabois CE, Piemontese S, Mohty M, Ciceri F.","Blood. 2024 Jun 13;143(24):2534-2543. doi: 10.1182/blood.2023023697.","Sanz J","Blood","2024","2024/04/24","","","10.1182/blood.2023023697"
"32343796","Haploidentical BMT for severe aplastic anemia with intensive GVHD prophylaxis including posttransplant cyclophosphamide","DeZern AE, Zahurak ML, Symons HJ, Cooke KR, Rosner GL, Gladstone DE, Huff CA, Swinnen LJ, Imus P, Borrello I, Wagner-Johnston N, Ambinder RF, Luznik L, Bolaños-Meade J, Fuchs EJ, Jones RJ, Brodsky RA.","Blood Adv. 2020 Apr 28;4(8):1770-1779. doi: 10.1182/bloodadvances.2020001729.","DeZern AE","Blood Adv","2020","2020/04/29","PMC7189283","","10.1182/bloodadvances.2020001729"
"40488825","Optimal GVHD Prophylaxis","Elmariah H, Bolaños-Meade J.","Adv Exp Med Biol. 2025;1475:77-102. doi: 10.1007/978-3-031-84988-6_5.","Elmariah H","Adv Exp Med Biol","2025","2025/06/09","","","10.1007/978-3-031-84988-6_5"
"37935091","Explorations of post-gDLI low-dose cyclophosphamide for preventing severe aGVHD","Chen X, Zheng X, Lu N, Zhang R, Zhai W, Ma Q, Pang A, Yang D, Wei J, He Y, Feng S, Han M, Jiang E.","Int Immunopharmacol. 2023 Dec;125(Pt A):111165. doi: 10.1016/j.intimp.2023.111165. Epub 2023 Nov 5.","Chen X","Int Immunopharmacol","2023","2023/11/07","","","10.1016/j.intimp.2023.111165"
"38493482","An international learning collaborative phase 2 trial for haploidentical bone marrow transplant in sickle cell disease","Kassim AA, de la Fuente J, Nur E, Wilkerson KL, Alahmari AD, Seber A, Bonfim C, Simões BP, Alzahrani M, Eckrich MJ, Horn B, Hanna R, Dhedin N, Rangarajan HG, Gouveia RV, Almohareb F, Aljurf M, Essa M, Alahmari B, Gatwood K, Connelly JA, Dovern E, Rodeghier M, DeBaun MR.","Blood. 2024 Jun 20;143(25):2654-2665. doi: 10.1182/blood.2023023301.","Kassim AA","Blood","2024","2024/03/17","","","10.1182/blood.2023023301"
"40596499","A comparative study of GVHD prophylaxis using low dose ATG versus PTCy for PBSCT based on two independent prospective cohorts","Shiratori S, Sugita J, Ishikawa J, Kuroha T, Mori Y, Eto T, Kasahara S, Fukushima K, Harada M, Teshima T.","Sci Rep. 2025 Jul 1;15(1):20677. doi: 10.1038/s41598-025-07263-4.","Shiratori S","Sci Rep","2025","2025/07/02","PMC12216378","","10.1038/s41598-025-07263-4"
"34855460","Randomized Phase III BMT CTN Trial of Calcineurin Inhibitor-Free Chronic Graft-Versus-Host Disease Interventions in Myeloablative Hematopoietic Cell Transplantation for Hematologic Malignancies","Luznik L, Pasquini MC, Logan B, Soiffer RJ, Wu J, Devine SM, Geller N, Giralt S, Heslop HE, Horowitz MM, Jones RJ, Litzow MR, Mendizabal A, Muffly L, Nemecek ER, O'Donnell L, O'Reilly RJ, Palencia R, Schetelig J, Shune L, Solomon SR, Vasu S, Ho VT, Perales MA.","J Clin Oncol. 2022 Feb 1;40(4):356-368. doi: 10.1200/JCO.21.02293. Epub 2021 Dec 2.","Luznik L","J Clin Oncol","2022","2021/12/02","PMC8797487","","10.1200/JCO.21.02293"
"29987350","Haplo-identical allografting with post-transplant cyclophosphamide in high-risk patients","Brunello L, Passera R, Dellacasa CM, Giaccone L, Audisio E, Ferrero D, D'Ardia S, Allione B, Aydin S, Festuccia M, Lia G, Crisà E, Maffini E, Butera S, Busca A, Bruno B.","Ann Hematol. 2018 Nov;97(11):2205-2215. doi: 10.1007/s00277-018-3433-3. Epub 2018 Jul 9.","Brunello L","Ann Hematol","2018","2018/07/11","","","10.1007/s00277-018-3433-3"
"37257193","Prospective PTCTC trial of myeloablative haplo-BMT with posttransplant cyclophosphamide for pediatric acute leukemias","Fierro-Pineda JC, Tsai HL, Blackford A, Cluster A, Caywood E, Dalal J, Davis J, Egeler M, Huo J, Hudspeth M, Keating A, Kelly SS, Krueger J, Lee D, Lehmann L, Madden L, Oshrine B, Pulsipher MA, Fry T, Symons HJ.","Blood Adv. 2023 Sep 26;7(18):5639-5648. doi: 10.1182/bloodadvances.2023010281.","Fierro-Pineda JC","Blood Adv","2023","2023/05/31","PMC10546347","","10.1182/bloodadvances.2023010281"
"34607073","Haploidentical transplantation is feasible and associated with reasonable outcomes despite major infective complications-A single center experience from India","George B, Kulkarni U, Lionel S, Devasia AJ, Aboobacker FN, Lakshmi KM, Selvarajan S, Korula A, Rose W, Varghese GM, Rupali P, Veeraraghavan B, Michael JS, Abraham A, Abraham A, Mathews V.","Transplant Cell Ther. 2022 Jan;28(1):45.e1-45.e8. doi: 10.1016/j.jtct.2021.09.020. Epub 2021 Oct 2.","George B","Transplant Cell Ther","2022","2021/10/04","","","10.1016/j.jtct.2021.09.020"
"40425810","Donor impact on allogeneic transplant outcomes with PTCy for severe aplastic anemia: a study of the SAAWP EBMT","Montoro J, Eikema DJ, Piepenbroek B, Tuffnell J, Halahleh K, Kulagin A, AlAhmari A, Aksoy BA, Reményi P, Itäla-Remes M, Gulbas Z, McDonald A, Apte S, Kwon M, Rovira M, Kharya G, Potter V, Gambella M, Schroeder T, Giammarco S, Bazarbachi A, Aljurf M, Ho A, Dalle JH, Vydra J, Sanz J, Pérez-Simon JA, Colita A, Collin M, Tanase A, Halkes C, Kulasekararaj A, Risitano A, Peffault de Latour R.","Bone Marrow Transplant. 2025 Aug;60(8):1152-1159. doi: 10.1038/s41409-025-02633-y. Epub 2025 May 27.","Montoro J","Bone Marrow Transplant","2025","2025/05/27","","","10.1038/s41409-025-02633-y"
"39154913","Surrogates of Endothelial Injury Predict Survival After Post-transplant Cyclophosphamide","Baranwal A, Langer KJ, Kharfan-Dabaja MA, Ayala E, Foran J, Murthy H, Roy V, Iqbal M, Palmer J, Sproat LZ, Chhabra S, Khera N, Durani U, Hefazi M, Mangaonkar A, Shah MV, Litzow MR, Hogan WJ, Alkhateeb HB.","Transplant Cell Ther. 2025 Jan;31(1):16.e1-16.e9. doi: 10.1016/j.jtct.2024.08.009. Epub 2024 Aug 16.","Baranwal A","Transplant Cell Ther","2025","2024/08/18","","","10.1016/j.jtct.2024.08.009"
"40419020","Choosing Between HLA-Mismatched Unrelated and Haploidentical Donors: Donor Age Considerations","Mehta RS, Schmidt G, Williams K, Patel SA, Schetelig J, Savani B, Askar M, Petersdorf E, Ringden O, Kanakry CG, Kanakry JA, Stefanski H, Arrieta-Bolaños E, Betts B, Benjamin C, Gadalla S, Wang T, Saultz J, Spellman S, Jurdi NE, Bolon YT, Lee SJ.","Transplant Cell Ther. 2025 Sep;31(9):680-692. doi: 10.1016/j.jtct.2025.05.019. Epub 2025 May 24.","Mehta RS","Transplant Cell Ther","2025","2025/05/26","PMC12403200","NIHMS2100175","10.1016/j.jtct.2025.05.019"
"35396950","Immune reconstitution and survival of patients with parvovirus B19 related pure red cell aplasia after haplo-PBSCT","Zhou X, Jiang P, Gao L, Yang J, Cai Y, Tong Y, Qiu H, Huang C, Zhou K, Xu X, Niu J, Xia X, Zhang Y, Shen C, Wei Y, Shao J, Song X, Wan L.","Ann Hematol. 2022 Jun;101(6):1333-1342. doi: 10.1007/s00277-022-04831-w. Epub 2022 Apr 9.","Zhou X","Ann Hematol","2022","2022/04/09","PMC9072482","","10.1007/s00277-022-04831-w"
"36167679","Comparison of outcomes for HLA-matched sibling and haplo-identical donors in Myelodysplastic syndromes: report from the chronic malignancies working party of EBMT","Raj K, Eikema DJ, Sheth V, Koster L, de Wreede LC, Blaise D, Di Grazia C, Koc Y, Potter V, Chevallier P, Lopez-Corral L, Wu D, Mielke S, Maertens J, Meijer E, Huynh A, Passweg J, Luft T, Pérez-Simón JA, Ciceri F, Piekarska A, Hayri Ozsan G, Kröger N, Robin M, Yakoub-Agha I.","Blood Cancer J. 2022 Sep 28;12(9):140. doi: 10.1038/s41408-022-00729-y.","Raj K","Blood Cancer J","2022","2022/09/27","PMC9515068","","10.1038/s41408-022-00729-y"
"38538862","ATG or post-transplant cyclophosphamide to prevent GVHD in matched unrelated stem cell transplantation?","Penack O, Abouqateb M, Peczynski C, Boreland W, Kröger N, Stelljes M, Gedde-Dahl T, Blau IW, Schroeder T, Salmenniemi U, Kulagin A, Peffault de Latour R, Mielke S, Zeiser R, Moiseev I, Schoemans H, Koenecke C, Peric Z.","Leukemia. 2024 May;38(5):1156-1163. doi: 10.1038/s41375-024-02225-7. Epub 2024 Mar 27.","Penack O","Leukemia","2024","2024/03/28","PMC11073959","","10.1038/s41375-024-02225-7"
"41349637","Low-Dose Post-Transplant Cyclophosphamide in Haploidentical Stem Cell Transplantation: A Systematic Review","Shafqat A, Ahmad O, Omer MH, Shafqat S, Nasiri A, Kotb A, Mushtaq A, Harnegie MP, Alahmari A, Ahmed SO, Rasheed W, Alzahrani H, Hashmi S, Saad A, Aljurf M, El-Fakih R, Saleh MFM.","Transplant Cell Ther. 2026 Mar;32(3):320-336. doi: 10.1016/j.jtct.2025.11.034. Epub 2025 Dec 3.","Shafqat A","Transplant Cell Ther","2026","2025/12/05","","","10.1016/j.jtct.2025.11.034"
"39453336","Female-to-male allogeneic transplantation affects outcomes differently according to the type of haplo-transplantation","Tamaki M, Kawamura S, Takano K, Nakamae H, Doki N, Ohigashi H, Maruyama Y, Ota S, Hiramoto N, Eto T, Yoshihara S, Matsuoka KI, Masuko M, Onizuka M, Kanda Y, Fukuda T, Atsuta Y, Yanagisawa R, Yakushijin K, Nakasone H.","Cytotherapy. 2025 Feb;27(2):213-221. doi: 10.1016/j.jcyt.2024.09.007. Epub 2024 Oct 5.","Tamaki M","Cytotherapy","2025","2024/10/25","","","10.1016/j.jcyt.2024.09.007"
"39837777","CMV Reactivation Following Allogeneic Transplantation in Children From a High-Seroprevalence Population: A Single-Center Experience in Colombia","Arias A, Builes N, Niño-Serna L, Diaz A, Aristizabal BH, Trujillo M.","Pediatr Transplant. 2025 Feb;29(1):e70033. doi: 10.1111/petr.70033.","Arias A","Pediatr Transplant","2025","2025/01/21","","","10.1111/petr.70033"
"28030755","Epidemiology of infections following haploidentical peripheral blood hematopoietic cell transplantation","Slade M, Goldsmith S, Romee R, DiPersio JF, Dubberke ER, Westervelt P, Uy GL, Lawrence SJ.","Transpl Infect Dis. 2017 Feb;19(1). doi: 10.1111/tid.12629. Epub 2016 Dec 28.","Slade M","Transpl Infect Dis","2017","2016/12/29","PMC5459579","NIHMS860498","10.1111/tid.12629"
"41291114","Donor selection in PTCy haploidentical transplant for acute lymphoblastic leukemia: a study from the ALWP of the EBMT","Sanz J, Ferhat AT, Raiola AM, Blaise D, Arat M, Koc Y, Benakli M, Kwon M, Kulagin A, Parma M, Sica S, Tischer J, Pavlu J, Dhedin N, Grillo G, Kröger N, Montoro J, Giebel S, Peric Z, Savani B, Nagler A, Piemontese S, Mohty M, Ciceri F.","Bone Marrow Transplant. 2026 Feb;61(2):166-171. doi: 10.1038/s41409-025-02763-3. Epub 2025 Nov 25.","Sanz J","Bone Marrow Transplant","2026","2025/11/25","","","10.1038/s41409-025-02763-3"
"41851549","Superior outcomes with the FABT regimen in haploidentical transplantation for aplastic anemia in patients under 40 years old: a single-center retrospective study","Tan Z, Zhu N, Zhao Y, Hu H, Yu Q, Zhang Y, Hu T, Wu D, Ye B, Liu W.","Clin Exp Med. 2026 Mar 19;26(1):196. doi: 10.1007/s10238-026-02105-7.","Tan Z","Clin Exp Med","2026","2026/03/19","PMC13013374","","10.1007/s10238-026-02105-7"
"39565954","PTCy-based graft-versus-host disease prophylaxis for matched sibling donor allogeneic hematopoietic cell transplantation","Desai N, Altareb M, Remberger M, Chen C, Alfaro Moya T, Al-Shaibani E, Novitzky-Basso I, Pasic I, Lam W, Michelis FV, Gerbitz A, Viswabandya A, Kumar R, Kim DDH, Lipton JH, Mattsson J, Law AD.","Blood Adv. 2025 Feb 11;9(3):660-669. doi: 10.1182/bloodadvances.2024014781.","Desai N","Blood Adv","2025","2024/11/20","PMC11881745","","10.1182/bloodadvances.2024014781"
"37565363","ATG versus PTCy in matched unrelated donor haematopoietic stem cell transplantations with non-myeloablative conditioning","Aydin M, de Leeuw DC, Rutten CE, Visser OJ, Tang MW, van Roessel C, Janssen JJW, Biemond BJ, van de Loosdrecht AA, Hazenberg MD, Meijer E, Nur E.","Br J Haematol. 2023 Nov;203(3):439-445. doi: 10.1111/bjh.19031. Epub 2023 Aug 10.","Aydin M","Br J Haematol","2023","2023/08/11","","","10.1111/bjh.19031"
"33257777","Incorporation of posttransplant cyclophosphamide as part of standard immunoprophylaxis for all allogeneic transplants: a retrospective, single institution study","Cooper DL, Manago J, Patel V, Schaar D, Krimmel T, McGrath MK, Tyno A, Lin Y, Strair R.","Bone Marrow Transplant. 2021 May;56(5):1099-1105. doi: 10.1038/s41409-020-01144-2. Epub 2020 Dec 1.","Cooper DL","Bone Marrow Transplant","2021","2020/12/01","","","10.1038/s41409-020-01144-2"
"35066570","Triple post transplant cyclophosphamide (PTCY) based GVHD prophylaxis: HLA matched versus HLA haploidentical transplants","Galli E, Metafuni E, Giammarco S, Limongiello MA, Innocenti I, Autore F, Laurenti L, Sorà F, Chiusolo P, Teofili L, Bacigalupo A, Sica S.","Bone Marrow Transplant. 2022 Apr;57(4):532-537. doi: 10.1038/s41409-022-01574-0. Epub 2022 Jan 22.","Galli E","Bone Marrow Transplant","2022","2022/01/23","","","10.1038/s41409-022-01574-0"
"41043099","Sirolimus and Cyclosporine With Post-Transplant Cyclophosphamide or Mycophenolate Mofetil as Graft-Versus-Host Disease Prophylaxis in Unrelated Donor Hematopoietic Cell Transplantation","Ueda Oshima M, Vo PT, Boeckh M, Bouvier ME, Carpenter PA, Mielcarek M, Petersdorf EW, Storb R, Gooley T, Sandmaier BM.","J Clin Oncol. 2025 Nov 20;43(33):3600-3609. doi: 10.1200/JCO-25-01238. Epub 2025 Oct 3.","Ueda Oshima M","J Clin Oncol","2025","2025/10/03","PMC12614434","NIHMS2106268","10.1200/JCO-25-01238"
"38825519","[Current state of graft-versus-host disease prophylaxis with PTCy for allogeneic hematopoietic stem cell transplantation]","Nakamae H.","Rinsho Ketsueki. 2024;65(5):391-400. doi: 10.11406/rinketsu.65.391.","Nakamae H","Rinsho Ketsueki","2024","2024/06/02","","","10.11406/rinketsu.65.391"
"26314453","[Efficacy of Nonmyeloablative Allogeneic Hematopoietic Stem Cells for 14 Case of Severe Acquired Aplastic Anemia]","Wang SF, Huang YJ, Yu CL, Sun QY, Qiao JH, Hu KX, Zuo HL, Dong Z, Liu ZQ, Wang Y, Huang XM, Ai HS, Guo M.","Zhongguo Shi Yan Xue Ye Xue Za Zhi. 2015 Aug;23(4):1097-102. doi: 10.7534/j.issn.1009-2137.2015.04.037.","Wang SF","Zhongguo Shi Yan Xue Ye Xue Za Zhi","2015","2015/08/29","","","10.7534/j.issn.1009-2137.2015.04.037"
"33674791","Contemporary haploidentical stem cell transplant strategies in children with hematological malignancies","Shah RM.","Bone Marrow Transplant. 2021 Jul;56(7):1518-1534. doi: 10.1038/s41409-021-01246-5. Epub 2021 Mar 5.","Shah RM","Bone Marrow Transplant","2021","2021/03/06","","","10.1038/s41409-021-01246-5"
"37903992","Post-transplantation cyclophosphamide is associated with increased bacterial infections","Ustun C, Chen M, Kim S, Auletta JJ, Batista MV, Battiwalla M, Cerny J, Gowda L, Hill JA, Liu H, Munshi PN, Nathan S, Seftel MD, Wingard JR, Chemaly RF, Dandoy CE, Perales MA, Riches M, Papanicolaou GA.","Bone Marrow Transplant. 2024 Jan;59(1):76-84. doi: 10.1038/s41409-023-02131-z. Epub 2023 Oct 31.","Ustun C","Bone Marrow Transplant","2024","2023/10/31","PMC11164622","NIHMS1994221","10.1038/s41409-023-02131-z"
"40554429","A prospective clinical trial of GVHD prophylaxis with posttransplant cyclophosphamide and abatacept","Koura D, Dykes K, Goodman A, Costello C, Mulroney C, Mangan JK, Tanaka TN, Ball ED, Hamdan A, Jeong AR, Mirocha J, Zhang Q, Ogrodnik P, McConnell K, Maroge JJ, Padilla M, Morris GP, Tzachanis D.","Blood Adv. 2025 Aug 26;9(16):4336-4344. doi: 10.1182/bloodadvances.2024015094.","Koura D","Blood Adv","2025","2025/06/24","PMC12402362","","10.1182/bloodadvances.2024015094"
"40269279","Cytokine release syndrome: implications for transplant outcomes in haploidentical and HLA-matched HSCT using PTCy","Benavente R, Montoro J, Balaguer-Roselló A, Villalba M, Chorão P, Asensi P, Granados P, Lloret P, Gómez-Seguí I, Solves P, Santiago M, Lamas B, Bataller A, Eirís J, Martinez D, Louro A, Rebollar P, Perla A, de la Rubia J, Sanz MÁ, Sanz J.","Bone Marrow Transplant. 2025 Jul;60(7):1020-1026. doi: 10.1038/s41409-025-02594-2. Epub 2025 Apr 23.","Benavente R","Bone Marrow Transplant","2025","2025/04/24","","","10.1038/s41409-025-02594-2"
"37971549","Outcome improvement over time in reduced intensity conditioning hematopoietic transplantation: a 20-year experience","Esquirol A, Cadenas IG, Novelli S, Garrido A, Caballero AC, Oñate G, Lopez J, Redondo S, Argüello M, Saavedra S, Moreno C, Briones J, Sierra J, Martino R.","Ann Hematol. 2024 Jan;103(1):321-334. doi: 10.1007/s00277-023-05530-w. Epub 2023 Nov 16.","Esquirol A","Ann Hematol","2024","2023/11/16","","","10.1007/s00277-023-05530-w"
"39908565","Intermediate-dose posttransplantation cyclophosphamide for myeloablative HLA-haploidentical bone marrow transplantation","Hyder MA, Dimitrova D, Sabina R, DeVries A, McCune JS, McAdams MJ, Flomerfelt FA, McKeown C, Sadler JL, Chai A, Hughes TE, Napier S, Stokes A, Sponaugle J, Rechache K, Parta M, Cuellar-Rodriguez J, Figg WD, Choo-Wosoba H, Steinberg SM, Kanakry JA, Kanakry CG.","Blood Adv. 2025 May 27;9(10):2553-2569. doi: 10.1182/bloodadvances.2024014879.","Hyder MA","Blood Adv","2025","2025/02/05","PMC12148395","","10.1182/bloodadvances.2024014879"
"40068801","Infectious Enterocolitis in Hematopoietic Cell Transplant with Post-Transplant Cyclophosphamide","Chorão P, Pardal AA, de Cossio S, Balaguer-Roselló A, Montoro J, Villalba M, González EM, Gómez MD, Gómez I, Solves P, Santiago M, Asensi P, Granados P, Louro A, Rebollar P, Perla A, Salavert M, Rubia J, Sanz MA, Sanz J.","Transplant Cell Ther. 2025 Jun;31(6):392.e1-392.e11. doi: 10.1016/j.jtct.2025.02.027. Epub 2025 Mar 9.","Chorão P","Transplant Cell Ther","2025","2025/03/11","","","10.1016/j.jtct.2025.02.027"
"26914538","Haploidentical Donors: Can Faster Transplantation Be Life-Saving for Patients with Advanced Disease?","Tanase A, Tomuleasa C, Marculescu A, Bardas A, Colita A, Orban C, Ciurea SO.","Acta Haematol. 2016;135(4):211-6. doi: 10.1159/000443469. Epub 2016 Feb 26.","Tanase A","Acta Haematol","2016","2016/02/26","","","10.1159/000443469"
"32961372","Thrombotic Microangiopathy after Post-Transplantation Cyclophosphamide-Based Graft-versus-Host Disease Prophylaxis","Imus PH, Tsai HL, DeZern AE, Jerde K, Swinnen LJ, Bolaños-Meade J, Luznik L, Fuchs EJ, Wagner-Johnston N, Huff CA, Gladstone DE, Ambinder RF, Gocke CB, Ali SA, Borrello IM, Varadhan R, Brodsky R, Jones RJ.","Biol Blood Marrow Transplant. 2020 Dec;26(12):2306-2310. doi: 10.1016/j.bbmt.2020.09.018. Epub 2020 Sep 19.","Imus PH","Biol Blood Marrow Transplant","2020","2020/09/22","PMC7686062","NIHMS1633123","10.1016/j.bbmt.2020.09.018"
"41339490","Posttransplant cyclophosphamide versus antithymocyte globulin in patients with cardiovascular comorbidity undergoing allogeneic hematopoietic cell transplantation for acute myeloid leukaemia in first complete remission from unrelated donors: a retrospective matched-pair analysis from the ALWP of the EBMT","Vydra J, Ferhat AT, Kröger N, Gedde-Dahl T, Eder M, Schroeder T, Salmenniemi U, de Latour RP, Passweg J, Yakoub-Agha I, Rambaldi A, Zeiser R, Stelljes M, Carlson K, Castilla-Llorente C, Spyridonidis A, Savani B, Ciceri F, Mohty M.","Bone Marrow Transplant. 2026 Feb;61(2):206-210. doi: 10.1038/s41409-025-02766-0. Epub 2025 Dec 3.","Vydra J","Bone Marrow Transplant","2026","2025/12/03","PMC12909101","","10.1038/s41409-025-02766-0"
"33111490","Augmented immunosuppression and PTCY-based haploidentical hematopoietic stem cell transplantation for thalassemia major","Vellaichamy Swaminathan V, Ravichandran N, Ramanan KM, Meena SK, Varla H, Ramakrishnan B, Jayakumar I, Uppuluri R, Raj R.","Pediatr Transplant. 2021 Mar;25(2):e13893. doi: 10.1111/petr.13893. Epub 2020 Oct 27.","Vellaichamy Swaminathan V","Pediatr Transplant","2021","2020/10/28","","","10.1111/petr.13893"
"40469057","Efficacy and Safety of Combining r-ATG With PTCy for GvHD Prophylaxis in Haploidentical HSC Transplantation for Malignancies-A Systematic Review","John JM, Kulkarni U, Pendharkar D, Jadhav S.","J Cell Mol Med. 2025 Jun;29(11):e70450. doi: 10.1111/jcmm.70450.","John JM","J Cell Mol Med","2025","2025/06/05","PMC12138436","","10.1111/jcmm.70450"
"37140099","Post-transplant cyclophosphamide as sole GHVD prophylaxis after matched reduced-intensity conditioning allotransplant","Bourgeois AL, Jullien M, Garnier A, Peterlin P, Béné MC, Guillaume T, Chevallier P.","Clin Transl Med. 2023 Apr;13(4):e1242. doi: 10.1002/ctm2.1242.","Bourgeois AL","Clin Transl Med","2023","2023/05/04","PMC10131294","","10.1002/ctm2.1242"
"40820728","Selection of unrelated donors for allogeneic transplantation using post-transplant cyclophosphamide in acute lymphoblastic leukemia: an analysis by the Acute Leukemia Working Party of the European Society for Blood and Marrow Transplantation","Sanz J, Ferhat AT, Kulagin A, Kröger N, Rovira M, Lazzari L, Arat M, Montoro J, Versluis J, Reményi P, Sica S, Blaise D, Saif MA, Vydra J, Fagioli F, Nur E, Giebel S, Peric Z, Brissot E, Nagler A, Piemontese S, Mohty M, Ciceri F.","Haematologica. 2026 Mar 1;111(3):981-989. doi: 10.3324/haematol.2025.287750. Epub 2025 Jul 31.","Sanz J","Haematologica","2026","2025/08/18","PMC12951136","","10.3324/haematol.2025.287750"
"39569714","Posttransplant cyclophosphamide: a universal graft versus host disease prophylaxis","Bacigalupo A.","Curr Opin Hematol. 2025 Mar 1;32(2):104-108. doi: 10.1097/MOH.0000000000000840. Epub 2024 Nov 21.","Bacigalupo A","Curr Opin Hematol","2025","2024/11/21","","","10.1097/MOH.0000000000000840"
"26039204","HLA-haploidentical blood or marrow transplantation with high-dose, post-transplantation cyclophosphamide","Fuchs EJ.","Bone Marrow Transplant. 2015 Jun;50 Suppl 2(0 2):S31-6. doi: 10.1038/bmt.2015.92.","Fuchs EJ","Bone Marrow Transplant","2015","2015/06/04","PMC4634886","NIHMS734345","10.1038/bmt.2015.92"
"27000732","Haploidentical bone marrow and stem cell transplantation: experience with post-transplantation cyclophosphamide","Robinson TM, O'Donnell PV, Fuchs EJ, Luznik L.","Semin Hematol. 2016 Apr;53(2):90-7. doi: 10.1053/j.seminhematol.2016.01.005. Epub 2016 Jan 15.","Robinson TM","Semin Hematol","2016","2016/03/23","PMC4806368","NIHMS752194","10.1053/j.seminhematol.2016.01.005"
"28417421","A review of infectious complications after haploidentical hematopoietic stem cell transplantations","Atilla E, Atilla PA, Bozdağ SC, Demirer T.","Infection. 2017 Aug;45(4):403-411. doi: 10.1007/s15010-017-1016-1. Epub 2017 Apr 17.","Atilla E","Infection","2017","2017/04/19","","","10.1007/s15010-017-1016-1"
"35930118","Systematic overview of HLA-matched allogeneic hematopoietic cell transplantation with post-transplantation cyclophosphamide","Nakamae H.","Int J Hematol. 2022 Oct;116(4):465-481. doi: 10.1007/s12185-022-03428-3. Epub 2022 Aug 5.","Nakamae H","Int J Hematol","2022","2022/08/05","","","10.1007/s12185-022-03428-3"
"33420575","Post-transplant cyclophosphamide versus antithymocyte globulin in allogeneic hematopoietic cell transplantation: a meta-analysis","Gao F, Zhang J, Hu J, Lin L, Xu Y.","Ann Hematol. 2021 Feb;100(2):529-540. doi: 10.1007/s00277-021-04399-x. Epub 2021 Jan 8.","Gao F","Ann Hematol","2021","2021/01/09","","","10.1007/s00277-021-04399-x"
"41770801","Post-transplant cyclophosphamide as graft-versus-host disease prophylaxis for matched related donor hematopoietic stem cell transplantation in acute leukemia: a systematic review and meta-analysis","Shahsavand A, Forghani S, Samiee R, Kharaghani MA, Janbabai G, Salehi Z, Rostami T.","Hematology. 2026 Dec;31(1):2631227. doi: 10.1080/16078454.2026.2631227. Epub 2026 Mar 2.","Shahsavand A","Hematology","2026","2026/03/02","","","10.1080/16078454.2026.2631227"
"40650544","Superior GVHD-Free, Relapse-Free Survival for Haploidentical Transplant With PTCy Than Matched Unrelated Donor for AML Patients Transplanted in Second Complete Remission: A Study From the Acute Leukemia Working Party of the European Society for Blood and Marrow Transplantation","Ye Y, Labopin M, Yakoub-Agha I, Socié G, Blaise D, Gedde-Dahl T, Blau IW, Raiola AM, Byrne J, Daguindau E, Labussière-Wallet H, Huynh A, Bazarbachi A, Nagler A, Brissot E, Li L, Luo Y, Shi J, Mohty M, Huang H, Ciceri F.","Am J Hematol. 2025 Oct;100(10):1760-1771. doi: 10.1002/ajh.70008. Epub 2025 Jul 12.","Ye Y","Am J Hematol","2025","2025/07/12","","","10.1002/ajh.70008"
"36414698","EASIX predicts non-relapse mortality after haploidentical transplantation with post-transplant cyclophosphamide","Mariotti J, Magri F, Giordano L, De Philippis C, Sarina B, Mannina D, Taurino D, Santoro A, Bramanti S.","Bone Marrow Transplant. 2023 Mar;58(3):247-256. doi: 10.1038/s41409-022-01874-5. Epub 2022 Nov 21.","Mariotti J","Bone Marrow Transplant","2023","2022/11/22","","","10.1038/s41409-022-01874-5"
"36084368","Universal posttransplant cyclophosphamide after allogeneic transplant, a retrospective single institution study","Cooper DL, Manago J, Patel V, Schaar D, Tyno A, Lin Y, Strair R.","Leuk Res. 2022 Nov;122:106934. doi: 10.1016/j.leukres.2022.106934. Epub 2022 Sep 5.","Cooper DL","Leuk Res","2022","2022/09/09","","","10.1016/j.leukres.2022.106934"
"20494932","Fludarabine, cyclophosphamide, antithymocyte globulin, with or without low dose total body irradiation, for alternative donor transplants, in acquired severe aplastic anemia: a retrospective study from the EBMT-SAA Working Party","Bacigalupo A, Socie' G, Lanino E, Prete A, Locatelli F, Locasciulli A, Cesaro S, Shimoni A, Marsh J, Brune M, Van Lint MT, Oneto R, Passweg J; Severe Aplastic Anemia Working Party of the European Group for Blood and Marrow Transplantation.","Haematologica. 2010 Jun;95(6):976-82. doi: 10.3324/haematol.2009.018267. Epub 2010 May 21.","Bacigalupo A","Haematologica","2010","2010/05/25","PMC2878797","","10.3324/haematol.2009.018267"
"32283185","Graft Cryopreservation Does Not Impact Overall Survival after Allogeneic Hematopoietic Cell Transplantation Using Post-Transplantation Cyclophosphamide for Graft-versus-Host Disease Prophylaxis","Hamadani M, Zhang MJ, Tang XY, Fei M, Brunstein C, Chhabra S, D'Souza A, Milano F, Phelan R, Saber W, Shaw BE, Weisdorf D, Devine SM, Horowitz MM.","Biol Blood Marrow Transplant. 2020 Jul;26(7):1312-1317. doi: 10.1016/j.bbmt.2020.04.001. Epub 2020 Apr 10.","Hamadani M","Biol Blood Marrow Transplant","2020","2020/04/14","PMC7194895","NIHMS1584200","10.1016/j.bbmt.2020.04.001"
"38597828","Post-transplant cyclophosphamide or cell selection in haploidentical allogeneic hematopoietic cell transplantation?","Mohty R, Al Kadhimi Z, Kharfan-Dabaja M.","Hematology. 2024 Dec;29(1):2326384. doi: 10.1080/16078454.2024.2326384. Epub 2024 Apr 10.","Mohty R","Hematology","2024","2024/04/10","","","10.1080/16078454.2024.2326384"
"38485723","PTCy versus ATG as graft-versus-host disease prophylaxis in mismatched unrelated stem cell transplantation","Penack O, Abouqateb M, Peczynski C, Boreland W, Gülbas Z, Gedde-Dahl T, Castilla-Llorente C, Kröger N, Eder M, Rambaldi A, Bonifazi F, Blau IW, Stelljes M, Dreger P, Moiseev I, Schoemans H, Koenecke C, Peric Z.","Blood Cancer J. 2024 Mar 15;14(1):45. doi: 10.1038/s41408-024-01032-8.","Penack O","Blood Cancer J","2024","2024/03/15","PMC10940681","","10.1038/s41408-024-01032-8"
"26980295","Impact of conditioning intensity in T-replete haplo-identical stem cell transplantation for acute leukemia: a report from the acute leukemia working party of the EBMT","Rubio MT, Savani BN, Labopin M, Piemontese S, Polge E, Ciceri F, Bacigalupo A, Arcese W, Koc Y, Beelen D, Gülbas Z, Wu D, Santarone S, Tischer J, Afanasyev B, Schmid C, Giebel S, Mohty M, Nagler A.","J Hematol Oncol. 2016 Mar 15;9:25. doi: 10.1186/s13045-016-0248-3.","Rubio MT","J Hematol Oncol","2016","2016/03/17","PMC4791867","","10.1186/s13045-016-0248-3"
"32117310","Key Aspects of the Immunobiology of Haploidentical Hematopoietic Cell Transplantation","Baumeister SHC, Rambaldi B, Shapiro RM, Romee R.","Front Immunol. 2020 Feb 14;11:191. doi: 10.3389/fimmu.2020.00191. eCollection 2020.","Baumeister SHC","Front Immunol","2020","2020/03/03","PMC7033970","","10.3389/fimmu.2020.00191"
"38114645","Posttransplant cyclophosphamide in unrelated and related peripheral blood stem cell transplantation from HLA-matched and 1 allele mismatched donor","Sugita J, Kuroha T, Ishikawa J, Eto T, Fukushima K, Yokota I, Akashi K, Taniguchi S, Harada M, Teshima T.","Bone Marrow Transplant. 2024 Mar;59(3):344-349. doi: 10.1038/s41409-023-02162-6. Epub 2023 Dec 19.","Sugita J","Bone Marrow Transplant","2024","2023/12/19","","","10.1038/s41409-023-02162-6"
"37468771","Efficacy of letermovir in HLA-haploidentical hematopoietic transplantation with posttransplant cyclophosphamide","Nakagawa D, Shimomura Y, Mitsuyuki S, Kubo T, Nishikubo M, Okada N, Kamijo K, Yamamoto R, Nagai Y, Hiramoto N, Yoshioka S, Yonetani N, Ishikawa T.","Int J Hematol. 2023 Sep;118(3):347-354. doi: 10.1007/s12185-023-03635-6. Epub 2023 Jul 19.","Nakagawa D","Int J Hematol","2023","2023/07/19","","","10.1007/s12185-023-03635-6"
"39768158","HLA and Non-HLA Factors for Donor Selection in Hematopoietic Stem Cell Transplantation with Post-Transplant Cyclophosphamide GvHD Prophylaxis","Shike H, Zhang A.","Cells. 2024 Dec 14;13(24):2067. doi: 10.3390/cells13242067.","Shike H","Cells","2024","2025/01/08","PMC11674641","","10.3390/cells13242067"
"38374026","Post-transplant cyclophosphamide versus anti-thymocyte globulin after reduced intensity peripheral blood allogeneic cell transplantation in recipients of matched sibling or 10/10 HLA matched unrelated donors: final analysis of a randomized, open-label, multicenter, phase 2 trial","Brissot E, Labopin M, Labussière H, Fossard G, Chevallier P, Guillaume T, Yakoub-Agha I, Srour M, Bulabois CE, Huynh A, Chantepie S, Menard AL, Rubio MT, Ceballos P, Dulery R, Furst S, Malard F, Blaise D, Mohty M.","Blood Cancer J. 2024 Feb 19;14(1):31. doi: 10.1038/s41408-024-00990-3.","Brissot E","Blood Cancer J","2024","2024/02/19","PMC10876658","","10.1038/s41408-024-00990-3"
"37726493","Excellent outcome of stem cell transplantation for sickle cell disease","Vallée T, Schmid I, Gloning L, Bacova M, Ahrens J, Feuchtinger T, Klein C, Gaertner VD, Albert MH.","Ann Hematol. 2023 Nov;102(11):3217-3227. doi: 10.1007/s00277-023-05447-4. Epub 2023 Sep 19.","Vallée T","Ann Hematol","2023","2023/09/19","PMC10567813","","10.1007/s00277-023-05447-4"
"39439234","Comparison of HLA-haploidentical donors with post-transplant cyclophosphamide versus HLA-matched unrelated donors in peripheral blood stem cell transplantation for acute myeloid leukaemia","Moriguchi M, Nakamae H, Nishimoto M, Sugita J, Yanada M, Toubai T, Hasegawa Y, Hino M, Nishida T, Kurita N, Sawa M, Fukuda T, Jinguji A, Ota S, Matsuoka KI, Eto T, Hiramoto N, Ando T, Kawamura K, Kanda Y, Atsuta Y, Ohbiki M, Nakasone H, Konuma T.","Br J Haematol. 2024 Dec;205(6):2376-2386. doi: 10.1111/bjh.19825. Epub 2024 Oct 22.","Moriguchi M","Br J Haematol","2024","2024/10/23","","","10.1111/bjh.19825"
"40645455","Mold Invasive Fungal Infection in Hematopoietic Cell Transplant With Post-Transplant Cyclophosphamide and Posaconazole Prophylaxis","Chorão P, Granados P, Calvillo-Batllés P, Asensi P, Villalba M, Balaguer-Roselló A, de Cossio S, González EM, Gómez MD, Gómez I, Solves P, Tejada C, Louro A, Perla A, Salavert M, de la Rubia J, Sanz MA, Sanz J, Montoro J.","Transplant Cell Ther. 2025 Oct;31(10):836.e1-836.e9. doi: 10.1016/j.jtct.2025.07.005. Epub 2025 Jul 9.","Chorão P","Transplant Cell Ther","2025","2025/07/11","","","10.1016/j.jtct.2025.07.005"
"40091126","Improved survival in older patients with myeloid malignancies undergoing haploidentical peripheral blood stem cell transplantation with low-dose anti-thymocyte globin (ATG)/post-cyclophosphamide (PTCy)-based regimen for graft-versus-host disease prophylaxis","Jia Y, Xia X, Yang J, Cai Y, Tong Y, Qiu H, Huang C, Zhou K, Zhang Y, Shen C, Wan L, Song X.","Ann Hematol. 2025 Mar;104(3):1857-1866. doi: 10.1007/s00277-025-06305-1. Epub 2025 Mar 17.","Jia Y","Ann Hematol","2025","2025/03/17","PMC12031939","","10.1007/s00277-025-06305-1"
"40859738","A decade of experience using ATG and PTCy for graft-versus-host disease prophylaxis in matched unrelated donor allogeneic haematopoietic cell transplantation","Desai N, Rodriguez-Rodriguez S, Al-Shaibani E, Alfaro Moya T, Law AD, Novitzky-Basso I, Pasic I, Michelis FV, Kumar R, Kim DDH, Mattsson J, Viswabandya A.","Br J Haematol. 2025 Nov;207(5):2049-2058. doi: 10.1111/bjh.70124. Epub 2025 Aug 27.","Desai N","Br J Haematol","2025","2025/08/27","","","10.1111/bjh.70124"
"35613462","HLA-matching with PTCy: a reanalysis of a CIBMTR dataset with propensity score matching and donor age","Ambinder A, Jain T, Tsai HL, Horowitz MM, Jones RJ, Varadhan R.","Blood Adv. 2022 Jul 26;6(14):4335-4346. doi: 10.1182/bloodadvances.2022007741.","Ambinder A","Blood Adv","2022","2022/05/25","PMC9327541","","10.1182/bloodadvances.2022007741"
"37031067","Post-transplantation cyclophosphamide as GVHD prophylaxis in allogenic hematopoietic stem cell transplantation: Recent advances and modification","Li Y, Wang N, Zhang X, Cao Y, Zhang L, Liu A, Zhang Y.","Blood Rev. 2023 Nov;62:101078. doi: 10.1016/j.blre.2023.101078. Epub 2023 Mar 30.","Li Y","Blood Rev","2023","2023/04/08","","","10.1016/j.blre.2023.101078"
"33657221","Posttransplant cyclophosphamide is associated with increased cytomegalovirus infection: a CIBMTR analysis","Goldsmith SR, Abid MB, Auletta JJ, Bashey A, Beitinjaneh A, Castillo P, Chemaly RF, Chen M, Ciurea S, Dandoy CE, Díaz MÁ, Fuchs E, Ganguly S, Kanakry CG, Kanakry JA, Kim S, Komanduri KV, Krem MM, Lazarus HM, Liu H, Ljungman P, Masiarz R, Mulroney C, Nathan S, Nishihori T, Page KM, Perales MA, Taplitz R, Romee R, Riches M.","Blood. 2021 Jun 10;137(23):3291-3305. doi: 10.1182/blood.2020009362.","Goldsmith SR","Blood","2021","2021/03/03","PMC8351903","","10.1182/blood.2020009362"
"37085459","Combining post-transplant cyclophosphamide with antithymocyte globulin for graft-versus-host disease prophylaxis in hematological malignancies","Duléry R, Brissot E, Mohty M.","Blood Rev. 2023 Nov;62:101080. doi: 10.1016/j.blre.2023.101080. Epub 2023 Apr 11.","Duléry R","Blood Rev","2023","2023/04/21","","","10.1016/j.blre.2023.101080"
"38037468","Low- versus standard-dose post-transplant cyclophosphamide as GVHD prophylaxis for haploidentical transplantation","Fuji S, Sugita J, Najima Y, Konishi T, Tanaka T, Ohigashi H, Eto T, Nagafuji K, Hiramoto N, Matsuoka KI, Maruyama Y, Ota S, Ishikawa J, Kawakita T, Akasaka T, Kamimura T, Hino M, Fukuda T, Atsuta Y, Yakushijin K.","Br J Haematol. 2024 Mar;204(3):959-966. doi: 10.1111/bjh.19228. Epub 2023 Nov 30.","Fuji S","Br J Haematol","2024","2023/12/01","","","10.1111/bjh.19228"
"39576962","Itacitinib for prevention of graft-versus-host disease and cytokine release syndrome in haploidentical transplantation","Abboud R, Schroeder MA, Rettig MP, Jayasinghe RG, Gao F, Eisele J, Gehrs L, Ritchey J, Choi J, Abboud CN, Pusic I, Jacoby M, Westervelt P, Christopher M, Cashen A, Ghobadi A, Stockerl-Goldstein K, Uy GL, DiPersio JF.","Blood. 2025 Mar 27;145(13):1382-1394. doi: 10.1182/blood.2024026497.","Abboud R","Blood","2025","2024/11/22","PMC12782962","","10.1182/blood.2024026497"
"27071449","How do we choose the best donor for T-cell-replete, HLA-haploidentical transplantation?","Chang YJ, Luznik L, Fuchs EJ, Huang XJ.","J Hematol Oncol. 2016 Apr 12;9:35. doi: 10.1186/s13045-016-0265-2.","Chang YJ","J Hematol Oncol","2016","2016/04/14","PMC4830035","","10.1186/s13045-016-0265-2"
"36734029","Younger haploidentical donor versus older matched unrelated donor for patients with AML/MDS","Marcoux C, Marin D, Ramdial J, AlAtrash G, Alousi AM, Oran B, Kebriaei P, Popat UR, Rezvani K, Champlin RE, Shpall EJ, Mehta RS.","Am J Hematol. 2023 May;98(5):712-719. doi: 10.1002/ajh.26870. Epub 2023 Feb 13.","Marcoux C","Am J Hematol","2023","2023/02/03","PMC13075407","NIHMS2151582","10.1002/ajh.26870"
"37083956","Poor graft function after haploidentical stem cell transplantation with post-transplant cyclophosphamide","Gómez-Centurión I, Martin Rojas RM, Bailén R, Muñoz C, Sabell S, Oarbeascoa G, Fernández-Caldas P, Carbonell D, Gayoso J, Martínez-Laperche C, Buño I, Anguita J, Díez-Martin JL, Kwon M.","Ann Hematol. 2023 Jun;102(6):1561-1567. doi: 10.1007/s00277-023-05206-5. Epub 2023 Apr 21.","Gómez-Centurión I","Ann Hematol","2023","2023/04/21","","","10.1007/s00277-023-05206-5"
"41023427","Single unrelated umbilical cord blood versus unmanipulated haploidentical HCT using PTCy in pediatric AML: a retrospective study on behalf of the EBMT PDWP and CTIWP","Di Majo BE, Abouqateb M, Galimard JE, Dalissier A, Lucchini G, Versluys B, Zubarovskaya L, Mirci-Danicar O, Jubert C, Tewari S, Wynn R, Lawson S, Michel G, Balduzzi A, Hamladji RM, Sirvent A, Al-Ahmari A, Rialland F, Faraci M, Ansari M, Dalle JH, Calvo C, Rocha V, Gluckman E, Kleinschmidt K, Corbacioglu S, Kalwak K, Ruggeri A.","Bone Marrow Transplant. 2025 Dec;60(12):1635-1641. doi: 10.1038/s41409-025-02720-0. Epub 2025 Sep 29.","Di Majo BE","Bone Marrow Transplant","2025","2025/09/30","","","10.1038/s41409-025-02720-0"
"38164945","Outcomes with HLA-matched unrelated donor versus haploidentical hematopoietic cell transplantation","Mushtaq MU, Shahzad M, Amin MK, Lutfi F, DeJarnette S, Al-Ramahi JS, Li K, Ahmed N, Bansal R, Abdelhakim H, Shune L, Abdallah AO, Abhyankar SH, McGuirk JP, Singh AK.","Leuk Lymphoma. 2024 Apr;65(4):493-502. doi: 10.1080/10428194.2023.2300708. Epub 2024 Jan 2.","Mushtaq MU","Leuk Lymphoma","2024","2024/01/02","","","10.1080/10428194.2023.2300708"
"39910175","The impact of individual comorbidities in transplant recipients receiving post-transplant cyclophosphamide","Spyridonidis A, Labopin M, Savani BP, Kulagin A, Blaise D, Broers AEC, Sica S, Raiola AM, Vydra J, Choi G, Rovira M, Kwon M, Sanz J, Itäla-Remes M, von dem Borne P, Esquirol A, Koc Y, Brissot E, Nagler A, Mohty M, Ciceri F.","Bone Marrow Transplant. 2025 Apr;60(4):499-506. doi: 10.1038/s41409-025-02514-4. Epub 2025 Feb 5.","Spyridonidis A","Bone Marrow Transplant","2025","2025/02/05","","","10.1038/s41409-025-02514-4"
"34724567","HLA informs risk predictions after haploidentical stem cell transplantation with posttransplantation cyclophosphamide","Fuchs EJ, McCurdy SR, Solomon SR, Wang T, Herr MM, Modi D, Grunwald MR, Nishihori T, Kuxhausen M, Fingerson S, McKallor C, Bashey A, Kasamon YL, Bolon YT, Saad A, McGuirk J, Paczesny S, Gadalla SM, Marsh SGE, Shaw BE, Spellman SR, Lee SJ, Petersdorf EW.","Blood. 2022 Mar 10;139(10):1452-1468. doi: 10.1182/blood.2021013443.","Fuchs EJ","Blood","2022","2021/11/01","PMC8914182","","10.1182/blood.2021013443"
"38607399","Long-term outcomes after haploidentical stem cell transplantation for hematologic malignancies","Saengboon S, Ciurea S, Popat U, Ramdial J, Bashir Q, Alousi A, Chen J, Rondon G, Olson A, Im J, Hosing C, Shpall E, Champlin R, Srour SA.","Blood Adv. 2024 Jun 25;8(12):3237-3245. doi: 10.1182/bloodadvances.2023010625.","Saengboon S","Blood Adv","2024","2024/04/12","PMC11226960","","10.1182/bloodadvances.2023010625"
"35987912","Comparable survival outcomes with haploidentical stem cell transplantation and cord blood transplantation","Sugita J, Atsuta Y, Nakamae H, Maruyama Y, Ishiyama K, Shiratori S, Fukuda T, Kurata M, Shingai N, Ozawa Y, Masuko M, Nagafuji K, Uchida N, Tanaka M, Onizuka M, Kanda J, Kimura T, Ichinohe T, Teshima T.","Bone Marrow Transplant. 2022 Nov;57(11):1681-1688. doi: 10.1038/s41409-022-01770-y. Epub 2022 Aug 20.","Sugita J","Bone Marrow Transplant","2022","2022/08/20","","","10.1038/s41409-022-01770-y"
"40305657","Impact of posttransplant cyclophosphamide-based GVHD prophylaxis in patients 70 years and older: an update from BMT CTN 1703","Abedin S, Martens MJ, Bolaños-Meade J, Al Malki MM, Lian Q, Runaas L, Elmariah H, Gooptu M, Larkin KT, Shaffer BC, Loren AW, Solh M, Alousi AM, Jamy OH, Perales MA, Rezvani A, Bhatt A, El Jurdi N, Yao JM, Applegate K, Kean LS, Efebera YA, Reshef R, Clark W, Leifer E, Saber W, Horowitz MM, Jones RJ, Holtan SG, Hamadani M.","Blood Adv. 2025 Jul 22;9(14):3495-3501. doi: 10.1182/bloodadvances.2025015964.","Abedin S","Blood Adv","2025","2025/04/30","PMC12274666","","10.1182/bloodadvances.2025015964"
"37408464","Haploidentical donor hematopoietic cell transplantation for myelodysplastic/myeloproliferative overlap neoplasms: results from a North American collaboration","Jain T, Tsai HL, Elmariah H, Vachhani P, Karantanos T, Wall SA, Gondek LP, Bashey A, Keyzner A, Tamari R, Grunwald MR, Abedin S, Nadiminti KV, Iqbal M, Gerds AT, Viswabandya A, McCurdy SR, Al Malki MM, Varadhan R, Ali H, Gupta V, Jones RJ, Otoukesh S.","Haematologica. 2023 Dec 1;108(12):3321-3332. doi: 10.3324/haematol.2023.283426.","Jain T","Haematologica","2023","2023/07/06","PMC10690921","","10.3324/haematol.2023.283426"
"39739412","Optimized GVHD Prevention in HLA-Mismatched Unrelated Allogeneic HCT Using a PTCY-Based Approach","Pinto FR, Suárez-Lledó M, Guardia L, Charry P, Cid J, Lozano M, Pedraza A, de Llobet N, Corrius G, Moreno C, Esteve J, Serra C, Carreras E, Rosiñol L, Fernández-Avilés F, Rovira M, Martinez C, Salas MQ.","Eur J Haematol. 2025 Apr;114(4):650-662. doi: 10.1111/ejh.14378. Epub 2024 Dec 30.","Pinto FR","Eur J Haematol","2025","2024/12/31","","","10.1111/ejh.14378"
"34802049","Tacrolimus initial steady state level in post-transplant cyclophosphamide-based GvHD prophylaxis regimens","Yao JM, Yang D, Clark MC, Otoukesh S, Cao T, Ali H, Arslan S, Aldoss I, Artz A, Amanam I, Salhotra A, Pullarkat V, Sandhu K, Stein A, Marcucci G, Forman SJ, Nakamura R, Al Malki MM.","Bone Marrow Transplant. 2022 Feb;57(2):232-242. doi: 10.1038/s41409-021-01528-y. Epub 2021 Nov 20.","Yao JM","Bone Marrow Transplant","2022","2021/11/21","PMC8825746","NIHMS1756311","10.1038/s41409-021-01528-y"
"38466265","Prognostic factors in haploidentical transplantation with post-transplant cyclophosphamide for acute myeloid leukemia","Shibata S, Arai Y, Kondo T, Mizuno S, Yamasaki S, Akasaka T, Doki N, Ota S, Maruyama Y, Matsuoka KI, Nagafuji K, Eto T, Tanaka T, Ohigashi H, Nakamae H, Onizuka M, Fukuda T, Atsuta Y, Yanada M.","Cytotherapy. 2024 Jun;26(6):592-598. doi: 10.1016/j.jcyt.2024.02.010. Epub 2024 Feb 23.","Shibata S","Cytotherapy","2024","2024/03/11","","","10.1016/j.jcyt.2024.02.010"
"40071498","Impact of Donor Age and Donor Cytomegalovirus Serostatus on Outcomes After Related Donor Allogeneic Hematopoietic Stem Cell Transplantation","Mehta RS, Choe H, Saultz J, Gong Z, Sharma P, Al-Juhaishi T, Petitto GS, Lazaryan A, Singh A, Xue E, Dimitrova D, Hyder M, McCurdy S, Im A, Huber B, Aljawai YM, Kanakry J, Milano F, Kanakry CG.","Am J Hematol. 2025 Jun;100(6):987-997. doi: 10.1002/ajh.27662. Epub 2025 Mar 12.","Mehta RS","Am J Hematol","2025","2025/03/12","PMC13050464","NIHMS2156977","10.1002/ajh.27662"
"41043776","Post-Transplant Cyclophosphamide Improves Survival in HLA-DPB1 Mismatched Unrelated Donor Allogeneic Transplantation","McCurdy SR, Solomon SR, Shaffer BC, He M, Bolon YT, Blouin AG, Keyzner A, Socola FA, Ibrahim U, Zou J, Safah H, Saba N, Gadalla S, Perales MA, Paczesny S, Marsh SGE, Petersdorf EW, Wang T, Lee SJ, Fuchs EJ.","Transplant Cell Ther. 2026 Jan;32(1):74.e1-74.e14. doi: 10.1016/j.jtct.2025.09.048. Epub 2025 Oct 1.","McCurdy SR","Transplant Cell Ther","2026","2025/10/03","PMC12767214","NIHMS2125502","10.1016/j.jtct.2025.09.048"
"39948727","Impact of HLA Epitope Matching on Outcomes in Haploidentical HSCT With Distinct GVHD Prophylaxes","Iwasaki M, Kanda J, Tanaka H, Ikegame K, Shindo T, Kawase T, Yoshihara S, Doki N, Nakamae H, Eto T, Tanaka T, Ara T, Hiramoto N, Kondo Y, Matsuoka KI, Ando T, Shono K, Nagafuji K, Fukuda T, Ichinohe T, Atsuta Y, Murata M, Morishima S.","Transplantation. 2025 Jul 1;109(7):1241-1250. doi: 10.1097/TP.0000000000005347. Epub 2025 Feb 14.","Iwasaki M","Transplantation","2025","2025/02/14","","","10.1097/TP.0000000000005347"
"21495931","Clinical management of aplastic anemia","Dezern AE, Brodsky RA.","Expert Rev Hematol. 2011 Apr;4(2):221-30. doi: 10.1586/ehm.11.11.","Dezern AE","Expert Rev Hematol","2011","2011/04/19","PMC3138728","NIHMS301690","10.1586/ehm.11.11"
"35577323","PTCY and Tacrolimus for GVHD Prevention for Older Adults Undergoing HLA-Matched Sibling and Unrelated Donor AlloHCT","Salas MQ, Charry P, Pedraza A, Martínez-Cibrian N, Solano MT, Domènech A, Suárez-Lledó M, Nomdedeu M, Cid J, Lozano M, de-LLobet N, Arcarons J, Rosiñol L, Gutiérrez-García G, Carreras E, Esteve J, Urbano-Ispizua Á, Fernández-Avilés F, Rovira M, Martínez C.","Transplant Cell Ther. 2022 Aug;28(8):489.e1-489.e9. doi: 10.1016/j.jtct.2022.05.009. Epub 2022 May 14.","Salas MQ","Transplant Cell Ther","2022","2022/05/16","","","10.1016/j.jtct.2022.05.009"
"35853610","Characteristics of Graft-Versus-Host Disease (GvHD) After Post-Transplantation Cyclophosphamide Versus Conventional GvHD Prophylaxis","Saliba RM, Alousi AM, Pidala J, Arora M, Spellman SR, Hemmer MT, Wang T, Abboud C, Ahmed S, Antin JH, Beitinjaneh A, Buchbinder D, Byrne M, Cahn JY, Choe H, Hanna R, Hematti P, Kamble RT, Kitko CL, Laughlin M, Lekakis L, MacMillan ML, Martino R, Mehta PA, Nishihori T, Patel SS, Perales MA, Rangarajan HG, Ringdén O, Rosenthal J, Savani BN, Schultz KR, Seo S, Teshima T, van der Poel M, Verdonck LF, Weisdorf D, Wirk B, Yared JA, Schriber J, Champlin RE, Ciurea SO.","Transplant Cell Ther. 2022 Oct;28(10):681-693. doi: 10.1016/j.jtct.2022.07.013. Epub 2022 Jul 16.","Saliba RM","Transplant Cell Ther","2022","2022/07/19","PMC10141544","NIHMS1833576","10.1016/j.jtct.2022.07.013"
"40974838","Post-transplant cyclophosphamide for graft-versus-host disease prophylaxis: current status and optimization strategies","Fuji S, Ohmoto A.","Curr Opin Immunol. 2025 Dec;97:102662. doi: 10.1016/j.coi.2025.102662. Epub 2025 Sep 19.","Fuji S","Curr Opin Immunol","2025","2025/09/20","","","10.1016/j.coi.2025.102662"
"36435691","Haploidentical bone marrow transplants with post transplant cyclophosphamide on day + 3 + 5: The Genova protocol","Raiola AM, Angelucci E, Sica S, Bacigalupo A.","Blood Rev. 2023 Nov;62:101031. doi: 10.1016/j.blre.2022.101031. Epub 2022 Nov 11.","Raiola AM","Blood Rev","2023","2022/11/26","","","10.1016/j.blre.2022.101031"
"23206845","Post-transplantation cyclophosphamide for tolerance induction in HLA-haploidentical bone marrow transplantation","Luznik L, O'Donnell PV, Fuchs EJ.","Semin Oncol. 2012 Dec;39(6):683-93. doi: 10.1053/j.seminoncol.2012.09.005.","Luznik L","Semin Oncol","2012","2012/12/05","PMC3808078","NIHMS470479","10.1053/j.seminoncol.2012.09.005"
"38646695","Immune reconstitution in children after haploidentical haematopoietic stem cell transplantation","Apasuthirat S, Apiwattanakul N, Anurathapan U, Thokanit NS, Paisooksantivatana K, Pasomsub E, Hongeng S, Pakakasama S.","Int J Lab Hematol. 2024 Oct;46(5):850-861. doi: 10.1111/ijlh.14290. Epub 2024 Apr 22.","Apasuthirat S","Int J Lab Hematol","2024","2024/04/22","","","10.1111/ijlh.14290"
"37234156","Low-dose post-transplant cyclophosphamide with G-CSF/ATG based haploidentical protocol provides favorable outcomes for SAA patients","Ma X, Xu Z, Han T, Zhang Y, Han W, Fu H, Zhang X, Lin F, Huang X, Xu L.","Front Immunol. 2023 May 10;14:1173320. doi: 10.3389/fimmu.2023.1173320. eCollection 2023.","Ma X","Front Immunol","2023","2023/05/26","PMC10206175","","10.3389/fimmu.2023.1173320"
"28978857","[HLA-haploidentical transplantation with post-transplant cyclophosphamide]","Sugita J.","Rinsho Ketsueki. 2017;58(10):2124-2134. doi: 10.11406/rinketsu.58.2124.","Sugita J","Rinsho Ketsueki","2017","2017/10/06","","","10.11406/rinketsu.58.2124"
"22954723","Human leukocyte antigen-haploidentical stem cell transplantation using T-cell-replete bone marrow grafts","Fuchs EJ.","Curr Opin Hematol. 2012 Nov;19(6):440-7. doi: 10.1097/MOH.0b013e32835822dc.","Fuchs EJ","Curr Opin Hematol","2012","2012/09/08","","","10.1097/MOH.0b013e32835822dc"
"34087452","Posttransplantation Cyclophosphamide- and Sirolimus-Based Graft-Versus-Host-Disease Prophylaxis in Allogeneic Stem Cell Transplant","Greco R, Lorentino F, Albanese S, Lupo Stanghellini MT, Giglio F, Piemontese S, Clerici D, Lazzari L, Marcatti M, Mastaglio S, Xue E, Farina F, Pavesi F, Assanelli A, Carrabba MG, Marktel S, Vago L, Bonini C, Corti C, Bernardi M, Ciceri F, Peccatori J.","Transplant Cell Ther. 2021 Sep;27(9):776.e1-776.e13. doi: 10.1016/j.jtct.2021.05.023. Epub 2021 Jun 1.","Greco R","Transplant Cell Ther","2021","2021/06/04","","","10.1016/j.jtct.2021.05.023"
"37020562","Time series clustering of T cell subsets dissects heterogeneity in immune reconstitution and clinical outcomes among MUD-HCT patients receiving ATG or PTCy","Leserer S, Graf T, Franke M, Bogdanov R, Arrieta-Bolaños E, Buttkereit U, Leimkühler N, Fleischhauer K, Reinhardt HC, Beelen DW, Turki AT.","Front Immunol. 2023 Mar 20;14:1082727. doi: 10.3389/fimmu.2023.1082727. eCollection 2023.","Leserer S","Front Immunol","2023","2023/04/06","PMC10067907","","10.3389/fimmu.2023.1082727"
"29359846","Progressive multifocal leukoencephalopathy after T-cell replete HLA-haploidentical transplantation with post-transplantation cyclophosphamide graft-versus-host disease prophylaxis","Ikegawa S, Fujii N, Tadokoro K, Sato K, Iwamoto M, Matsuda M, Inomata T, Sugiura H, Asano T, Yoshida S, Nishimori H, Matsuoka KI, Maeda Y.","Transpl Infect Dis. 2018 Apr;20(2):e12850. doi: 10.1111/tid.12850. Epub 2018 Mar 1.","Ikegawa S","Transpl Infect Dis","2018","2018/01/24","","","10.1111/tid.12850"
"29353109","Shortened-Duration Tacrolimus after Nonmyeloablative, HLA-Haploidentical Bone Marrow Transplantation","Kasamon YL, Fuchs EJ, Zahurak M, Rosner GL, Symons HJ, Gladstone DE, Huff CA, Swinnen LJ, Brodsky RA, Matsui WH, Borrello I, Shanbhag S, Cooke KR, Ambinder RF, Luznik L, Bolaños-Meade J, Jones RJ.","Biol Blood Marrow Transplant. 2018 May;24(5):1022-1028. doi: 10.1016/j.bbmt.2018.01.011. Epub 2018 Jan 17.","Kasamon YL","Biol Blood Marrow Transplant","2018","2018/01/22","PMC5977987","NIHMS969487","10.1016/j.bbmt.2018.01.011"
"40016513","Melphalan-based conditioning with post-transplant cyclophosphamide for peripheral blood stem cell transplantation: donor effect","Koller PB, Othman T, Yang D, Mokhtari S, Samara Y, Blackmon A, Agrawal V, Pourhassan H, Ball BJ, Amanam I, Arslan S, Otoukesh S, Sandhu KS, Aldoss I, Ali H, Salhotra A, Aribi A, Artz A, Becker PS, Pullarkat V, Stewart FM, Smith EP, Stein A, Marcucci G, Forman SJ, Nakamura R, Al Malki MM.","Bone Marrow Transplant. 2025 May;60(5):625-631. doi: 10.1038/s41409-025-02523-3. Epub 2025 Feb 27.","Koller PB","Bone Marrow Transplant","2025","2025/02/27","PMC12061766","","10.1038/s41409-025-02523-3"
"35990618","Modified combination of anti-thymocyte globulin (ATG) and post-transplant cyclophosphamide (PTCy) as compared with standard ATG protocol in haploidentical peripheral blood stem cell transplantation for acute leukemia","Barkhordar M, Kasaeian A, Janbabai G, Kamranzadeh Fumani H, Tavakoli S, Rashidi AA, Mousavi SA, Ghavamzadeh A, Vaezi M.","Front Immunol. 2022 Aug 5;13:921293. doi: 10.3389/fimmu.2022.921293. eCollection 2022.","Barkhordar M","Front Immunol","2022","2022/08/22","PMC9388846","","10.3389/fimmu.2022.921293"
"35843087","Outcomes of haploidentical peripheral stem cell transplantation with combination of post-transplant cyclophosphamide (PTCy) and anti-thymocyte globulin (ATG) compared to unrelated donor transplantation in acute myeloid leukemia: A retrospective 10-year experience","Barkhordar M, Kasaeian A, Janbabai G, Mousavi SA, Fumani HK, Tavakoli S, Bahri T, Ghavamzadeh A, Vaezi M.","Leuk Res. 2022 Sep;120:106918. doi: 10.1016/j.leukres.2022.106918. Epub 2022 Jul 12.","Barkhordar M","Leuk Res","2022","2022/07/17","","","10.1016/j.leukres.2022.106918"
"40987398","Expression of HLA-B*35 is Associated With an Increased Risk of CMV Viremia and Clinically Significant CMV Infection following PTCy-Based Hematopoietic Cell Transplantation","Little JS, Hebert KM, Neuberg DS, Nikiforow S, Gooptu M, Shapiro RM, Koreth J, Antin JH, Cutler C, Soiffer RJ, Ritz J, Romee R, Ho VT, Issa NC, Baden LR, Duléry R, Prockop SE.","Transplant Cell Ther. 2026 Jan;32(1):98.e1-98.e11. doi: 10.1016/j.jtct.2025.09.029. Epub 2025 Sep 21.","Little JS","Transplant Cell Ther","2026","2025/09/23","","","10.1016/j.jtct.2025.09.029"
"32224144","Haploidentical stem cell transplant with post-transplantation cyclophosphamide and mini-dose methotrexate in children","Medina D, Estacio M, Rosales M, Manzi E.","Hematol Oncol Stem Cell Ther. 2020 Dec;13(4):208-213. doi: 10.1016/j.hemonc.2020.01.003. Epub 2020 Mar 20.","Medina D","Hematol Oncol Stem Cell Ther","2020","2020/04/01","","","10.1016/j.hemonc.2020.01.003"
"40051639","Impact of hyperhydration on fluid overload and hematopoietic cell transplant after post-transplant cyclophosphamide-based graft-versus-host-disease prophylaxis","Samuels DT, Yao JM, Samara Y, Yang D, Mokhtari S, Tiemann K, Otoukesh S, Arslan S, Pourhassan H, Wu S, Blackmon A, Agrawal V, Amanam I, Ali H, Salhotra A, Aldoss I, Ball B, Koller P, Aribi A, Sandhu K, Pullarkat V, Artz A, Smith E, Stewart F, Becker P, Stein A, Marcucci G, Forman SJ, Nakamura R, Al Malki MM.","Front Immunol. 2025 Feb 20;16:1543099. doi: 10.3389/fimmu.2025.1543099. eCollection 2025.","Samuels DT","Front Immunol","2025","2025/03/07","PMC11882550","","10.3389/fimmu.2025.1543099"
"33496734","Impaired T- and NK-cell reconstitution after haploidentical HCT with posttransplant cyclophosphamide","Rambaldi B, Kim HT, Reynolds C, Chamling Rai S, Arihara Y, Kubo T, Buon L, Gooptu M, Koreth J, Cutler C, Nikiforow S, Ho VT, Alyea EP, Antin JH, Wu CJ, Soiffer RJ, Ritz J, Romee R.","Blood Adv. 2021 Jan 26;5(2):352-364. doi: 10.1182/bloodadvances.2020003005.","Rambaldi B","Blood Adv","2021","2021/01/26","PMC7839379","","10.1182/bloodadvances.2020003005"
"40697075","Standard Versus Reduced-Doses of Post-Transplant Cyclophosphamide in HLA Matched (10/10) Peripheral Blood Stem Cell Transplantation","Redondo S, García-Cadenas I, Esquirol A, Iranzo E, Arguello-Tomas M, Saavedra S, Oñate G, Caballero AC, Garrido A, López J, Muntañola A, Paviglianiti A, Portos JM, Moreno-Martinez ME, Riba M, Sierra J, Briones J, Martino R.","Eur J Haematol. 2025 Oct;115(4):413-422. doi: 10.1111/ejh.70010. Epub 2025 Jul 23.","Redondo S","Eur J Haematol","2025","2025/07/23","","","10.1111/ejh.70010"
"34657151","Signatures of GVHD and relapse after posttransplant cyclophosphamide revealed by immune profiling and machine learning","McCurdy SR, Radojcic V, Tsai HL, Vulic A, Thompson E, Ivcevic S, Kanakry CG, Powell JD, Lohman B, Adom D, Paczesny S, Cooke KR, Jones RJ, Varadhan R, Symons HJ, Luznik L.","Blood. 2022 Jan 27;139(4):608-623. doi: 10.1182/blood.2021013054.","McCurdy SR","Blood","2022","2021/10/17","PMC8796655","","10.1182/blood.2021013054"
"35513252","Haploidentical versus Matched Unrelated versus Matched Sibling Donor Hematopoietic Cell Transplantation with Post-Transplantation Cyclophosphamide","Mehta RS, Saliba RM, Ghanem S, Alousi AM, Rondon G, Anderlini P, Al-Atrash G, Bashir Q, Hosing CM, Im JS, Kebriaei P, Khouri I, Marin D, Nieto Y, Olson A, Oran B, Popat UR, Qazilbash MH, Ramdial J, Saini N, Srour SA, Champlin RE, Rezvani K, Shpall EJ.","Transplant Cell Ther. 2022 Jul;28(7):395.e1-395.e11. doi: 10.1016/j.jtct.2022.04.020. Epub 2022 May 2.","Mehta RS","Transplant Cell Ther","2022","2022/05/05","PMC10152475","NIHMS1884638","10.1016/j.jtct.2022.04.020"
"39847115","Post-transplant cyclophosphamide versus anti-thymocyte globulin in haploidentical stem cell transplantation: a systematic review and meta-analysis","Jin X, Yang Y, Chen X.","Ann Hematol. 2025 Mar;104(3):1317-1328. doi: 10.1007/s00277-025-06199-z. Epub 2025 Jan 23.","Jin X","Ann Hematol","2025","2025/01/23","PMC12031761","","10.1007/s00277-025-06199-z"
"24462984","BK virus disease after allogeneic stem cell transplantation: a cohort analysis","Rorije NM, Shea MM, Satyanarayana G, Hammond SP, Ho VT, Baden LR, Antin JH, Soiffer RJ, Marty FM.","Biol Blood Marrow Transplant. 2014 Apr;20(4):564-70. doi: 10.1016/j.bbmt.2014.01.014. Epub 2014 Jan 22.","Rorije NM","Biol Blood Marrow Transplant","2014","2014/01/28","","","10.1016/j.bbmt.2014.01.014"
"36585459","Reduced post-transplant cyclophosphamide doses in haploidentical hematopoietic cell transplantation for elderly patients with hematological malignancies","Duléry R, Goudet C, Mannina D, Bianchessi A, Granata A, Harbi S, Maisano V, Chabannon C, Malard F, Brissot E, Sestili S, Banet A, Van de Wyngaert Z, Belhocine R, Ederhy S, Castagna L, Bramanti S, Blaise D, Mohty M, Fürst S, Devillier R.","Bone Marrow Transplant. 2023 Apr;58(4):386-392. doi: 10.1038/s41409-022-01908-y. Epub 2022 Dec 30.","Duléry R","Bone Marrow Transplant","2023","2022/12/30","","","10.1038/s41409-022-01908-y"
"31822813","Incorporating posttransplant cyclophosphamide-based prophylaxis as standard-of-care outside the haploidentical setting: challenges and review of the literature","García-Cadenas I, Awol R, Esquirol A, Saavedra S, Bosch-Vilaseca A, Novelli S, Garrido A, López J, Granell M, Moreno C, Briones J, Brunet S, Sierra J, Martino R.","Bone Marrow Transplant. 2020 Jun;55(6):1041-1049. doi: 10.1038/s41409-019-0771-2. Epub 2019 Dec 10.","García-Cadenas I","Bone Marrow Transplant","2020","2019/12/12","","","10.1038/s41409-019-0771-2"
"41115630","Modifying Post-Transplant Cyclophosphamide Platform to Improve Safety in HLA-Matched Allogeneic HCT: A Reduced Dose Plus Adjunctive Strategies","Pinto FR, Salas MQ, Suárez-Lledó M, Pedraza A, Charry P, de Moner B, Martínez-Sánchez J, Carcelero E, Guardia L, Cascos E, Cid J, Lozano M, Esteve J, Carreras E, Díaz-Ricart M, Rosiñol L, Fernández-Avilés F, Rovira M, Martínez C.","Transplant Cell Ther. 2026 Mar;32(3):298.e1-298.e13. doi: 10.1016/j.jtct.2025.10.020. Epub 2025 Oct 20.","Pinto FR","Transplant Cell Ther","2026","2025/10/20","","","10.1016/j.jtct.2025.10.020"
"31586477","Optimized Timing of Post-Transplantation Cyclophosphamide in MHC-Haploidentical Murine Hematopoietic Cell Transplantation","Wachsmuth LP, Patterson MT, Eckhaus MA, Venzon DJ, Kanakry CG.","Biol Blood Marrow Transplant. 2020 Feb;26(2):230-241. doi: 10.1016/j.bbmt.2019.09.030. Epub 2019 Oct 2.","Wachsmuth LP","Biol Blood Marrow Transplant","2020","2019/10/06","PMC7590501","NIHMS1544787","10.1016/j.bbmt.2019.09.030"
"31492679","Haploidentical transplantation using posttransplant cyclophosphamide as GVHD prophylaxis in patients over age 70","Imus PH, Tsai HL, Luznik L, Fuchs EJ, Huff CA, Gladstone DE, Lowery P, Ambinder RF, Borrello IM, Swinnen LJ, Wagner-Johnston N, Gocke CB, Ali SA, Bolaños-Meade FJ, Varadhan R, Jones RJ.","Blood Adv. 2019 Sep 10;3(17):2608-2616. doi: 10.1182/bloodadvances.2019000155.","Imus PH","Blood Adv","2019","2019/09/08","PMC6737415","","10.1182/bloodadvances.2019000155"
"36097040","Comparable survival outcomes with haploidentical stem cell transplantation and unrelated bone marrow transplantation","Atsuta Y, Sugita J, Nakamae H, Maruyama Y, Ishiyama K, Shiratori S, Fukuda T, Kurata M, Shingai N, Ozawa Y, Masuko M, Nagafuji K, Takada S, Kako S, Kanda Y, Kanda J, Ichinohe T, Teshima T.","Bone Marrow Transplant. 2022 Dec;57(12):1781-1787. doi: 10.1038/s41409-022-01822-3. Epub 2022 Sep 12.","Atsuta Y","Bone Marrow Transplant","2022","2022/09/12","","","10.1038/s41409-022-01822-3"
"35986105","Outcomes of two-step haploidentical allogeneic stem cell transplantation in elderly patients with hematologic malignancies","Bi X, Gergis U, Wagner JL, Carabasi M, Filicko-O'Hara J, O'Hara W, Klumpp T, Porcu P, Flomenberg N, Grosso D.","Bone Marrow Transplant. 2022 Nov;57(11):1671-1680. doi: 10.1038/s41409-022-01780-w. Epub 2022 Aug 19.","Bi X","Bone Marrow Transplant","2022","2022/08/19","PMC9388981","","10.1038/s41409-022-01780-w"
"35838754","Total marrow and lymphoid irradiation as conditioning in haploidentical transplant with posttransplant cyclophosphamide","Al Malki MM, Palmer J, Tsai NC, Mokhtari S, Hui S, Tsai W, Aldoss I, Ali H, Aribi A, Cao T, Mei M, Sandhu KS, Siddiqi T, Forman SJ, Nakamura R, Marcucci G, Stein A, Wong JYC, Rosenthal J.","Blood Adv. 2022 Jul 26;6(14):4098-4106. doi: 10.1182/bloodadvances.2022007264.","Al Malki MM","Blood Adv","2022","2022/07/15","PMC9327543","","10.1182/bloodadvances.2022007264"
"36089250","Bacterial Bloodstream Infections in Patients Undergoing Allogeneic Hematopoietic Cell Transplantation With Post-Transplantation Cyclophosphamide","Salas MQ, Charry P, Puerta-Alcalde P, Martínez-Cibrian N, Solano MT, Serrahima A, Nomdedeu M, Cid J, Lozano M, Chumbinta M, Aiello TF, Arcarons J, LLobet N, Pedraza A, Rosiñol L, Esteve J, Urbano-Ispizua Á, Carreras E, Martínez C, Fernández-Avilés F, García-Vidal C, Suárez-Lledó M, Rovira M.","Transplant Cell Ther. 2022 Dec;28(12):850.e1-850.e10. doi: 10.1016/j.jtct.2022.09.001. Epub 2022 Sep 9.","Salas MQ","Transplant Cell Ther","2022","2022/09/11","","","10.1016/j.jtct.2022.09.001"
"41324241","New Insights Into Factors Shaping CMV-Specific T-Cell Polyfunctionality After Hematopoietic Cell Transplantation","Sadowska-Klasa A, Lim FY, Xie H, Zamora D, Stevens-Ayers T, Leisenring WM, Edmison BC, De Rosa SC, Mielcarek M, Boeckh M.","Am J Hematol. 2026 Feb;101(2):255-268. doi: 10.1002/ajh.70152. Epub 2025 Dec 1.","Sadowska-Klasa A","Am J Hematol","2026","2025/12/01","PMC12766359","","10.1002/ajh.70152"
"36461028","Post-transplant cyclophosphamide for GVHD prophylaxis in pediatrics with chronic active Epstein-Barr virus infection after haplo-HSCT","Luo R, Zhang X, Wang Y, Man Q, Gu W, Tian Z, Wang J.","Orphanet J Rare Dis. 2022 Dec 2;17(1):422. doi: 10.1186/s13023-022-02585-2.","Luo R","Orphanet J Rare Dis","2022","2022/12/02","PMC9716678","","10.1186/s13023-022-02585-2"
"28092347","Haploidentical transplantation with post-infusion cyclophosphamide in advanced Hodgkin lymphoma","Castagna L, Bramanti S, Devillier R, Sarina B, Crocchiolo R, Furst S, El-Cheikh J, Granata A, Faucher C, Harbi S, Morabito L, Mariotti J, Puvinathan S, Weiller PJ, Chabannon C, Mokart D, Carlo-Stella C, Bouabdallah R, Santoro A, Blaise D.","Bone Marrow Transplant. 2017 May;52(5):683-688. doi: 10.1038/bmt.2016.348. Epub 2017 Jan 16.","Castagna L","Bone Marrow Transplant","2017","2017/01/17","","","10.1038/bmt.2016.348"
"32004700","Infections after Allogenic Transplant with Post-Transplant Cyclophosphamide: Impact of Donor HLA Matching","Oltolini C, Greco R, Galli L, Clerici D, Lorentino F, Xue E, Lupo Stanghellini MT, Giglio F, Uhr L, Ripa M, Scarpellini P, Bernardi M, Corti C, Peccatori J, Castagna A, Ciceri F.","Biol Blood Marrow Transplant. 2020 Jun;26(6):1179-1188. doi: 10.1016/j.bbmt.2020.01.013. Epub 2020 Jan 28.","Oltolini C","Biol Blood Marrow Transplant","2020","2020/02/01","","","10.1016/j.bbmt.2020.01.013"
"40247107","GVHD prophylaxis in matched related stem cell transplantation: Why post-transplant cyclophosphamide can be recommended a study by the EBMT transplant complications working party","Penack O, Abouqateb M, Peczynski C, Boreland W, Benakli M, Kröger N, Blau IW, Blaise D, Sanz J, Eder M, Ozdogu H, Schneidawind D, Broers AEC, Wulf GG, Mussetti A, Moiseev I, Graham C, Schoemans H, Peric Z.","Leukemia. 2025 Jun;39(6):1503-1511. doi: 10.1038/s41375-025-02619-1. Epub 2025 Apr 17.","Penack O","Leukemia","2025","2025/04/17","PMC12133576","","10.1038/s41375-025-02619-1"
"36823454","Allogeneic stem cell transplantation for patients with acute myeloid leukemia (AML) in second complete remission (CR2) transplanted from unrelated donors with post-transplant cyclophosphamide (PTCy). A study on behalf of the Acute Leukemia Working Party of the European Society for Blood and Marrow Transplantation","Nagler A, Labopin M, Swoboda R, Kulagin A, Labussière-Wallet H, Rovira M, Blaise D, Vydra J, Yakoub-Agha I, Choi G, Reményi P, Koc Y, Sanz J, Ciceri F, Mohty M.","Bone Marrow Transplant. 2023 May;58(5):552-557. doi: 10.1038/s41409-023-01940-6. Epub 2023 Feb 23.","Nagler A","Bone Marrow Transplant","2023","2023/02/24","","","10.1038/s41409-023-01940-6"
"41660619","Prognostic value of liver stiffness measurement for complications after allogeneic transplant with post-transplant cyclophosphamide","Bailén R, Fernández-Villalobos M, Alonso S, Gómez-Centurión I, Fernández-Caldas P, Castilla L, Llácer MJ, Ahumada A, Iniesta C, Rincón D, Muñoz C, Sabell S, Carbonell D, Anguita J, García-Sanz R, Bañares R, Kwon M.","Front Immunol. 2026 Jan 23;16:1699219. doi: 10.3389/fimmu.2025.1699219. eCollection 2025.","Bailén R","Front Immunol","2026","2026/02/09","PMC12875988","","10.3389/fimmu.2025.1699219"
"37468541","Dynamics of polyclonal immuno-reconstitution after allogeneic transplant with post-transplant cyclophosphamide and letermovir","Orofino G, Xue E, Doglio M, Noviello M, Tassi E, Cristante M, Acerbis A, Clerici D, Farina F, Campodonico E, Bruno A, Piemontese S, Mastaglio S, Diral E, Milani R, Ruggeri A, Corti C, Vago L, Bonini C, Peccatori J, Ciceri F, Lupo Stanghellini MT, Greco R.","Bone Marrow Transplant. 2023 Oct;58(10):1104-1111. doi: 10.1038/s41409-023-02046-9. Epub 2023 Jul 19.","Orofino G","Bone Marrow Transplant","2023","2023/07/19","","","10.1038/s41409-023-02046-9"
"37906513","Patterns of CMV infection after letermovir withdrawal in recipients of posttransplant cyclophosphamide-based transplant","Lin A, Brown S, Chinapen S, Lee YJ, Seo SK, Ponce DM, Shahid Z, Giralt S, Papanicolaou GA, Perales MA, Shaffer BC.","Blood Adv. 2023 Dec 12;7(23):7153-7160. doi: 10.1182/bloodadvances.2023010966.","Lin A","Blood Adv","2023","2023/10/31","PMC10698256","","10.1182/bloodadvances.2023010966"
"32855443","Haploidentical stem cell transplantation with post-transplant cyclophosphamide for osteopetrosis and other nonmalignant diseases","Even-Or E, NaserEddin A, Dinur Schejter Y, Shadur B, Zaidman I, Stepensky P.","Bone Marrow Transplant. 2021 Feb;56(2):434-441. doi: 10.1038/s41409-020-01040-9. Epub 2020 Aug 27.","Even-Or E","Bone Marrow Transplant","2021","2020/08/29","PMC7450679","","10.1038/s41409-020-01040-9"
"26860634","Alternative-Donor Hematopoietic Stem Cell Transplantation with Post-Transplantation Cyclophosphamide for Nonmalignant Disorders","Klein OR, Chen AR, Gamper C, Loeb D, Zambidis E, Llosa N, Huo J, Dezern AE, Steppan D, Robey N, Holuba MJ, Cooke KR, Symons HJ.","Biol Blood Marrow Transplant. 2016 May;22(5):895-901. doi: 10.1016/j.bbmt.2016.02.001. Epub 2016 Feb 6.","Klein OR","Biol Blood Marrow Transplant","2016","2016/02/11","PMC4898048","NIHMS789923","10.1016/j.bbmt.2016.02.001"
"38469307","Reduced toxicity matched sibling bone marrow transplant results in excellent outcomes for severe congenital neutropenia","Oved JH, Gibson NM, Venella K, Elgarten CW, Wray L, Warren JT, Olson TS.","Front Immunol. 2024 Feb 26;15:1369243. doi: 10.3389/fimmu.2024.1369243. eCollection 2024.","Oved JH","Front Immunol","2024","2024/03/12","PMC10925630","","10.3389/fimmu.2024.1369243"
"36286728","[Allogeneic hematopoietic stem cell transplantation in patients with multiple myeloma]","Firsova MV, Mendeleeva LP, Parovichnikova EN, Solovev MV, Kuzmina LA, Risinskaya NV, Abramova TV, Galtseva IV, Savchenko VG.","Ter Arkh. 2021 Jul 23;93(7):778-784. doi: 10.26442/00403660.2021.07.200929.","Firsova MV","Ter Arkh","2021","2022/10/26","","","10.26442/00403660.2021.07.200929"
"36630564","Haploidentical vs matched unrelated donors for patients with ALL: donor age matters more than donor type","Mehta RS, Marin D, Alousi A, Kanakry CG, Champlin RE, Rezvani K, Shpall EJ, Page K, Gadalla SM, Weisdorf D, Kebriaei P.","Blood Adv. 2023 Apr 25;7(8):1594-1603. doi: 10.1182/bloodadvances.2022009240.","Mehta RS","Blood Adv","2023","2023/01/11","PMC10139863","","10.1182/bloodadvances.2022009240"
"40360760","Addition of mycophenolate mofetil to a calcineurin inhibitor and post-transplant cyclophosphamide results in lower incidence of extensive chronic graft-versus-host disease in HLA-matched allogeneic hematopoietic stem cell transplantation for acute myeloid leukemia in complete remission: a matched-pair analysis on behalf of the Acute Leukemia Working Party of the EBMT","Battipaglia G, Labopin M, Kulagin A, Versluis J, Choi G, Meijer E, Rovira M, van Gorkom G, Kwon M, Koc Y, Vydra J, Chiusolo P, Patel A, Piemontese S, Sanz J, Ruggeri A, Nagler A, Ciceri F, Mohty M.","Bone Marrow Transplant. 2025 Aug;60(8):1146-1151. doi: 10.1038/s41409-025-02610-5. Epub 2025 May 13.","Battipaglia G","Bone Marrow Transplant","2025","2025/05/13","","","10.1038/s41409-025-02610-5"
"35135951","[HLA-mismatched bone marrow transplantation with post-transplant cyclophosphamide for pediatric patients with aplastic anemia]","Okamoto K, Osone S, Matsuura A, Asazuma M, Matsuoka T, Kanayama T, Imamura T, Hosoi H.","Rinsho Ketsueki. 2022;63(1):45-50. doi: 10.11406/rinketsu.63.45.","Okamoto K","Rinsho Ketsueki","2022","2022/02/09","","","10.11406/rinketsu.63.45"
"31386903","Haploidentical Transplantation with Post-Transplant Cyclophosphamide versus Unrelated Donor Hematopoietic Stem Cell Transplantation: A Systematic Review and Meta-Analysis","Arcuri LJ, Aguiar MTM, Ribeiro AAF, Pacheco AGF.","Biol Blood Marrow Transplant. 2019 Dec;25(12):2422-2430. doi: 10.1016/j.bbmt.2019.07.028. Epub 2019 Aug 3.","Arcuri LJ","Biol Blood Marrow Transplant","2019","2019/08/07","","","10.1016/j.bbmt.2019.07.028"
"38914883","Post-transplant cyclophosphamide compared to sirolimus/tacrolimus in reduced intensity conditioning transplants for patients with lymphoid malignancies","Fox ML, García-Cadenas I, Navarro V, Martínez AP, Kara M, Bazán IS, Ferra Coll C, Bailén R, Bento L, Parody R, Esquirol A, Ortí G, Mussetti A, Salamero O, Martino R, González AP, Barba P, Kwon M, Solano C, Bosch F, Valcárcel D; Spanish Hematopoietic Stem Cell Transplantation and Cell Therapy Group (GETH-TC).","Bone Marrow Transplant. 2024 Oct;59(10):1369-1375. doi: 10.1038/s41409-024-02322-2. Epub 2024 Jun 24.","Fox ML","Bone Marrow Transplant","2024","2024/06/24","","","10.1038/s41409-024-02322-2"
"40379049","Role of Donor Cytomegalovirus Serostatus in Cytomegalovirus-Seronegative Recipients of Unrelated Donor Hematopoietic Cell Transplantation with Post-Transplant Cyclophosphamide Prophylaxis","Mehta RS, Aljawai YM, Al-Juhaishi T, Saultz J, Milano F, Kanakry JA, Kanakry CG, Lazaryan A.","Transplant Cell Ther. 2025 Sep;31(9):672.e1-672.e9. doi: 10.1016/j.jtct.2025.05.005. Epub 2025 May 14.","Mehta RS","Transplant Cell Ther","2025","2025/05/16","PMC13051516","NIHMS2156960","10.1016/j.jtct.2025.05.005"
"38314663","Eltrombopag improves platelet engraftment after haploidentical bone marrow transplantation: Results of a Phase II study","Ahmed S, Bashir Q, Bassett RL Jr, Ullah F, Aung F, Valdez BC, Alousi AM, Hosing C, Kebriaei P, Khouri I, Marin D, Nieto Y, Olson A, Oran B, Qazilbash MH, Rezvani K, Mehta R, Shpall EJ, Ciurea S, Andersson BS, Champlin RE, Popat UR.","Am J Hematol. 2024 Apr;99(4):562-569. doi: 10.1002/ajh.27233. Epub 2024 Feb 5.","Ahmed S","Am J Hematol","2024","2024/02/05","PMC10947843","NIHMS1964523","10.1002/ajh.27233"
"36587740","Allogeneic Blood or Marrow Transplantation with High-Dose Post-Transplantation Cyclophosphamide for Acute Lymphoblastic Leukemia in Patients Age ≥55 Years","Webster JA, Reed M, Tsai HL, Ambinder A, Jain T, Dezern AE, Levis MJ, Showel MM, Prince GT, Hourigan CS, Gladstone DE, Bolanos-Meade J, Gondek LP, Ghiaur G, Dalton WB, Paul S, Fuchs EJ, Gocke CB, Ali SA, Huff CA, Borrello IM, Swinnen L, Wagner-Johnston N, Ambinder RF, Luznik L, Gojo I, Smith BD, Varadhan R, Jones RJ, Imus PH.","Transplant Cell Ther. 2023 Mar;29(3):182.e1-182.e8. doi: 10.1016/j.jtct.2022.12.018. Epub 2022 Dec 29.","Webster JA","Transplant Cell Ther","2023","2023/01/01","PMC9992271","NIHMS1861547","10.1016/j.jtct.2022.12.018"
"40826984","Haploidentical Hematopoietic Cell Transplantation With Post-Transplant Cyclophosphamide for Pediatric Chronic Active Epstein-Barr Virus Infection","Fujimori K, Sakamoto K, Tsujimoto S, Yamada M, Gocho Y, Deguchi T, Iguchi A, Sakaguchi H, Kato M, Imadome KI, Matsumoto K, Tomizawa D, Osumi T.","Pediatr Transplant. 2025 Sep;29(6):e70165. doi: 10.1111/petr.70165.","Fujimori K","Pediatr Transplant","2025","2025/08/19","","","10.1111/petr.70165"
"25728648","An overview of conditioning regimens for haploidentical stem cell transplantation with post-transplantation cyclophosphamide","Shabbir-Moosajee M, Lombardi L, Ciurea SO.","Am J Hematol. 2015 Jun;90(6):541-8. doi: 10.1002/ajh.23995. Epub 2015 Apr 29.","Shabbir-Moosajee M","Am J Hematol","2015","2015/03/03","","","10.1002/ajh.23995"
"32973350","Reduced dose of posttransplant cyclophosphamide in HLA-haploidentical peripheral blood stem cell transplantation","Sugita J, Kamimura T, Ishikawa T, Ota S, Eto T, Kuroha T, Miyazaki Y, Kumagai H, Matsuo K, Akashi K, Taniguchi S, Harada M, Teshima T.","Bone Marrow Transplant. 2021 Mar;56(3):596-604. doi: 10.1038/s41409-020-01065-0. Epub 2020 Sep 24.","Sugita J","Bone Marrow Transplant","2021","2020/09/25","","","10.1038/s41409-020-01065-0"
"36943871","Infection-related mortality after HLA-identical and haploidentical hematopoietic cell transplantation using reduced-intensity conditioning in an outpatient setting","Jaime-Pérez JC, Meléndez-Flores JD, Ramos-Dávila EM, Gutiérrez-Aguirre CH, Cantú-Rodríguez OG, Marfil-Rivera LJ, Áncer-Rodríguez J, Gómez-Almaguer D.","Clin Transplant. 2023 Jun;37(6):e14972. doi: 10.1111/ctr.14972. Epub 2023 Mar 21.","Jaime-Pérez JC","Clin Transplant","2023","2023/03/21","","","10.1111/ctr.14972"
"33306606","Haploidentical Stem Cell Transplantation With Post-transplant Cyclophosphamide for Pediatric Acute Leukemia is Safe and Effective","Sharma A, Rastogi N, Chatterjee G, Kapoor R, Nivargi S, Yadav SP.","J Pediatr Hematol Oncol. 2021 Oct 1;43(7):e1033-e1036. doi: 10.1097/MPH.0000000000002030.","Sharma A","J Pediatr Hematol Oncol","2021","2020/12/11","","","10.1097/MPH.0000000000002030"
"37085674","Effect of pharmacokinetics and pharmacogenomics in adults with allogeneic hematopoietic cell transplantation conditioned with Busulfan","Seydoux C, Uppugunduri CRS, Medinger M, Nava T, Halter J, Heim D, Chalandon Y, Schanz U, Nair G, Cantoni N, Passweg JR, Ansari M.","Bone Marrow Transplant. 2023 Jul;58(7):811-816. doi: 10.1038/s41409-023-01963-z. Epub 2023 Apr 21.","Seydoux C","Bone Marrow Transplant","2023","2023/04/21","PMC10325946","","10.1038/s41409-023-01963-z"
"41275971","Incidence and Outcomes of Adenovirus Infections after Allogeneic Hematopoietic Cell Transplant with Post-Transplant Cyclophosphamide-Based Graft-Versus-Host Disease Prophylaxis","Gianniki M, Dahi P, Lee YJ, Li Y, Perales MA, Shaffer B, Papanicolaou GA.","Transplant Cell Ther. 2026 Mar;32(3):343.e1-343.e7. doi: 10.1016/j.jtct.2025.11.029. Epub 2025 Nov 21.","Gianniki M","Transplant Cell Ther","2026","2025/11/23","","","10.1016/j.jtct.2025.11.029"
"39425565","Comparative outcomes of various transplantation platforms, highlighting haploidentical transplants with post-transplantation cyclophosphamide for adult T-cell leukaemia/lymphoma","Yoshimitsu M, Tanaka T, Nakano N, Kato K, Muranushi H, Tokunaga M, Ito A, Ishikawa J, Eto T, Morishima S, Kawakita T, Itonaga H, Uchida N, Tanaka M, Akizuki K, Ishitsuka K, Ohigashi H, Ota S, Ando T, Kanda Y, Fukuda T, Atsuta Y, Fuji S; ATL Working Group of the Japanese Society for Transplantation and Cellular Therapy.","Br J Haematol. 2025 Jan;206(1):235-249. doi: 10.1111/bjh.19835. Epub 2024 Oct 19.","Yoshimitsu M","Br J Haematol","2025","2024/10/19","PMC11739753","","10.1111/bjh.19835"
"37984797","Opportunistic Infections in Patients Receiving Post-Transplantation Cyclophosphamide: Impact of Haploidentical versus Unrelated Donor Allograft","Little JS, Duléry R, Shapiro RM, Aleissa MM, Prockop SE, Koreth J, Ritz J, Antin JH, Cutler C, Nikiforow S, Romee R, Issa NC, Ho VT, Baden LR, Soiffer RJ, Gooptu M.","Transplant Cell Ther. 2024 Feb;30(2):233.e1-233.e14. doi: 10.1016/j.jtct.2023.11.015. Epub 2023 Nov 18.","Little JS","Transplant Cell Ther","2024","2023/11/20","","","10.1016/j.jtct.2023.11.015"
"38972374","Effect of peptide-binding motif on survival of HLA-haploidentical transplantation with post-transplant cyclophosphamide","Ido K, Nakamae H, Hattori N, Kanaya M, Morita K, Hino M, Ohigashi H, Fukuda T, Eto T, Nagafuji K, Hiramoto N, Maruyama Y, Ota S, Matsuoka KI, Ando T, Akasaka T, Mori Y, Kamimura T, Kawakita T, Kawamura K, Kanda J, Onizuka M, Atsuta Y, Murata M.","Br J Haematol. 2024 Sep;205(3):1077-1096. doi: 10.1111/bjh.19630. Epub 2024 Jul 7.","Ido K","Br J Haematol","2024","2024/07/07","","","10.1111/bjh.19630"
"38331980","Graft-versus-host-disease prophylaxis with ATG or PTCY in patients with lymphoproliferative disorders undergoing reduced intensity conditioning regimen HCT from one antigen mismatched unrelated donor","Paviglianiti A, Ngoya M, Peña M, Boumendil A, Gülbas Z, Ciceri F, Bonifazi F, Russo D, Fegueux N, Stolzel F, Bulabois CE, Socié G, Forcade E, Solano C, Finel H, Robinson S, Glass B, Montoto S.","Bone Marrow Transplant. 2024 May;59(5):597-603. doi: 10.1038/s41409-024-02225-2. Epub 2024 Feb 8.","Paviglianiti A","Bone Marrow Transplant","2024","2024/02/08","PMC11073988","","10.1038/s41409-024-02225-2"
"36469095","Selected memory T cells infused post-haploidentical hematopoietic stem cell transplantation persist and hyperexpand","van Beek JJP, Puccio S, Di Vito C, De Paoli F, Zaghi E, Calvi M, Scarpa A, Peano C, Basso G, Cibella J, De Philippis C, Sarina B, Timofeeva I, Capizzuto R, Mannina D, Mineri R, Mariotti J, Crocchiolo R, Santoro A, Castagna L, Bramanti S, Mavilio D, Lugli E.","Blood Adv. 2023 Jul 25;7(14):3458-3468. doi: 10.1182/bloodadvances.2022007735.","van Beek JJP","Blood Adv","2023","2022/12/05","PMC10362279","","10.1182/bloodadvances.2022007735"
"31698447","Posttransplant cyclophosphamide vs cyclosporin A and methotrexate as GVHD prophylaxis in matched sibling transplantation","Kwon M, Bailén R, Pascual-Cascón MJ, Gallardo-Morillo AI, García Sola A, Balsalobre P, Solán L, Dorado N, Muñoz C, Serrano D, Martínez-Laperche C, Buño I, Anguita J, Díez-Martin JL.","Blood Adv. 2019 Nov 12;3(21):3351-3359. doi: 10.1182/bloodadvances.2019000236.","Kwon M","Blood Adv","2019","2019/11/08","PMC6855126","","10.1182/bloodadvances.2019000236"
"35902049","Post-Transplantation Cyclophosphamide Versus Tacrolimus and Methotrexate Graft-Versus-Host Disease Prophylaxis for HLA-Matched Donor Transplantation","Mehta RS, Saliba RM, Rondon G, Al-Atrash G, Bashir Q, Hosing CM, Kebriaei P, Khouri I, Nieto Y, Oran B, Popat UR, Qazilbash MH, Ramdial J, Srour SA, Champlin RE, Rezvani K, Shpall EJ, Alousi AM.","Transplant Cell Ther. 2022 Oct;28(10):695.e1-695.e10. doi: 10.1016/j.jtct.2022.07.021. Epub 2022 Jul 25.","Mehta RS","Transplant Cell Ther","2022","2022/07/28","","","10.1016/j.jtct.2022.07.021"
"34606661","Anti-thymocyte globulin and post-transplant cyclophosphamide predisposes to inferior outcome when using cryopreserved stem cell grafts","Novitzky-Basso I, Remberger M, Chen C, Pasić I, Lam W, Law A, Gerbitz A, Viswabandya A, Lipton JH, Kim DD, Kumar R, Mattsson J, Michelis FV.","Eur J Haematol. 2022 Jan;108(1):61-72. doi: 10.1111/ejh.13714. Epub 2021 Oct 17.","Novitzky-Basso I","Eur J Haematol","2022","2021/10/04","","","10.1111/ejh.13714"
"40375982","Early cardiac events after haploidentical hematopoietic cell transplantation with post-transplant cyclophosphamide. subanalysis exploring cardiac toxicity conducted on behalf of GETH-TC","Pinto FR, Cascos E, Pérez-López E, Baile-González M, Martín Rodríguez C, Pascual Cascón MJ, Luque M, Esquirol A, Calvo CM, Peña-Muñóz F, Fernando IH, Oiartzabal Ormtegi I, Sáez Marín AJ, Fernández-Luis S, Domínguez-García JJ, Fernández SV, López Lorenzo JL, Girón MFS, Pinedo LG, García L, González-Rodriguez AP, Torrado T, Filaferro S, Basalobre P, López-García A, Ortí G, Jurado Chacón M, Queralt Salas M.","Front Immunol. 2025 May 1;16:1571678. doi: 10.3389/fimmu.2025.1571678. eCollection 2025.","Pinto FR","Front Immunol","2025","2025/05/16","PMC12079671","","10.3389/fimmu.2025.1571678"
"40830235","Post-transplantation cyclophosphamide and antithymocyte globulin in 8/10 HLA-mismatched unrelated donor transplantation: the analysis on behalf of the transplant complications working party of the EBMT","Moiseev I, Abouqateb M, Peczynski C, Busca A, Kröger N, Cerretti R, Zeiser R, Schroeder T, Parma M, Peffault de Latour R, Bethge W, Vydra J, Blaise D, Panagiota V, Fagioli F, Boreland W, Schoemans H, Mussetti A, Graham C, Penack O, Peric Z.","Bone Marrow Transplant. 2025 Nov;60(11):1426-1435. doi: 10.1038/s41409-025-02678-z. Epub 2025 Aug 19.","Moiseev I","Bone Marrow Transplant","2025","2025/08/19","","","10.1038/s41409-025-02678-z"
"38253869","Impact of post-transplant cyclophosphamide (PTCy)-based prophylaxis in matched sibling donor allogeneic haematopoietic cell transplantation for patients with myelodysplastic syndrome: a retrospective study on behalf of the Chronic Malignancies Working Party of the EBMT","Salas MQ, Eikema DJ, Koster L, Maertens J, Passweg J, Finke J, Broers AEC, Koc Y, Kröger N, Ozkurt ZN, Pascual-Cascon MJ, Platzbecker U, Van Gorkom G, Schroeder T, López-Lorenzo JL, Martino M, Chiusolo P, Kaufmann M, Onida F, Gurnari C, Scheid C, Drozd-Sokolowska J, Raj K, Robin M, McLornan DP.","Bone Marrow Transplant. 2024 Apr;59(4):479-488. doi: 10.1038/s41409-023-02159-1. Epub 2024 Jan 22.","Salas MQ","Bone Marrow Transplant","2024","2024/01/22","","","10.1038/s41409-023-02159-1"
"35074557","Risk of Cytomegalovirus Infection with Post-Transplantation Cyclophosphamide in Haploidentical and HLA-Matched Unrelated Donor Transplantation","Jamy O, Hebert C, Dunn-Valadez S, Magnusson T, Watts N, McGwin G, Saad A.","Transplant Cell Ther. 2022 Apr;28(4):213.e1-213.e6. doi: 10.1016/j.jtct.2022.01.011. Epub 2022 Jan 21.","Jamy O","Transplant Cell Ther","2022","2022/01/25","","","10.1016/j.jtct.2022.01.011"
"37596473","Reduced post-transplant cyclophosphamide dose with antithymocyte globulin in peripheral blood stem cell haploidentical transplantation","Duléry R, Malard F, Brissot E, Banet A, Sestili S, Belhocine R, Calabro M, Van de Wyngaert Z, Bonnin A, Ledraa T, Legrand O, Labopin M, Capderou E, Cohen A, Ederhy S, Mohty M.","Bone Marrow Transplant. 2023 Nov;58(11):1215-1222. doi: 10.1038/s41409-023-02085-2. Epub 2023 Aug 18.","Duléry R","Bone Marrow Transplant","2023","2023/08/18","","","10.1038/s41409-023-02085-2"
"40240500","Posaconazole versus fluconazole as primary antifungal prophylaxis for patients at high risk of invasive fungal infections receiving allogeneic hematopoietic stem cell transplantation","Letailleur V, Jullien M, Garnier A, Peterlin P, Vantyghem S, Fourmont AM, Guillaume T, Chevallier P, Le Bourgeois A.","Bone Marrow Transplant. 2025 Aug;60(8):1092-1101. doi: 10.1038/s41409-025-02589-z. Epub 2025 Apr 16.","Letailleur V","Bone Marrow Transplant","2025","2025/04/16","","","10.1038/s41409-025-02589-z"
"41352172","Outcomes of adults older than 70 years of age undergoing allogeneic stem cell transplantation","Bhatia I, Patel SA, Pearson L, Parthiban K, Suzuki S, Bindal P, Gillis-Smith A, Ramanathan M, Gerber J, Nath R, Cerny J.","Leuk Res. 2026 Jan;160:108145. doi: 10.1016/j.leukres.2025.108145. Epub 2025 Dec 3.","Bhatia I","Leuk Res","2026","2025/12/06","","","10.1016/j.leukres.2025.108145"
"26740375","Long-Term Follow-Up of Allogeneic Hematopoietic Stem Cell Transplantation for Solid Cancer","Omazic B, Remberger M, Barkholt L, Söderdahl G, Potácová Z, Wersäll P, Ericzon BG, Mattsson J, Ringdén O.","Biol Blood Marrow Transplant. 2016 Apr;22(4):676-681. doi: 10.1016/j.bbmt.2015.12.017. Epub 2015 Dec 29.","Omazic B","Biol Blood Marrow Transplant","2016","2016/01/08","","","10.1016/j.bbmt.2015.12.017"
"41676905","Treosulfan/fludarabine versus thiotepa/busulfan/fludarabine for allogeneic haematopoietic cell transplantation in lymphoma in the post-transplant cyclophosphamide era: A GETH-TC study","Peña M, Lazzari L, Martínez DF, Ciceri F, Balaguer-Roselló A, Sanz J, Pascual MJ, Benzaquén A, Piñana JL, Salas MQ, Nieto-Vazquez A, Español I, Huguet M, Bento L, Saez AJ, Barba P, Filaferro S, Carbonell Asins JA, Peña C, Mussetti A, Greco R.","Br J Haematol. 2026 Mar;208(3):1017-1026. doi: 10.1111/bjh.70367. Epub 2026 Feb 12.","Peña M","Br J Haematol","2026","2026/02/12","","","10.1111/bjh.70367"
"37832717","Allogeneic Hematopoietic Cell Transplantation with Non-Myeloablative Conditioning and Post-Transplant Cyclophosphamide Prophylaxis in Patients with Reduced Systolic Function","LeMaistre FI, Tsai HL, Varadhan R, Al-Talib T, Jones R, Ambinder A.","Transplant Cell Ther. 2024 Feb;30(2):208.e1-208.e7. doi: 10.1016/j.jtct.2023.10.011. Epub 2023 Oct 12.","LeMaistre FI","Transplant Cell Ther","2024","2023/10/13","","","10.1016/j.jtct.2023.10.011"
"39134710","Safety but limited efficacy of donor lymphocyte infusion for post-transplantation cyclophosphamide-treated patients","Shanmugasundaram K, Napier S, Dimitrova D, Stokes A, Wilder J, Chai A, Lisco A, Anderson MV, Sereti I, Uzel G, Freeman AF, McKeown C, Sponaugle J, Sabina R, Rechache K, Hyder MA, Kanakry JA, Kanakry CG.","Bone Marrow Transplant. 2024 Nov;59(11):1513-1524. doi: 10.1038/s41409-024-02312-4. Epub 2024 Aug 12.","Shanmugasundaram K","Bone Marrow Transplant","2024","2024/08/12","PMC11530367","","10.1038/s41409-024-02312-4"
"37086849","Successful Outcome in Patients with Myelofibrosis Undergoing Allogeneic Donor Hematopoietic Cell Transplantation Using Reduced Doses of Post-Transplantation Cyclophosphamide: Challenges and Review of the Literature","García-Cadenas I, Redondo S, Esquirol A, Portos JM, Novelli S, Saavedra S, Moreno C, Garrido A, Oñate G, López J, Caballero AC, Miqueleiz S, Arguello-Tomas M, Briones J, Sierra J, Martino R.","Transplant Cell Ther. 2023 Jul;29(7):473.e1-473.e6. doi: 10.1016/j.jtct.2023.04.008. Epub 2023 Apr 20.","García-Cadenas I","Transplant Cell Ther","2023","2023/04/22","","","10.1016/j.jtct.2023.04.008"
"34592759","Cardiac toxicity after matched allogeneic hematopoietic cell transplant in the posttransplant cyclophosphamide era","Yeh J, Whited L, Saliba RM, Rondon G, Banchs J, Shpall E, Champlin R, Popat U.","Blood Adv. 2021 Dec 28;5(24):5599-5607. doi: 10.1182/bloodadvances.2021004846.","Yeh J","Blood Adv","2021","2021/09/30","PMC8714723","","10.1182/bloodadvances.2021004846"
"40810334","Graft-versus-host disease is not associated with reduced incidence of relapse following haploidentical stem cell transplantation with post-transplant cyclophosphamide for acute lymphoblastic leukaemia: A study on behalf of the Acute Leukaemia Working Party of European Society for Blood and Marrow Transplantation","Shimoni A, Peczynski C, Labopin M, Dominietto A, Koc M, Arat M, Tischer J, Sica S, Gülbas Z, Socié G, Blaise D, Pioltelli P, Ozdogu H, Vydra J, Ciceri F, Nagler A, Mohty M.","Br J Haematol. 2025 Nov;207(5):2041-2048. doi: 10.1111/bjh.70101. Epub 2025 Aug 14.","Shimoni A","Br J Haematol","2025","2025/08/14","PMC12624198","","10.1111/bjh.70101"
"40692189","Outcomes of children with haematological malignancies given second haploidentical haematopoietic stem cell transplantation with either TCRαβ/CD19 depletion or post-transplant cyclophosphamide","Masetti R, Leardini D, Gottardi F, Baccelli F, Ottaviano GAM, Vendemini F, Saglio F, Pierri F, Algeri M, Del Bufalo F, Merli P, Prete A, Cesaro S, Ussowicz M, Faraci M, Zecca M, Fagioli F, Balduzzi A, Dalle JH, Locatelli F, Pagliara D.","Br J Haematol. 2025 Sep;207(3):929-937. doi: 10.1111/bjh.70004. Epub 2025 Jul 21.","Masetti R","Br J Haematol","2025","2025/07/22","PMC12436230","","10.1111/bjh.70004"
"33140137","Post-transplant cyclophosphamide for GVHD prophylaxis compared to ATG-based prophylaxis in unrelated donor transplantation","Bailén R, Kwon M, Pascual-Cascón MJ, Ferrà C, Sanz J, Gallardo-Morillo A, García-Sola A, Torrent A, Jiménez-Lorenzo MJ, Piñana JL, Montoro J, Oarbeascoa G, Dorado N, Gómez-Centurión I, Muñoz C, Martínez-Laperche C, Anguita J, Buño I, Díez-Martín JL; Grupo Español de Trasplante Hematopoyético y Terapia Celular (GETH).","Ann Hematol. 2021 Feb;100(2):541-553. doi: 10.1007/s00277-020-04317-7. Epub 2020 Nov 2.","Bailén R","Ann Hematol","2021","2020/11/03","","","10.1007/s00277-020-04317-7"
"27846611","Comparable composite endpoints after HLA-matched and HLA-haploidentical transplantation with post-transplantation cyclophosphamide","McCurdy SR, Kasamon YL, Kanakry CG, Bolaños-Meade J, Tsai HL, Showel MM, Kanakry JA, Symons HJ, Gojo I, Smith BD, Bettinotti MP, Matsui WH, Dezern AE, Huff CA, Borrello I, Pratz KW, Gladstone DE, Swinnen LJ, Brodsky RA, Levis MJ, Ambinder RF, Fuchs EJ, Rosner GL, Jones RJ, Luznik L.","Haematologica. 2017 Feb;102(2):391-400. doi: 10.3324/haematol.2016.144139. Epub 2016 Oct 20.","McCurdy SR","Haematologica","2017","2016/11/16","PMC5286947","","10.3324/haematol.2016.144139"
"40437709","Impact of Conditioning Intensity on Survival in Adult Patients (< 65 Years) With Acute Myeloid Leukemia Receiving Antithymocyte Globulin and Post-Transplantation Cyclophosphamide Based GVHD Prophylaxis","Alnughmush A, Alyamany R, Remberger M, Pasic I, Novitzky-Basso I, Law AD, Lam W, Kim DDH, Michelis FV, Gerbitz A, Kumar R, Mattsson J, Viswabandya A.","Eur J Haematol. 2025 Sep;115(3):251-259. doi: 10.1111/ejh.14438. Epub 2025 May 28.","Alnughmush A","Eur J Haematol","2025","2025/05/29","PMC12319883","","10.1111/ejh.14438"
"35120825","Defibrotide combined with triple therapy including posttransplant cyclophosphamide, low dose rabbit anti-t-lymphocyte globulin and cyclosporine is effective in prevention of graft versus host disease after allogeneic peripheral blood stem cell transplantation for hematologic malignancies","Akpinar S, Kayikci O, Tekgunduz E.","Transfus Apher Sci. 2022 Feb;61(1):103367. doi: 10.1016/j.transci.2022.103367. Epub 2022 Jan 24.","Akpinar S","Transfus Apher Sci","2022","2022/02/05","","","10.1016/j.transci.2022.103367"
"39701290","Incidence, Risk Factors, and Outcomes of BK Hemorrhagic Cystitis in Hematopoietic Stem Cell Transplantation From HLA-Matched and Haploidentical Donors With Post-Transplant Cyclophosphamide","Chorão P, Villalba M, Balaguer-Roselló A, Montoro J, Granados P, Gilabert C, Panadero F, Pardal AA, González EM, de Cossio S, Benavente R, Gómez MD, Gómez I, Solves P, Santiago M, Asensi P, Lloret P, Eiris J, Martínez D, Louro A, Rebollar P, Perla A, Salavert M, Rubia J, Sanz MÁ, Sanz J.","Transplant Cell Ther. 2025 Mar;31(3):182.e1-182.e11. doi: 10.1016/j.jtct.2024.12.006. Epub 2024 Dec 17.","Chorão P","Transplant Cell Ther","2025","2024/12/19","","","10.1016/j.jtct.2024.12.006"
"39143681","Outcomes of older adults undergoing allogeneic hematopoietic cell transplantation with post-transplant cyclophosphamide based prophylaxis","Murillo V, Charry P, Suárez-Lledó M, Guardia L, Moreno C, Cid J, Lozano M, Pedraza A, Salinas R, Vilas V, Duch M, Díaz-Beya M, Rosiñol L, Esteve J, Carreras E, Fernández-Avilés F, Martínez C, Rovira M, Salas MQ.","Eur J Haematol. 2024 Dec;113(6):765-775. doi: 10.1111/ejh.14291. Epub 2024 Aug 14.","Murillo V","Eur J Haematol","2024","2024/08/15","","","10.1111/ejh.14291"
"40269278","Risk stratification and impact of donor type on breakthrough invasive fungal infections in haematopoietic cell transplant with post-transplant cyclophosphamide and mould-active prophylaxis","Chiurlo M, Galli L, Farina F, Acerbis A, Mori G, Xue E, Clerici D, Mastaglio S, Piemontese S, Lupo Stanghellini MT, Ripa M, Tassan Din C, Corti C, Peccatori J, Scarpellini P, Castagna A, Ciceri F, Greco R, Oltolini C.","Bone Marrow Transplant. 2025 Jul;60(7):1036-1044. doi: 10.1038/s41409-025-02605-2. Epub 2025 Apr 23.","Chiurlo M","Bone Marrow Transplant","2025","2025/04/24","","","10.1038/s41409-025-02605-2"
"22901267","Immune reconstitution and strategies for rebuilding the immune system after haploidentical stem cell transplantation","Oevermann L, Lang P, Feuchtinger T, Schumm M, Teltschik HM, Schlegel P, Handgretinger R.","Ann N Y Acad Sci. 2012 Aug;1266:161-70. doi: 10.1111/j.1749-6632.2012.06606.x.","Oevermann L","Ann N Y Acad Sci","2012","2012/08/21","","","10.1111/j.1749-6632.2012.06606.x"
"28573910","Haploidentical hematopoietic stem cell transplantation for adult patients with Epstein-Barr virus-associated hemophagocytic lymphohistiocytosis","Li Z, Wang Y, Wang J, Zhang J, Wang Z.","Leuk Lymphoma. 2018 Jan;59(1):77-84. doi: 10.1080/10428194.2017.1330467. Epub 2017 Jun 2.","Li Z","Leuk Lymphoma","2018","2017/06/03","","","10.1080/10428194.2017.1330467"
"40664263","Effect of Anti-Thymocyte Globulin and Post-Transplant Cyclophosphamide on Graft-Versus-Host Disease Outcomes in Female Donor-to-Male Recipient Matched Unrelated Donor Allogeneic Stem Cell Transplantation for Acute Leukemia","Desai N, Rodriguez-Rodriguez S, Remberger M, Al-Shaibani E, Alfaro-Moya T, Novitzky-Basso I, Pasic I, Michelis FV, Viswabandya A, Kim DDH, Kumar R, Mattsson J, Law AD.","Transplant Cell Ther. 2025 Nov;31(11):916.e1-916.e11. doi: 10.1016/j.jtct.2025.07.010. Epub 2025 Jul 13.","Desai N","Transplant Cell Ther","2025","2025/07/15","","","10.1016/j.jtct.2025.07.010"
"40419021","Feasibility of a Total Body Irradiation-Augmented Reduced-Toxicity Conditioning Regimen with an Antithymocyte Globulin/Post-Transplantation Cyclophosphamide Combination for Haploidentical Donor Transplantation in Adult Acute Lymphoblastic Leukemia","Ahn J, Kwag D, Min GJ, Park SS, Park S, Lee SE, Cho BS, Eom KS, Kim YJ, Kim HJ, Min CK, Cho SG, Yoon JH.","Transplant Cell Ther. 2025 Aug;31(8):588.e1-588.e11. doi: 10.1016/j.jtct.2025.05.017. Epub 2025 May 24.","Ahn J","Transplant Cell Ther","2025","2025/05/26","","","10.1016/j.jtct.2025.05.017"
"34537419","Bone Marrow versus Peripheral Blood Grafts for Haploidentical Hematopoietic Cell Transplantation with Post-Transplantation Cyclophosphamide","Mehta RS, Saliba RM, Alsfeld LC, Jorgensen JL, Wang SA, Anderlini P, Al-Atrash G, Bashir Q, Ciurea SO, Hosing CM, Im JS, Kebriaei P, Khouri I, Marin D, Nieto Y, Olson A, Oran B, Popat UR, Qazilbash MH, Ramdial J, Rondon G, Saini N, Srour SA, Rezvani K, Shpall EJ, Champlin RE, Alousi AM.","Transplant Cell Ther. 2021 Dec;27(12):1003.e1-1003.e13. doi: 10.1016/j.jtct.2021.09.003. Epub 2021 Sep 16.","Mehta RS","Transplant Cell Ther","2021","2021/09/19","PMC8504778","","10.1016/j.jtct.2021.09.003"
"37898725","Effect of graft-versus-host disease on outcomes of HLA-haploidentical peripheral blood transplantation using post-transplant cyclophophamide","Shimomura Y, Komukai S, Kitamura T, Sobue T, Akahoshi Y, Kanda J, Ohigashi H, Nakamae H, Hiramoto N, Nagafuji K, Tanaka T, Eto T, Ota S, Maruyama Y, Akasaka T, Matsuoka KI, Mori Y, Fukuda T, Atsuta Y, Terakura S.","Bone Marrow Transplant. 2024 Jan;59(1):66-75. doi: 10.1038/s41409-023-02142-w. Epub 2023 Oct 28.","Shimomura Y","Bone Marrow Transplant","2024","2023/10/29","","","10.1038/s41409-023-02142-w"
"41346275","Impact of graft-versus-host disease prophylaxis strategies on GvHD-free/relapse-free survival in young adults undergoing unrelated donor allogeneic haematopoietic cell transplantation: A propensity score-matched analysis","Desai N, Rodriguez SR, Al-Shaibani E, Moya TA, Novitzky-Basso I, Law AD.","Br J Haematol. 2026 Feb;208(2):630-640. doi: 10.1111/bjh.70269. Epub 2025 Dec 5.","Desai N","Br J Haematol","2026","2025/12/05","PMC12965770","NIHMS2146949","10.1111/bjh.70269"
"39158109","Initiation of Haploidentical Stem Cell Transplantation With Post-Transplant Cyclophosphamide in Children: A Low-Middle-Income Country Institutional Experience","Bukhari SI, Saeed J, Fadoo Z, Belgaumi AF, Allani N, Altaf S.","Pediatr Transplant. 2024 Sep;28(6):e14842. doi: 10.1111/petr.14842.","Bukhari SI","Pediatr Transplant","2024","2024/08/19","","","10.1111/petr.14842"
"38879167","Impact of Graft-Versus-Host Disease on Relapse and Nonrelapse Mortality Following Posttransplant Cyclophosphamide-Based Transplantation","Solomon SR, Bachier-Rodriguez L, Bashey A, Zhang X, Jackson KC, Holland HK, Morris LE, Solh MM.","Transplant Cell Ther. 2024 Sep;30(9):903.e1-903.e9. doi: 10.1016/j.jtct.2024.06.015. Epub 2024 Jun 13.","Solomon SR","Transplant Cell Ther","2024","2024/06/15","","","10.1016/j.jtct.2024.06.015"
"39363872","Clinical outcomes of three haploidentical transplantation protocols for hematologic malignancies based on data from the Chinese Bone Marrow Transplantation Registry Group","Xu ZL, Ji J, Wang SB, Li NN, Zhou J, Lin MH, Xu LP, Wang Y, Zhang XH, Huang XJ.","Haematologica. 2025 Mar 1;110(3):629-639. doi: 10.3324/haematol.2024.286040.","Xu ZL","Haematologica","2025","2024/10/04","PMC11873695","","10.3324/haematol.2024.286040"
"35598841","Letermovir Discontinuation at Day 100 After Allogeneic Stem Cell Transplant Is Associated With Increased CMV-Related Mortality","Liu LW, Yn A, Gao F, Olson M, Crain M, Abboud R, Westervelt P, Abboud C, Vij R, Stockerl-Goldstein K, Pusic I, Cashen AF, Schroeder MA.","Transplant Cell Ther. 2022 Aug;28(8):510.e1-510.e9. doi: 10.1016/j.jtct.2022.05.020. Epub 2022 May 20.","Liu LW","Transplant Cell Ther","2022","2022/05/22","","","10.1016/j.jtct.2022.05.020"
"39603416","Comparison of Nonrelapse Mortality After Haploidentical Hematopoietic Stem Cell Transplantation With Post-transplant Cyclophosphamide Versus Single Umbilical Cord Blood Transplantation in Hematologic Disease","Harada K, Kanda J, Hirayama M, Wada F, Uchida N, Tanaka M, Nakamae H, Tokunaga M, Ishiwata K, Onizuka M, Hasegawa Y, Fukuda T, Eto T, Kurita N, Kawakita T, Jinguji A, Ishimaru F, Atsuta Y, Nakasone H.","Transplant Cell Ther. 2025 Feb;31(2):103.e1-103.e13. doi: 10.1016/j.jtct.2024.11.011. Epub 2024 Nov 26.","Harada K","Transplant Cell Ther","2025","2024/11/27","","","10.1016/j.jtct.2024.11.011"
"40270968","Impact of post-transplant cyclophosphamide with bendamustine on immune reconstitution in young patients undergoing T-cell replete haploidentical bone marrow transplantation: results from a phase Ia/Ib clinical trial","Baker FL, Stokes J, Cracchiolo MJ, Davini D, Simpson RJ, Katsanis E.","Front Immunol. 2025 Apr 9;16:1568862. doi: 10.3389/fimmu.2025.1568862. eCollection 2025.","Baker FL","Front Immunol","2025","2025/04/24","PMC12014643","","10.3389/fimmu.2025.1568862"
"40772384","Impact of the addition of antithymocyte globulin to post-transplantation cyclophosphamide in haploidentical transplantation with peripheral blood compared to post-transplantation cyclophosphamide alone: A retrospective study on behalf of the Cellular Therapy and Immunobiology Working Party of the European Society for Blood and Marrow Transplantation","Capes A, Mooyaart JE, Blaise D, Bramanti S, Kwon M, Mohty M, Chevallier P, Vydra J, Reményi P, Forcade E, López Corral L, Itälä-Remes M, Bazarbachi A, Derenzini E, Hoogenboom JD, Kuball J, Battipaglia G, Malard F, Ruggeri A.","Br J Haematol. 2025 Oct;207(4):1529-1537. doi: 10.1111/bjh.70050. Epub 2025 Aug 7.","Capes A","Br J Haematol","2025","2025/08/07","PMC12512056","","10.1111/bjh.70050"
"32653621","Outcomes after Haploidentical Stem Cell Transplantation with Post-Transplantation Cyclophosphamide in Patients with Primary Immunodeficiency Diseases","Fernandes JF, Nichele S, Arcuri LJ, Ribeiro L, Zamperlini-Netto G, Loth G, Rodrigues ALM, Kuwahara C, Koliski A, Trennepohl J, Garcia JL, Daudt LE, Seber A, Gomes AA, Fasth A, Pasquini R, Hamerschlak N, Rocha V, Bonfim C.","Biol Blood Marrow Transplant. 2020 Oct;26(10):1923-1929. doi: 10.1016/j.bbmt.2020.07.003. Epub 2020 Jul 9.","Fernandes JF","Biol Blood Marrow Transplant","2020","2020/07/13","","","10.1016/j.bbmt.2020.07.003"
"32968215","Haploidentical HSCT with post transplantation cyclophosphamide versus unrelated donor HSCT in pediatric patients affected by acute leukemia","Saglio F, Berger M, Spadea M, Pessolano R, Carraro F, Barone M, Quarello P, Vassallo E, Fagioli F.","Bone Marrow Transplant. 2021 Mar;56(3):586-595. doi: 10.1038/s41409-020-01063-2. Epub 2020 Sep 23.","Saglio F","Bone Marrow Transplant","2021","2020/09/24","","","10.1038/s41409-020-01063-2"
"34663912","Allogeneic blood or marrow transplantation with haploidentical donor and post-transplantation cyclophosphamide in patients with myelofibrosis: a multicenter study","Kunte S, Rybicki L, Viswabandya A, Tamari R, Bashey A, Keyzner A, Iqbal M, Grunwald MR, Dholaria B, Elmariah H, Ozga M, Singh A, Abedin S, DeZern AE, Jones RJ, Gupta V, Gerds AT, Jain T.","Leukemia. 2022 Mar;36(3):856-864. doi: 10.1038/s41375-021-01449-1. Epub 2021 Oct 18.","Kunte S","Leukemia","2022","2021/10/19","PMC10084790","NIHMS1867052","10.1038/s41375-021-01449-1"
"32024990","Dual T-cell depletion with ATG and PTCy for peripheral blood reduced intensity conditioning allo-HSCT results in very low rates of GVHD","Salas MQ, Prem S, Atenafu EG, Datt Law A, Lam W, Al-Shaibani Z, Loach D, Kim DDH, Michelis FV, Lipton JH, Kumar R, Mattsson J, Viswabandya A.","Bone Marrow Transplant. 2020 Sep;55(9):1773-1783. doi: 10.1038/s41409-020-0813-9. Epub 2020 Feb 5.","Salas MQ","Bone Marrow Transplant","2020","2020/02/07","","","10.1038/s41409-020-0813-9"
"32234377","HLA-Haploidentical Hematopoietic Cell Transplantation for Treatment of Nonmalignant Diseases Using Nonmyeloablative Conditioning and Post-Transplant Cyclophosphamide","Mallhi KK, Srikanthan MA, Baker KK, Frangoul HA, Torgerson TR, Petrovic A, Geddis AE, Carpenter PA, Baker KS, Sandmaier BM, Thakar MS, Skoda-Smith S, Kiem HP, Storb R, Woolfrey AE, Burroughs LM.","Biol Blood Marrow Transplant. 2020 Jul;26(7):1332-1341. doi: 10.1016/j.bbmt.2020.03.018. Epub 2020 Mar 28.","Mallhi KK","Biol Blood Marrow Transplant","2020","2020/04/03","PMC7306430","NIHMS1580194","10.1016/j.bbmt.2020.03.018"
"36057732","Impact of second-degree related donor on the outcomes of T cell-replete haploidentical transplantation with post-transplant cyclophosphamide","Mariotti J, Raiola AM, Evangelista A, Harbi S, Patriarca F, Carella MA, Martino M, Risitano A, Busca A, Giaccone L, Brunello L, Merla E, Savino L, Loteta B, Console G, Fanin R, Sperotto A, Marano L, Marotta S, Frieri C, Sica S, Chiusolo P, Chabannon C, Furst S, Santoro A, Bacigalupo A, Bruno B, Blaise D, Mavilio D, Bramanti S, Devillier R, Angelucci E, Castagna L.","Bone Marrow Transplant. 2022 Dec;57(12):1758-1764. doi: 10.1038/s41409-022-01565-1. Epub 2022 Sep 3.","Mariotti J","Bone Marrow Transplant","2022","2022/09/03","","","10.1038/s41409-022-01565-1"
"27832981","Haploidentical Bone Marrow Transplantation with Post-Transplant Cyclophosphamide for Children and Adolescents with Fanconi Anemia","Bonfim C, Ribeiro L, Nichele S, Loth G, Bitencourt M, Koliski A, Kuwahara C, Fabro AL, Pereira NF, Pilonetto D, Thakar M, Kiem HP, Page K, Fuchs EJ, Eapen M, Pasquini R.","Biol Blood Marrow Transplant. 2017 Feb;23(2):310-317. doi: 10.1016/j.bbmt.2016.11.006. Epub 2016 Nov 7.","Bonfim C","Biol Blood Marrow Transplant","2017","2016/11/12","","","10.1016/j.bbmt.2016.11.006"
"30924973","Low rates of acute and chronic GVHD with ATG and PTCy in matched and mismatched unrelated donor peripheral blood stem cell transplants","Prem S, Atenafu EG, Al-Shaibani Z, Loach D, Law A, Lam W, Michelis FV, Thyagu S, Kim DDH, Howard Lipton J, Kumar R, Viswabandya A.","Eur J Haematol. 2019 Jun;102(6):486-493. doi: 10.1111/ejh.13230. Epub 2019 Apr 29.","Prem S","Eur J Haematol","2019","2019/03/30","","","10.1111/ejh.13230"
"40946741","Bacterial Bloodstream Infections After Hematopoietic Cell Transplantation With Post-Transplant Cyclophosphamide","Chorão P, de Cossio S, Muñoz-Brell P, Marco M, Granados P, González EM, Villalba M, Asensi P, Balaguer-Roselló A, Gómez MD, Gómez I, Solves P, Louro A, Perla A, de la Rubia J, Salavert M, Sanz MA, Montoro J, Sanz J.","Transplant Cell Ther. 2026 Jan;32(1):96.e1-96.e10. doi: 10.1016/j.jtct.2025.09.019. Epub 2025 Sep 12.","Chorão P","Transplant Cell Ther","2026","2025/09/14","","","10.1016/j.jtct.2025.09.019"
"40223010","Anti-T lymphocyte globulin plus posttransplant cyclophosphamide 25 mg/kg versus posttransplant cyclophosphamide 50 mg/kg in patients with acute leukemias","Karakus A, Toptas T, Dal MS, Durdu A, Hatipoglu U, Kayer MA, Hindilerden IY, Tiryaki TO, Iskender D, Ulu BU, Yigenoglu TN, Erkurt MA, Ulas T, Altuntas F.","Bone Marrow Transplant. 2025 Jun;60(6):864-872. doi: 10.1038/s41409-025-02564-8. Epub 2025 Apr 13.","Karakus A","Bone Marrow Transplant","2025","2025/04/13","PMC12151847","","10.1038/s41409-025-02564-8"
"28049637","Low immunosuppressive burden after HLA-matched related or unrelated BMT using posttransplantation cyclophosphamide","Kanakry CG, Bolaños-Meade J, Kasamon YL, Zahurak M, Durakovic N, Furlong T, Mielcarek M, Medeot M, Gojo I, Smith BD, Kanakry JA, Borrello IM, Brodsky RA, Gladstone DE, Huff CA, Matsui WH, Swinnen LJ, Cooke KR, Ambinder RF, Fuchs EJ, de Lima MJ, Andersson BS, Varadhan R, O'Donnell PV, Jones RJ, Luznik L.","Blood. 2017 Mar 9;129(10):1389-1393. doi: 10.1182/blood-2016-09-737825. Epub 2017 Jan 3.","Kanakry CG","Blood","2017","2017/01/05","PMC5345732","","10.1182/blood-2016-09-737825"
"37363983","Post-transplantation Cyclophosphamide-based Graft-versus-host-disease Prophylaxis Compared to Methotrexate-cyclosporine a in Matched-related Allogeneic Hematopoietic Stem Cell Transplantation","Shouman MT, Mansour OM, El Gammal MM, Abdel-Fattah RM, Samra MA, Elhaddad AM, Maher MA, Mahmoud HK.","Hematol Oncol Stem Cell Ther. 2023 May 23;16(4):379-387. doi: 10.56875/2589-0646.1065.","Shouman MT","Hematol Oncol Stem Cell Ther","2023","2023/06/26","","","10.56875/2589-0646.1065"
"30337700","Pilot study using post-transplant cyclophosphamide (PTCy), tacrolimus and mycophenolate GVHD prophylaxis for older patients receiving 10/10 HLA-matched unrelated donor hematopoietic stem cell transplantation","Shah MV, Saliba RM, Rondon G, Chen J, Soebbing D, Rus I, Alousi A, Oran B, Kebriaei P, Qazilbash M, Parmar S, Hosing C, Khouri IF, Popat UR, Champlin RE, Ciurea SO.","Bone Marrow Transplant. 2019 Apr;54(4):601-606. doi: 10.1038/s41409-018-0367-2. Epub 2018 Oct 18.","Shah MV","Bone Marrow Transplant","2019","2018/10/20","PMC7232773","NIHMS1586481","10.1038/s41409-018-0367-2"
"40874329","Post-transplant cyclophosphamide improves survival compared to antithymocyte globulin in HLA-mismatched unrelated donor stem cell transplantation","Bordat J, Kaphan E, Robin M, Xhaard A, De Fontbrune FS, Chevillon F, Socie G, De Latour RP, Michonneau D.","Haematologica. 2026 Feb 1;111(2):546-557. doi: 10.3324/haematol.2024.287157. Epub 2025 Aug 28.","Bordat J","Haematologica","2026","2025/08/28","PMC12862306","","10.3324/haematol.2024.287157"
"39562716","Immunological reconstitution and infections after alloHCT - a comparison between post-transplantation cyclophosphamide, ATLG and non-ATLG based GvHD prophylaxis","Meyer T, Maas-Bauer K, Wäsch R, Duyster J, Zeiser R, Finke J, Wehr C.","Bone Marrow Transplant. 2025 Mar;60(3):286-296. doi: 10.1038/s41409-024-02474-1. Epub 2024 Nov 19.","Meyer T","Bone Marrow Transplant","2025","2024/11/20","PMC11893447","","10.1038/s41409-024-02474-1"
"32457025","Impact of Adding Antithymocyte Globulin to Posttransplantation Cyclophosphamide in Haploidentical Stem-Cell Transplantation","El-Cheikh J, Devillier R, Dulery R, Massoud R, Al Chami F, Ghaoui N, Moukalled N, Pagliardini T, Marino F, Malard F, Bazarbachi AH, Mohty R, Bazarbachi A, Castagna L, Mohty M, Blaise D.","Clin Lymphoma Myeloma Leuk. 2020 Sep;20(9):617-623. doi: 10.1016/j.clml.2020.04.003. Epub 2020 Apr 20.","El-Cheikh J","Clin Lymphoma Myeloma Leuk","2020","2020/05/28","","","10.1016/j.clml.2020.04.003"
"40577139","Letermovir prophylaxis for cytomegalovirus infection in hematopoietic transplantation with post-transplant cyclophosphamide","Gelo O, Arbelbide J, Garbarini M, Bendek G, Castro M, Oliveros K, Martínez Rolón J, Bentolila G, Szelagowski M, Berro M, Fuente L, Ayala LE, Vitriu AV, Foncuberta MC.","Medicina (B Aires). 2025;85(3):526-533.","Gelo O","Medicina (B Aires)","2025","2025/06/27","","",""
"36595478","Impact of GVHD prophylaxis on CMV reactivation and disease after HLA-matched peripheral blood stem cell transplantation","Ueda Oshima M, Xie H, Zamora D, Flowers ME, Hill GR, Mielcarek MB, Sandmaier BM, Gooley TA, Boeckh MJ.","Blood Adv. 2023 Apr 25;7(8):1394-1403. doi: 10.1182/bloodadvances.2022009112.","Ueda Oshima M","Blood Adv","2023","2023/01/03","PMC10139935","","10.1182/bloodadvances.2022009112"
"39880444","Multicentre adaptive randomised trial of GvHD prophylaxis following unrelated donor stem cell transplantation comparing Thymoglobulin versus calcineurin inhibitor-based or sirolimus-based post-transplant cyclophosphamide (Methods of T cell Depletion, MoTD trial)","Chakraverty R, Kempshall E, Dignan F, Bloor A, Collin M, Raj K, Davies J, Potter V, Malladi R, Smith S, Gates S, Gaskell C, Bishop R, Hodgkinson A, Smith G.","BMJ Open. 2025 Jan 28;15(1):e086223. doi: 10.1136/bmjopen-2024-086223.","Chakraverty R","BMJ Open","2025","2025/01/29","PMC11781120","","10.1136/bmjopen-2024-086223"
"26707539","Haploidentical hematopoietic stem cell transplantation with post-transplant high-dose cyclophosphamide in high-risk children: A single-center study","Yesilipek MA, Uygun V, Karasu G, Daloglu H, Dincer Z.","Pediatr Transplant. 2016 May;20(3):417-23. doi: 10.1111/petr.12658. Epub 2015 Dec 28.","Yesilipek MA","Pediatr Transplant","2016","2015/12/29","","","10.1111/petr.12658"
"37117266","Impact of donor age and relationship on outcomes of peripheral blood haploidentical hematopoietic cell transplantation","Pruitt A, Gao F, De Togni E, Cochran H, Godbole S, Slade M, Abboud R.","Bone Marrow Transplant. 2023 Aug;58(8):855-862. doi: 10.1038/s41409-023-01984-8. Epub 2023 Apr 28.","Pruitt A","Bone Marrow Transplant","2023","2023/04/28","PMC10400423","","10.1038/s41409-023-01984-8"
"29024804","Impact of HLA Disparity in Haploidentical Bone Marrow Transplantation Followed by High-Dose Cyclophosphamide","Raiola AM, Risitano A, Sacchi N, Giannoni L, Signori A, Aquino S, Bregante S, Di Grazia C, Dominietto A, Geroldi S, Ghiso A, Gualandi F, Lamparelli T, Tedone E, Van Lint MT, Varaldo R, Ibatici A, Marani C, Marotta S, Guolo F, Avenoso D, Garbarino L, Pane F, Bacigalupo A, Angelucci E.","Biol Blood Marrow Transplant. 2018 Jan;24(1):119-126. doi: 10.1016/j.bbmt.2017.10.002. Epub 2017 Oct 9.","Raiola AM","Biol Blood Marrow Transplant","2018","2017/10/13","","","10.1016/j.bbmt.2017.10.002"
"39891416","Haploidentical Stem Cell Transplantation With Dual Source of Cells and Post-Transplant Cyclophosphamide","Fonseca-Hial AMR, Parisio K, de Oliveira JSR.","Cancer Med. 2025 Feb;14(3):e70541. doi: 10.1002/cam4.70541.","Fonseca-Hial AMR","Cancer Med","2025","2025/02/01","PMC11785910","","10.1002/cam4.70541"
"36211438","Association between gene polymorphisms in the cyclophosphamide metabolism pathway with complications after haploidentical hematopoietic stem cell transplantation","Muñiz P, Andrés-Zayas C, Carbonell D, Chicano M, Bailén R, Oarbeascoa G, Suárez-González J, Gómez Centurión I, Dorado N, Gallardo D, Anguita J, Kwon M, Díez-Martín JL, Martínez-Laperche C, Buño I.","Front Immunol. 2022 Sep 23;13:1002959. doi: 10.3389/fimmu.2022.1002959. eCollection 2022.","Muñiz P","Front Immunol","2022","2022/10/10","PMC9537744","","10.3389/fimmu.2022.1002959"
"40954245","Thiotepa-busulfan-fludarabine compared to clofarabine-based conditioning for haploidentical transplant with posttransplant cyclophosphamide in patients with myeloid malignancies: a retrospective study from the SFGM-TC","Jullien M, Brissot E, Daguindau E, Loschi M, Bazarbachi A, Labussiere-Wallet H, Huynh A, Schmidt-Tanguy A, Charbonnier A, Turlure P, Beckerich F, Devillier R, Bay JO, Srour M, Ceballos P, Alani M, Souchet L, Marchand T, Rubio MT, Forcade E, Cornillon J, Chantepie S, Bulabois CE, Villate A, Garnier A, Peterlin P, Le Bourgeois A, Guillaume T, Chevallier P; Société Francophone de Greffe de Moelle et de Thérapie Cellulaire (SFGM-TC).","Bone Marrow Transplant. 2025 Dec;60(12):1592-1600. doi: 10.1038/s41409-025-02709-9. Epub 2025 Sep 15.","Jullien M","Bone Marrow Transplant","2025","2025/09/15","","","10.1038/s41409-025-02709-9"
"37532126","Human herpesvirus-6 reactivation and disease after allogeneic haematopoietic cell transplantation in the era of letermovir for cytomegalovirus prophylaxis","Kampouri E, Zamora D, Kiem ES, Liu W, Ibrahimi S, Blazevic RL, Lovas EA, Kimball LE, Huang ML, Jerome KR, Ueda Oshima M, Mielcarek M, Zerr DM, Boeckh MJ, Krantz EM, Hill JA.","Clin Microbiol Infect. 2023 Nov;29(11):1450.e1-1450.e7. doi: 10.1016/j.cmi.2023.07.026. Epub 2023 Jul 31.","Kampouri E","Clin Microbiol Infect","2023","2023/08/02","PMC10828110","NIHMS1931751","10.1016/j.cmi.2023.07.026"
"35955881","Post-Transplant Cyclophosphamide after Matched Sibling and Unrelated Donor Hematopoietic Stem Cell Transplantation in Pediatric Patients with Acute Myeloid Leukemia","Sheikh IN, Alqahtani S, Ragoonanan D, Tewari P, Petropoulos D, Mahadeo KM, Popat U, Shpall EJ, Khazal S.","Int J Mol Sci. 2022 Aug 6;23(15):8748. doi: 10.3390/ijms23158748.","Sheikh IN","Int J Mol Sci","2022","2022/08/12","PMC9368975","","10.3390/ijms23158748"
"37182736","Tocilizumab for Cytokine Release Syndrome Management After Haploidentical Hematopoietic Cell Transplantation With Post-Transplantation Cyclophosphamide-Based Graft-Versus-Host Disease Prophylaxis","Yao JM, Otoukesh S, Kim H, Yang D, Mokhtari S, Samara Y, Blackmon A, Arslan S, Agrawal V, Pourhassan H, Amanam I, Ball B, Koller P, Salhotra A, Becker P, Curtin P, Artz A, Aldoss I, Ali H, Stewart F, Smith E, Stein A, Marcucci G, Forman SJ, Nakamura R, Al Malki MM.","Transplant Cell Ther. 2023 Aug;29(8):515.e1-515.e7. doi: 10.1016/j.jtct.2023.05.008. Epub 2023 May 12.","Yao JM","Transplant Cell Ther","2023","2023/05/14","PMC10527340","NIHMS1906348","10.1016/j.jtct.2023.05.008"
"37646153","Mild Acute Graft-Versus-Host Disease Improves Outcomes After HLA-Haploidentical-Related Donor Transplantation Using Posttransplant Cyclophosphamide and Cord Blood Transplantation","Wada F, Kanda J, Kamijo K, Nishikubo M, Yoshioka S, Ishikawa T, Ueda Y, Akasaka T, Arai Y, Izumi K, Hirata H, Ikeda T, Yonezawa A, Anzai N, Watanabe M, Imada K, Yago K, Tamura N, Itoh M, Masuo Y, Kunitomi A, Takeoka T, Kitano T, Arima N, Hishizawa M, Asagoe K, Kondo T, Takaori-Kondo A.","Cell Transplant. 2023 Jan-Dec;32:9636897231194497. doi: 10.1177/09636897231194497.","Wada F","Cell Transplant","2023","2023/08/30","PMC10469234","","10.1177/09636897231194497"
"30194866","Sequential HLA-haploidentical transplantation utilizing post-transplantation cyclophosphamide for GvHD prophylaxis in high-risk and relapsed/refractory AML/MDS","Fraccaroli A, Prevalsek D, Fritsch S, Haebe S, Bücklein V, Schulz C, Hubmann M, Stemmler HJ, Ledderose G, Hausmann A, Schmid C, Tischer J.","Am J Hematol. 2018 Dec;93(12):1524-1531. doi: 10.1002/ajh.25281. Epub 2018 Oct 2.","Fraccaroli A","Am J Hematol","2018","2018/09/09","","","10.1002/ajh.25281"
"37467011","Early cessation of calcineurin inhibitors is feasible post-haploidentical blood stem cell transplant: the ANZHIT 1 study","Moore J, Hamad N, Gottlieb D, Bajel A, Ritchie D, Yeung D, Greenwood M, Purtill D, Tran S, Solterbeck A, Aarons D, Kwan J.","Blood Adv. 2023 Sep 26;7(18):5554-5565. doi: 10.1182/bloodadvances.2023009840.","Moore J","Blood Adv","2023","2023/07/19","PMC10514140","","10.1182/bloodadvances.2023009840"
"39836841","Haploidentical hematopoietic stem cell transplantation using post-transplant cyclophosphamide in patients with inborn errors of immunity: Experience in a reference center in Colombia","Medina D, Castro JO, Castro DE, Beltrán E, Manzi E, Franco AA, Olaya M.","Biomedica. 2024 Dec 23;44(Sp. 2):118-130. doi: 10.7705/biomedica.7560.","Medina D","Biomedica","2024","2025/01/21","PMC12014220","","10.7705/biomedica.7560"
"37248463","Non-T-depleted haploidentical transplantation with post-transplant cyclophosphamide in patients with secondary versus de novo AML in first complete remission: a study from the ALWP/EBMT","Nagler A, Labopin M, Blaise D, Raiola AM, Corral LL, Bramanti S, Sica S, Kwon M, Koc Y, Pavlu J, Kulagin A, Busca A, Rodríguez AB, Reményi P, Schmid C, Brissot E, Sanz J, Bazarbachi A, Giebel S, Ciceri F, Mohty M.","J Hematol Oncol. 2023 May 29;16(1):58. doi: 10.1186/s13045-023-01450-4.","Nagler A","J Hematol Oncol","2023","2023/05/29","PMC10226209","","10.1186/s13045-023-01450-4"
"38552844","Immunosuppression-Free Status at 1 Year after Haploidentical Hematopoietic Cell Transplantation with Post-Transplantation Cyclophosphamide","Solh M, Bashey A, Zhang X, Holland HK, Bachier-Rdriguez L, Morris LE, Solomon SR.","Transplant Cell Ther. 2024 Jun;30(6):607.e1-607.e8. doi: 10.1016/j.jtct.2024.03.025. Epub 2024 Mar 27.","Solh M","Transplant Cell Ther","2024","2024/03/29","","","10.1016/j.jtct.2024.03.025"
"37669234","Prophylactic donor lymphocyte infusion after haploidentical hematopoietic cell transplantation and post-transplant cyclophosphamide for treatment of high-risk myeloid neoplasms in children: A retrospective study","Qi SS, Chen Z, Du Y, Sun M, Wang Z, Long F, Luo L, Xiong H.","Pediatr Blood Cancer. 2023 Nov;70(11):e30659. doi: 10.1002/pbc.30659. Epub 2023 Sep 5.","Qi SS","Pediatr Blood Cancer","2023","2023/09/05","","","10.1002/pbc.30659"
"38604788","[Clinical study of the efficacies of ruxolitinib plus low-dose PTCY for acute GVHD prevention after haploidentical transplantation in malignant hematological diseases]","Li XP, Li Y, Liu L, Yuan ZT, Wang YC, Dong YC, Zhang DS, Feng J, Chen YN, Wang SB.","Zhonghua Xue Ye Xue Za Zhi. 2024 Feb 14;45(2):128-133. doi: 10.3760/cma.j.cn121090-20230929-00153.","Li XP","Zhonghua Xue Ye Xue Za Zhi","2024","2024/04/11","PMC11078677","","10.3760/cma.j.cn121090-20230929-00153"
"35079140","Post-transplant cyclophosphamide in one-antigen mismatched unrelated donor transplantation versus haploidentical transplantation in acute myeloid leukemia: a study from the Acute Leukemia Working Party of the EBMT","Battipaglia G, Galimard JE, Labopin M, Raiola AM, Blaise D, Ruggeri A, Koc Y, Gülbas Z, Vitek A, Sica S, Diez-Martin JL, Castagna L, Bruno B, Rovira M, Moiseev I, Martino M, Grillo G, Araujo MC, Bulabois CE, Nguyen S, Socié G, Arat M, Pavlu J, Tischer J, Martin H, Corral LL, Choi G, Forcade E, McDonald A, Pane F, Bazarbachi A, Ciceri F, Nagler A, Mohty M.","Bone Marrow Transplant. 2022 Apr;57(4):562-571. doi: 10.1038/s41409-022-01577-x. Epub 2022 Jan 25.","Battipaglia G","Bone Marrow Transplant","2022","2022/01/26","","","10.1038/s41409-022-01577-x"
"32818556","Shortened-Duration Immunosuppressive Therapy after Nonmyeloablative, Related HLA-Haploidentical or Unrelated Peripheral Blood Grafts and Post-Transplantation Cyclophosphamide","DeZern AE, Elmariah H, Zahurak M, Rosner GL, Gladstone DE, Ali SA, Huff CA, Swinnen LJ, Imus P, Borrello I, Wagner-Johnston ND, Ambinder RF, Brodsky RA, Cooke K, Luznik L, Fuchs EJ, Bolaños-Meade J, Jones RJ.","Biol Blood Marrow Transplant. 2020 Nov;26(11):2075-2081. doi: 10.1016/j.bbmt.2020.07.037. Epub 2020 Aug 18.","DeZern AE","Biol Blood Marrow Transplant","2020","2020/08/21","","","10.1016/j.bbmt.2020.07.037"
"35575911","Risk factors for adverse outcomes following haploidentical hematopoietic cell transplantation with posttransplant cyclophosphamide: a two-center analysis","de Lima VJT, da Silva AF, Kerbauy LN, Kerbauy MN, Lerner D, Colares M, Ribeiro AAF, da Silva CF, Hamerschlak N, Arcuri LJ.","Ann Hematol. 2022 Aug;101(8):1795-1802. doi: 10.1007/s00277-022-04865-0. Epub 2022 May 16.","de Lima VJT","Ann Hematol","2022","2022/05/16","","","10.1007/s00277-022-04865-0"
"30190282","Immune checkpoint inhibitors as a bridge to allogeneic transplantation with posttransplant cyclophosphamide","Schoch LK, Cooke KR, Wagner-Johnston ND, Gojo I, Swinnen LJ, Imus P, Fuchs EJ, Levis M, Ambinder RF, Jones RJ, Gladstone DE.","Blood Adv. 2018 Sep 11;2(17):2226-2229. doi: 10.1182/bloodadvances.2018019208.","Schoch LK","Blood Adv","2018","2018/09/08","PMC6134225","","10.1182/bloodadvances.2018019208"
"39099174","Allogeneic blood or marrow transplantation using haploidentical grandchildren donors and post-transplant cyclophosphamide-based graft-versus-host disease prophylaxis","Aljawai YM, Tsai HL, Varadhan R, Jones RJ, Imus PH.","Br J Haematol. 2024 Oct;205(4):1469-1476. doi: 10.1111/bjh.19673. Epub 2024 Aug 4.","Aljawai YM","Br J Haematol","2024","2024/08/05","","","10.1111/bjh.19673"
"36779595","Association between the choice of the conditioning regimen and outcomes of allogeneic hematopoietic cell transplantation for myelofibrosis","Murthy GSG, Kim S, Estrada-Merly N, Abid MB, Aljurf M, Assal A, Badar T, Badawy SM, Ballen K, Beitinjaneh A, Cerny J, Chhabra S, DeFilipp Z, Dholaria B, Perez MAD, Farhan S, Freytes CO, Gale RP, Ganguly S, Gupta V, Grunwald MR, Hamad N, Hildebrandt GC, Inamoto Y, Jain T, Jamy O, Juckett M, Kalaycio M, Krem MM, Lazarus HM, Litzow M, Munker R, Murthy HS, Nathan S, Nishihori T, Ortí G, Patel SS, Van der Poel M, Rizzieri DA, Savani BN, Seo S, Solh M, Verdonck LF, Wirk B, Yared JA, Nakamura R, Oran B, Scott B, Saber W.","Haematologica. 2023 Jul 1;108(7):1900-1908. doi: 10.3324/haematol.2022.281958.","Murthy GSG","Haematologica","2023","2023/02/13","PMC10316233","","10.3324/haematol.2022.281958"
"28898706","Profiles of pro-inflammatory cytokines in allogenic stem cell transplantation with post-transplant cyclophosphamide","Pirogova OV, Moiseev IS, Surkova EA, Lapin SV, Bondarenko SN, Kulagin AD, Afanasyev BV.","Cytokine. 2017 Nov;99:148-153. doi: 10.1016/j.cyto.2017.08.016. Epub 2017 Sep 9.","Pirogova OV","Cytokine","2017","2017/09/13","","","10.1016/j.cyto.2017.08.016"
"38280947","Second haploidentical bone marrow transplantation with antithymocyte antibody-containing conditioning regimen for graft failure in eight patients with severe aplastic anemia","Zhang C, Hou Y, Yang Y, Zhang J, Zheng X, Yan J.","Sci Rep. 2024 Jan 27;14(1):2293. doi: 10.1038/s41598-024-52917-4.","Zhang C","Sci Rep","2024","2024/01/27","PMC10821899","","10.1038/s41598-024-52917-4"
"40895535","Post-transplant cyclophosphamide in haploidentical stem cell transplantation: evaluating the impact of transplant conditioning intensity","Pizzano U, Piemontese S, Facchin G, Greco R, Battista ML, Peccatori J, Fanin R, Ciceri F, Patriarca F, Lupo-Stanghellini MT.","Front Immunol. 2025 Aug 15;16:1610391. doi: 10.3389/fimmu.2025.1610391. eCollection 2025.","Pizzano U","Front Immunol","2025","2025/09/02","PMC12394035","","10.3389/fimmu.2025.1610391"
"31632401","Interleukin-6 as Biomarker for Acute GvHD and Survival After Allogeneic Transplant With Post-transplant Cyclophosphamide","Greco R, Lorentino F, Nitti R, Lupo Stanghellini MT, Giglio F, Clerici D, Xue E, Lazzari L, Piemontese S, Mastaglio S, Assanelli A, Marktel S, Corti C, Bernardi M, Ciceri F, Peccatori J.","Front Immunol. 2019 Oct 1;10:2319. doi: 10.3389/fimmu.2019.02319. eCollection 2019.","Greco R","Front Immunol","2019","2019/10/22","PMC6779849","","10.3389/fimmu.2019.02319"
"35662592","Mycophenolate Mofetil: A Friend or a Foe with Post-Transplantation Cyclophosphamide and Tacrolimus Prophylaxis in HLA-Matched Donors?","Mehta RS, Saliba RM, Hayase E, Jenq RR, Abraham S, Rashid A, Rondon G, Al-Atrash G, Bashir Q, Hosing CM, Kebriaei P, Khouri I, Marin D, Nieto Y, Olson A, Oran B, Popat UR, Qazilbash MH, Ramdial J, Srour S, Champlin RE, Rezvani K, Shpall EJ, Alousi AM.","Transplant Cell Ther. 2022 Aug;28(8):500.e1-500.e10. doi: 10.1016/j.jtct.2022.05.039. Epub 2022 May 31.","Mehta RS","Transplant Cell Ther","2022","2022/06/06","PMC13014272","NIHMS2136660","10.1016/j.jtct.2022.05.039"
"33941871","Successful mismatched hematopoietic stem cell transplantation for pediatric hemoglobinopathy by using ATG and post-transplant cyclophosphamide","Oostenbrink LVE, Pool ES, Jol-van der Zijde CM, Jansen-Hoogendijk AM, Vervat C, van Halteren AGS, Bredius RGM, Smiers FJW, van Tol MJD, Schilham MW, Lankester AC, Mohseny AB.","Bone Marrow Transplant. 2021 Sep;56(9):2203-2211. doi: 10.1038/s41409-021-01302-0. Epub 2021 May 3.","Oostenbrink LVE","Bone Marrow Transplant","2021","2021/05/04","","","10.1038/s41409-021-01302-0"
"26093044","HLA-Haploidentical Peripheral Blood Stem Cell Transplantation with Post-Transplant Cyclophosphamide after Busulfan-Containing Reduced-Intensity Conditioning","Sugita J, Kawashima N, Fujisaki T, Kakihana K, Ota S, Matsuo K, Miyamoto T, Akashi K, Taniguchi S, Harada M, Teshima T; Japan Study Group for Cell Therapy and Transplantation.","Biol Blood Marrow Transplant. 2015 Sep;21(9):1646-52. doi: 10.1016/j.bbmt.2015.06.008. Epub 2015 Jun 18.","Sugita J","Biol Blood Marrow Transplant","2015","2015/06/21","","","10.1016/j.bbmt.2015.06.008"
"30876929","Haploidentical Hematopoietic Stem Cell Transplantation with Post-Transplant Cyclophosphamide for Primary Immunodeficiencies and Inherited Disorders in Children","Neven B, Diana JS, Castelle M, Magnani A, Rosain J, Touzot F, Moreira B, Fremond ML, Briand C, Bendavid M, Levy R, Morelle G, Vincent M, Magrin E, Bourget P, Chatenoud L, Picard C, Fischer A, Moshous D, Blanche S.","Biol Blood Marrow Transplant. 2019 Jul;25(7):1363-1373. doi: 10.1016/j.bbmt.2019.03.009. Epub 2019 Mar 12.","Neven B","Biol Blood Marrow Transplant","2019","2019/03/17","","","10.1016/j.bbmt.2019.03.009"
"32649866","Allogeneic bone marrow transplantation with post-transplant cyclophosphamide for patients with HIV and haematological malignancies: a feasibility study","Durand CM, Capoferri AA, Redd AD, Zahurak M, Rosenbloom DIS, Cash A, Avery RK, Bolaños-Meade J, Bollard CM, Bullen CK, Flexner C, Fuchs EJ, Gallant J, Gladstone DE, Gocke CD, Jones RJ, Kasamon YL, Lai J, Levis M, Luznik L, Marr KA, McHugh HL, Mehta Steinke S, Pham P, Pohlmeyer C, Pratz K, Shoham S, Wagner-Johnston N, Xu D, Siliciano JD, Quinn TC, Siliciano RF, Ambinder RF.","Lancet HIV. 2020 Sep;7(9):e602-e610. doi: 10.1016/S2352-3018(20)30073-4. Epub 2020 Jul 7.","Durand CM","Lancet HIV","2020","2020/07/11","PMC7484204","NIHMS1612081","10.1016/S2352-3018(20)30073-4"
"35978005","Comparison of HLA-mismatched unrelated donor transplantation with post-transplant cyclophosphamide versus HLA-haploidentical transplantation in patients with active acute myeloid leukemia","Baron F, Labopin M, Tischer J, Ciceri F, Raiola AM, Blaise D, Sica S, Vydra J, Fanin R, Diez-Martin JL, Bulabois CE, Stölzel F, Busca A, Jindra P, Koc Y, Chevallier P, Forcade E, Rösler W, Passweg J, Kulagin A, Carella AM, Simand C, Bazarbachi A, Pioltelli P, Nagler A, Mohty M.","Bone Marrow Transplant. 2022 Nov;57(11):1657-1663. doi: 10.1038/s41409-022-01781-9. Epub 2022 Aug 17.","Baron F","Bone Marrow Transplant","2022","2022/08/17","","","10.1038/s41409-022-01781-9"
"30661648","Bone marrow versus peripheral blood as a graft source for haploidentical donor transplantation in adults using post-transplant cyclophosphamide-A systematic review and meta-analysis","Yu X, Liu L, Xie Z, Dong C, Zhao L, Zhang J, Gu J, Zhu HH.","Crit Rev Oncol Hematol. 2019 Jan;133:120-128. doi: 10.1016/j.critrevonc.2018.05.017. Epub 2018 Jun 11.","Yu X","Crit Rev Oncol Hematol","2019","2019/01/22","","","10.1016/j.critrevonc.2018.05.017"
"31649665","ST2 and REG3α as Predictive Biomarkers After Haploidentical Stem Cell Transplantation Using Post-transplantation High-Dose Cyclophosphamide","Solán L, Kwon M, Carbonell D, Dorado N, Balsalobre P, Serrano D, Chicano-Lavilla M, Anguita J, Gayoso J, Díez-Martín JL, Martínez-Laperche C, Buño I.","Front Immunol. 2019 Oct 9;10:2338. doi: 10.3389/fimmu.2019.02338. eCollection 2019.","Solán L","Front Immunol","2019","2019/10/26","PMC6794466","","10.3389/fimmu.2019.02338"
"39031870","Letermovir as secondary prophylaxis of cytomegalovirus infection after allogeneic hematopoietic cell transplantation: A single center experience","Desai N, Pasic I, Law AD, Lam W, Gerbitz A, Viswabandya A, Kim DD, Kumar R, Mattsson J, Novitzky-Basso I, Michelis FV.","Eur J Haematol. 2024 Oct;113(4):477-484. doi: 10.1111/ejh.14258. Epub 2024 Jun 21.","Desai N","Eur J Haematol","2024","2024/07/20","","","10.1111/ejh.14258"
"26168069","Hemorrhagic cystitis after allogeneic hematopoietic cell transplantation: risk factors, graft source and survival","Lunde LE, Dasaraju S, Cao Q, Cohn CS, Reding M, Bejanyan N, Trottier B, Rogosheske J, Brunstein C, Warlick E, Young JA, Weisdorf DJ, Ustun C.","Bone Marrow Transplant. 2015 Nov;50(11):1432-7. doi: 10.1038/bmt.2015.162. Epub 2015 Jul 13.","Lunde LE","Bone Marrow Transplant","2015","2015/07/14","PMC5343753","NIHMS848836","10.1038/bmt.2015.162"
"34587551","Post-Transplantation Cyclophosphamide Is Associated with an Increase in Non-Cytomegalovirus Herpesvirus Infections in Patients with Acute Leukemia and Myelodysplastic Syndrome","Singh A, Dandoy CE, Chen M, Kim S, Mulroney CM, Kharfan-Dabaja MA, Ganguly S, Maziarz RT, Kanakry CG, Kanakry JA, Patel SS, Hill JA, De Oliveir S, Taplitz R, Hematti P, Lazarus HM, Abid MB, Goldsmith SR, Romee R, Komanduri KV, Badawy SM, Friend BD, Beitinjaneh A, Politikos I, Perales MA, Riches M.","Transplant Cell Ther. 2022 Jan;28(1):48.e1-48.e10. doi: 10.1016/j.jtct.2021.09.015. Epub 2021 Sep 26.","Singh A","Transplant Cell Ther","2022","2021/09/29","PMC9717499","NIHMS1772409","10.1016/j.jtct.2021.09.015"
"38186346","Matched unrelated donor transplantation versus haploidentical transplantation with post-transplant cyclophosphamide in children with acute myeloid leukemia: a PDWP-EBMT study","Ruggeri A, Santoro N, Galimard JE, Kalwak K, Algeri M, Zubarovskaya L, Czyzewski K, Skorobogatova E, Sedlacek P, Besley C, Balduzzi A, Bertrand Y, Peristeri J, Fagioli F, Ifversen M, Gozdzik J, Peters C, Versluijs B, Biffi A, Prete A, Faraci M, Ghemlas I, Bodova I, Aleinikova O, Dalissier A, Rocha V, Corbacioglu S.","Haematologica. 2024 Jul 1;109(7):2122-2130. doi: 10.3324/haematol.2023.284445.","Ruggeri A","Haematologica","2024","2024/01/08","PMC11215360","","10.3324/haematol.2023.284445"
"34655493","A modified conditioning regimen based on low-dose cyclophosphamide and fludarabine for haploidentical hematopoietic stem cell transplant in severe aplastic anemia patients at risk of severe cardiotoxicity","Lin F, Zhang Y, Han T, Cheng Y, Mo X, Wang J, Chen Y, Wang F, Tang F, Han W, Yan C, Xu Z, Zhang X, Wang Y, Huang X, Xu L.","Clin Transplant. 2022 Jan;36(1):e14514. doi: 10.1111/ctr.14514. Epub 2021 Oct 30.","Lin F","Clin Transplant","2022","2021/10/16","","","10.1111/ctr.14514"
"36982839","The Benefits of the Post-Transplant Cyclophosphamide in Both Haploidentical and Mismatched Unrelated Donor Setting in Allogeneic Stem Cells Transplantation","Dybko J, Sobczyk-Kruszelnicka M, Makuch S, Agrawal S, Dudek K, Giebel S, Gil L.","Int J Mol Sci. 2023 Mar 17;24(6):5764. doi: 10.3390/ijms24065764.","Dybko J","Int J Mol Sci","2023","2023/03/29","PMC10051342","","10.3390/ijms24065764"
"27758821","Post-transplant cyclophosphamide versus anti-thymocyte globulin as graft- versus-host disease prophylaxis in haploidentical transplant","Ruggeri A, Sun Y, Labopin M, Bacigalupo A, Lorentino F, Arcese W, Santarone S, Gülbas Z, Blaise D, Messina G, Ghavamzadeh A, Malard F, Bruno B, Diez-Martin JL, Koc Y, Ciceri F, Mohty M, Nagler A.","Haematologica. 2017 Feb;102(2):401-410. doi: 10.3324/haematol.2016.151779. Epub 2016 Oct 6.","Ruggeri A","Haematologica","2017","2016/10/21","PMC5286948","","10.3324/haematol.2016.151779"
"28346415","Haplo-Cord transplantation compared to haploidentical transplantation with post-transplant cyclophosphamide in patients with AML","Kwon M, Bautista G, Balsalobre P, Sánchez-Ortega I, Montesinos P, Bermúdez A, de Laiglesia A, Herrera P, Martin C, Humala K, Zabalza A, Torres M, Bento L, Corral LL, Heras I, Serrano D, Buño I, Anguita J, Regidor C, Duarte R, Cabrera R, Gayoso J, Diez-Martin JL.","Bone Marrow Transplant. 2017 Aug;52(8):1138-1143. doi: 10.1038/bmt.2017.36. Epub 2017 Mar 27.","Kwon M","Bone Marrow Transplant","2017","2017/03/28","","","10.1038/bmt.2017.36"
"22449197","T-cell replete fludarabine/cyclophosphamide reduced intensity allogeneic stem cell transplantation for lymphoid malignancies","Auer RL, MacDougall F, Oakervee HE, Taussig D, Davies JK, Syndercombe-Court D, Agrawal S, Cavenagh JD, Lister TA, Gribben JG.","Br J Haematol. 2012 Jun;157(5):580-5. doi: 10.1111/j.1365-2141.2012.09106.x. Epub 2012 Mar 26.","Auer RL","Br J Haematol","2012","2012/03/28","","","10.1111/j.1365-2141.2012.09106.x"
"32057614","Bone marrow haploidentical transplant with post-transplantation cyclophosphamide: does graft cell content have an impact on main clinical outcomes?","Teofili L, Chiusolo P, Valentini CG, Metafuni E, Bellesi S, Orlando N, Bianchi M, Giammarco S, Sica S, Bacigalupo A.","Cytotherapy. 2020 Mar;22(3):158-165. doi: 10.1016/j.jcyt.2020.01.007. Epub 2020 Feb 11.","Teofili L","Cytotherapy","2020","2020/02/15","","","10.1016/j.jcyt.2020.01.007"
"35848998","The impact of tocilizumab treatment for cytokine release syndrome on the incidence of early blood stream infections after peripheral blood haploidentical hematopoietic cell transplantation","De Togni E, Wan F, Slade M, Plach K, Abboud R.","Leuk Lymphoma. 2022 Dec;63(12):2975-2981. doi: 10.1080/10428194.2022.2100367. Epub 2022 Jul 18.","De Togni E","Leuk Lymphoma","2022","2022/07/18","","","10.1080/10428194.2022.2100367"
"34794373","Increased early mortality after fludarabine and melphalan conditioning with peripheral blood grafts in haploidentical hematopoietic cell transplantation with post-transplant cyclophosphamide","Eastburg L, Russler-Germain DA, DiPersio JF, Fountaine T, Andolina JR, Abboud R, Huselton E.","Leuk Lymphoma. 2022 Jan;63(1):222-226. doi: 10.1080/10428194.2021.1978087. Epub 2021 Nov 18.","Eastburg L","Leuk Lymphoma","2022","2021/11/19","","","10.1080/10428194.2021.1978087"
"22940057","Unmanipulated haploidentical bone marrow transplantation and posttransplantation cyclophosphamide for hematologic malignancies after myeloablative conditioning","Raiola AM, Dominietto A, Ghiso A, Di Grazia C, Lamparelli T, Gualandi F, Bregante S, Van Lint MT, Geroldi S, Luchetti S, Ballerini F, Miglino M, Varaldo R, Bacigalupo A.","Biol Blood Marrow Transplant. 2013 Jan;19(1):117-22. doi: 10.1016/j.bbmt.2012.08.014. Epub 2012 Aug 29.","Raiola AM","Biol Blood Marrow Transplant","2013","2012/09/04","","","10.1016/j.bbmt.2012.08.014"
"35225024","Lower Absolute Lymphocyte Count Before Conditioning Predicts High Relapse Risk in Patients After Haploidentical Peripheral Blood Stem Cell Transplantation With Low Dose Anti-Thymocyte Globulin/Post-Transplant Cyclophosphamide for GvHD Prophylaxis","Zhou X, Cai Y, Yang J, Tong Y, Qiu H, Huang C, Zhou K, Xu X, Niu J, Xia X, Zhang Y, Shen C, Wei Y, Song X, Wan L.","Cell Transplant. 2022 Jan-Dec;31:9636897221079739. doi: 10.1177/09636897221079739.","Zhou X","Cell Transplant","2022","2022/02/28","PMC8894976","","10.1177/09636897221079739"
"28711728","Allogeneic Blood or Marrow Transplantation with Post-Transplantation Cyclophosphamide as Graft-versus-Host Disease Prophylaxis in Multiple Myeloma","Ghosh N, Ye X, Tsai HL, Bolaños-Meade J, Fuchs EJ, Luznik L, Swinnen LJ, Gladstone DE, Ambinder RF, Varadhan R, Shanbhag S, Brodsky RA, Borrello IM, Jones RJ, Matsui W, Huff CA.","Biol Blood Marrow Transplant. 2017 Nov;23(11):1903-1909. doi: 10.1016/j.bbmt.2017.07.003. Epub 2017 Jul 12.","Ghosh N","Biol Blood Marrow Transplant","2017","2017/07/17","PMC5682203","NIHMS900715","10.1016/j.bbmt.2017.07.003"
"33675520","EBV-PTLD in a patient after haploidentical stem-cell transplantation with post-transplant cyclophosphamide","Terao T, Tsushima T, Fukumoto A, Kuzume A, Miura D, Narita K, Takeuchi M, Matsue K.","Int J Hematol. 2021 Jul;114(1):136-140. doi: 10.1007/s12185-021-03111-z. Epub 2021 Mar 6.","Terao T","Int J Hematol","2021","2021/03/06","","","10.1007/s12185-021-03111-z"
"31534196","Posttransplantation cyclophosphamide vs. antithymocyte globulin as GVHD prophylaxis for mismatched unrelated hematopoietic stem cell transplantation","Nykolyszyn C, Granata A, Pagliardini T, Castagna L, Harbi S, Bouabdallah R, Vey N, Fürst S, Maisano V, Legrand F, Lemarié C, Calmels B, Chabannon C, Weiller PJ, Blaise D, Devillier R.","Bone Marrow Transplant. 2020 Feb;55(2):349-355. doi: 10.1038/s41409-019-0682-2. Epub 2019 Sep 18.","Nykolyszyn C","Bone Marrow Transplant","2020","2019/09/20","","","10.1038/s41409-019-0682-2"
"38355911","Peripheral blood stem cell transplantation using HLA-haploidentical donor with post-transplant cyclophosphamide versus HLA-matched sibling donor for lymphoma","Nakaya Y, Nakamae H, Nishikubo M, Kondo E, Fukuda T, Hiramoto N, Mori Y, Nagafuji K, Eto T, Onishi Y, Uchida N, Ishikawa J, Matsuoka KI, Yui S, Takase K, Kawakita T, Kanda J, Ichinohe T, Atsuta Y, Kako S.","Bone Marrow Transplant. 2024 May;59(5):630-636. doi: 10.1038/s41409-024-02229-y. Epub 2024 Feb 14.","Nakaya Y","Bone Marrow Transplant","2024","2024/02/15","","","10.1038/s41409-024-02229-y"
"31673080","Thiotepa and antithymocyte globulin-based conditioning prior to haploidentical transplantation with posttransplant cyclophosphamide in high-risk hematological malignancies","Peric Z, Mohty R, Bastos J, Brissot E, Battipaglia G, Belhocine R, Sestili S, Giannotti F, Vekhoff A, Ledraa T, Legrand O, Lapusan S, Isnard F, Labopin M, Bonnin A, Mediavilla C, Rubio MT, Ruggeri A, Duléry R, Malard F, Mohty M.","Bone Marrow Transplant. 2020 Apr;55(4):763-772. doi: 10.1038/s41409-019-0726-7. Epub 2019 Oct 31.","Peric Z","Bone Marrow Transplant","2020","2019/11/02","","","10.1038/s41409-019-0726-7"
"37954615","Low-dose anti-thymocyte globulin plus low-dose post-transplant cyclophosphamide-based regimen for prevention of graft-versus-host disease after haploidentical peripheral blood stem cell transplants: a large sample, long-term follow-up retrospective study","Li X, Yang J, Cai Y, Huang C, Xu X, Qiu H, Niu J, Zhou K, Zhang Y, Xia X, Wei Y, Shen C, Tong Y, Dong B, Wan L, Song X.","Front Immunol. 2023 Oct 26;14:1252879. doi: 10.3389/fimmu.2023.1252879. eCollection 2023.","Li X","Front Immunol","2023","2023/11/13","PMC10639171","","10.3389/fimmu.2023.1252879"
"37340345","Investigation of KIR/HLA relationship and other clinical variables after T-cell-replete haploidentical bone marrow transplantation in patients with acute myeloid leukemia (AML)","Bakhtiari T, Ahmadvand M, Yaghmaie M, Sadeghi A, Mousavi SA, Rostami T, Ganjalikhani-Hakemi M.","BMC Immunol. 2023 Jun 20;24(1):10. doi: 10.1186/s12865-023-00548-1.","Bakhtiari T","BMC Immunol","2023","2023/06/20","PMC10283280","","10.1186/s12865-023-00548-1"
"26670632","Reduced-intensity transplantation for lymphomas using haploidentical related donors vs HLA-matched unrelated donors","Kanate AS, Mussetti A, Kharfan-Dabaja MA, Ahn KW, DiGilio A, Beitinjaneh A, Chhabra S, Fenske TS, Freytes C, Gale RP, Ganguly S, Hertzberg M, Klyuchnikov E, Lazarus HM, Olsson R, Perales MA, Rezvani A, Riches M, Saad A, Slavin S, Smith SM, Sureda A, Yared J, Ciurea S, Armand P, Salit R, Bolaños-Meade J, Hamadani M.","Blood. 2016 Feb 18;127(7):938-47. doi: 10.1182/blood-2015-09-671834. Epub 2015 Dec 15.","Kanate AS","Blood","2016","2015/12/17","PMC4760094","","10.1182/blood-2015-09-671834"
"35696192","Human leukocyte antigen-haploidentical transplantation for relapsed/refractory acute myeloid leukemia: Better leukemia-free survival with bone marrow than with peripheral blood stem cells in patients ≥55 years of age","Baron F, Labopin M, Tischer J, Ciceri F, Raiola AM, Blaise D, Sica S, Vydra J, Fanin R, Stölzel F, Busca A, Diez-Martin JL, Koc Y, Nagler A, Mohty M.","Am J Hematol. 2022 Aug;97(8):1065-1074. doi: 10.1002/ajh.26627. Epub 2022 Jun 24.","Baron F","Am J Hematol","2022","2022/06/13","","","10.1002/ajh.26627"
"25325678","Feasibility of HLA-haploidentical hematopoietic stem cell transplantation with post-transplantation cyclophosphamide for advanced pediatric malignancies","Sawada A, Shimizu M, Isaka K, Higuchi K, Mayumi A, Yoshimoto Y, Kikuchi H, Kondo O, Koyama-Sato M, Yasui M, Kawa K, Inoue M.","Pediatr Hematol Oncol. 2014 Nov;31(8):754-64. doi: 10.3109/08880018.2014.961214. Epub 2014 Oct 17.","Sawada A","Pediatr Hematol Oncol","2014","2014/10/18","","","10.3109/08880018.2014.961214"
"35022535","The association of graft-versus-leukemia effect and graft-versus host disease in haploidentical transplantation with post-transplant cyclophosphamide for AML","Shimoni A, Labopin M, Angelucci E, Blaise D, Ciceri F, Koc Y, Gülbas Z, Diez-Martin JL, Bruno B, Castagna L, Martino M, Rovira M, Mohty M, Nagler A.","Bone Marrow Transplant. 2022 Mar;57(3):384-390. doi: 10.1038/s41409-021-01493-6. Epub 2022 Jan 13.","Shimoni A","Bone Marrow Transplant","2022","2022/01/13","","","10.1038/s41409-021-01493-6"
"36458000","Lower dose of ATG combined with basiliximab for haploidentical hematopoietic stem cell transplantation is associated with effective control of GVHD and less CMV viremia","Huang Z, Yan H, Teng Y, Shi W, Xia L.","Front Immunol. 2022 Nov 15;13:1017850. doi: 10.3389/fimmu.2022.1017850. eCollection 2022.","Huang Z","Front Immunol","2022","2022/12/02","PMC9705727","","10.3389/fimmu.2022.1017850"
"32813875","Impact of donor age and kinship on clinical outcomes after T-cell-replete haploidentical transplantation with PT-Cy","Mariotti J, Raiola AM, Evangelista A, Carella AM, Martino M, Patriarca F, Risitano A, Bramanti S, Busca A, Giaccone L, Brunello L, Merla E, Savino L, Loteta B, Console G, Fanin R, Sperotto A, Marano L, Marotta S, Frieri C, Sica S, Chiusolo P, Harbi S, Furst S, Santoro A, Bacigalupo A, Blaise D, Angelucci E, Mavilio D, Castagna L, Bruno B.","Blood Adv. 2020 Aug 25;4(16):3900-3912. doi: 10.1182/bloodadvances.2020001620.","Mariotti J","Blood Adv","2020","2020/08/20","PMC7448598","","10.1182/bloodadvances.2020001620"
"35680995","Post-transplant cyclophosphamide and sirolimus based graft-versus-host disease prophylaxis after allogeneic stem cell transplantation for acute myeloid leukemia","Lazzari L, Balaguer-Roselló A, Montoro J, Greco R, Hernani R, Lupo-Stanghellini MT, Villalba M, Giglio F, Facal A, Lorentino F, Guerreiro M, Bruno A, Pérez A, Xue E, Clerici D, Piemontese S, Piñana JL, Sanz MÁ, Solano C, de la Rubia J, Ciceri F, Peccatori J, Sanz J.","Bone Marrow Transplant. 2022 Sep;57(9):1389-1398. doi: 10.1038/s41409-022-01725-3. Epub 2022 Jun 9.","Lazzari L","Bone Marrow Transplant","2022","2022/06/10","PMC9439951","","10.1038/s41409-022-01725-3"
"30672611","Caspofungin for primary antifungal prophylaxis after T-cell-replete haploidentical stem cell transplantation with post-transplant cyclophosphamide","Mariotti J, De Philippis C, Bramanti S, Sarina B, Tordato F, Pocaterra D, Casari E, Carlo-Stella C, Santoro A, Castagna L.","Eur J Haematol. 2019 Apr;102(4):357-367. doi: 10.1111/ejh.13214. Epub 2019 Feb 13.","Mariotti J","Eur J Haematol","2019","2019/01/24","PMC7163667","","10.1111/ejh.13214"
"38961258","Tacrolimus versus cyclosporine a combined with post-transplantation cyclophosphamide for AML In first complete remission: a study from the acute leukemia working party (EBMT)","Bug G, Labopin M, Kulagin A, Blaise D, Raiola AM, Vydra J, Sica S, Kwon M, López-Corral L, Bramanti S, von dem Borne P, Itälä-Remes M, Martino M, Koc Y, Brissot E, Giebel S, Nagler A, Ciceri F, Mohty M.","Bone Marrow Transplant. 2024 Oct;59(10):1394-1401. doi: 10.1038/s41409-024-02331-1. Epub 2024 Jul 3.","Bug G","Bone Marrow Transplant","2024","2024/07/03","PMC11452337","","10.1038/s41409-024-02331-1"
"38616351","Post-transplant-cyclophosphamide and short-term Everolimus as graft-versus-host-prophylaxis in patients with relapsed/refractory lymphoma and myeloma-Final results of the phase II OCTET-EVER trial","Richardson T, Scheid C, Herling M, Frenzel LP, Herling C, Aguilar MRC, Theurich S, Hallek M, Holtick U.","Eur J Haematol. 2024 Aug;113(2):163-171. doi: 10.1111/ejh.14210. Epub 2024 Apr 14.","Richardson T","Eur J Haematol","2024","2024/04/15","","","10.1111/ejh.14210"
"31481121","Low-dose post-transplant cyclophosphamide and anti-thymocyte globulin as an effective strategy for GVHD prevention in haploidentical patients","Wang Y, Wu DP, Liu QF, Xu LP, Liu KY, Zhang XH, Yu WJ, Xu Y, Huang F, Huang XJ.","J Hematol Oncol. 2019 Sep 3;12(1):88. doi: 10.1186/s13045-019-0781-y.","Wang Y","J Hematol Oncol","2019","2019/09/05","PMC6724335","","10.1186/s13045-019-0781-y"
"38331195","Cytomegalovirus Reactivations in Allogeneic Hematopoietic Stem Cell Transplantation from HLA-Matched and Haploidentical Donors with Post-Transplantation Cyclophosphamide","Chorão P, Henriques M, Villalba M, Montoro J, Balaguer-Roselló A, González EM, Gómez MD, Gómez I, Solves P, Santiago M, Asensi P, Lamas B, Bataller A, Granados P, Eiris J, Martínez D, Louro A, Rebollar P, Perla A, Salavert M, de la Rubia J, Sanz MÁ, Sanz J.","Transplant Cell Ther. 2024 May;30(5):538.e1-538.e10. doi: 10.1016/j.jtct.2024.01.082. Epub 2024 Feb 6.","Chorão P","Transplant Cell Ther","2024","2024/02/08","","","10.1016/j.jtct.2024.01.082"
"30958904","Impact of cyclosporine A concentration on acute graft-vs-host disease incidence after haploidentical hematopoietic cell transplantation","Stocker N, Duléry R, Battipaglia G, Brissot E, Médiavilla C, Sestili S, Paviglianiti A, Ledraa T, Mohty R, Bazarbachi A, Belhocine R, Vekhoff A, Ruggeri A, Mohty M, Malard F.","Eur J Haematol. 2019 Jul;103(1):10-17. doi: 10.1111/ejh.13233. Epub 2019 May 14.","Stocker N","Eur J Haematol","2019","2019/04/09","","","10.1111/ejh.13233"
"36353617","Case report: HLA-haploidentical hematopoietic cell transplant with posttransplant cyclophosphamide in a patient with leukocyte adhesion deficiency type I","Yamashita M, Eguchi S, Tomomasa D, Kamiya T, Niizato D, Mitsuiki N, Isoda T, Funakoshi H, Mizuno Y, Okamoto K, Nguyen TM, Takada H, Takagi M, Imai K, Morio T, Kanegane H.","Front Immunol. 2022 Oct 24;13:1020362. doi: 10.3389/fimmu.2022.1020362. eCollection 2022.","Yamashita M","Front Immunol","2022","2022/11/10","PMC9638093","","10.3389/fimmu.2022.1020362"
"35752739","Reduced intensity versus non-myeloablative conditioning regimen for haploidentical transplantation and post-transplantation cyclophosphamide in complete remission acute myeloid leukemia: a study from the ALWP of the EBMT","Devillier R, Galimard JE, Labopin M, Blaise D, Raiola AM, Pavlu J, Castagna L, Socié G, Chalandon Y, Martino M, Stölzel F, Bug G, Bruno B, Vrhovac R, Charbonnier A, Olivieri A, Bay JO, Arroyo H, Yakoub-Agha I, Avenoso D, Neubauer A, Nguyen S, Forcade E, Brissot E, Savani B, Nagler A, Mohty M.","Bone Marrow Transplant. 2022 Sep;57(9):1421-1427. doi: 10.1038/s41409-022-01674-x. Epub 2022 Jun 25.","Devillier R","Bone Marrow Transplant","2022","2022/06/25","","","10.1038/s41409-022-01674-x"
"32375860","Post-transplant cyclophosphamide after matched sibling, unrelated and haploidentical donor transplants in patients with acute myeloid leukemia: a comparative study of the ALWP EBMT","Sanz J, Galimard JE, Labopin M, Afanasyev B, Angelucci E, Ciceri F, Blaise D, Cornelissen JJ, Meijer E, Diez-Martin JL, Koc Y, Rovira M, Castagna L, Savani B, Ruggeri A, Nagler A, Mohty M; Acute Leukemia Working Party of the European Society for Blood and Marrow Transplantation (EBMT).","J Hematol Oncol. 2020 May 6;13(1):46. doi: 10.1186/s13045-020-00882-6.","Sanz J","J Hematol Oncol","2020","2020/05/08","PMC7201995","","10.1186/s13045-020-00882-6"
"26947769","Post-transplantation cyclophosphamide versus conventional graft-versus-host disease prophylaxis in mismatched unrelated donor haematopoietic cell transplantation","Mehta RS, Saliba RM, Chen J, Rondon G, Hammerstrom AE, Alousi A, Qazilbash M, Bashir Q, Ahmed S, Popat U, Hosing C, Khouri I, Shpall EJ, Champlin RE, Ciurea SO.","Br J Haematol. 2016 May;173(3):444-55. doi: 10.1111/bjh.13977. Epub 2016 Mar 7.","Mehta RS","Br J Haematol","2016","2016/03/08","PMC5459488","NIHMS860578","10.1111/bjh.13977"
"32354866","Post-transplant cyclophosphamide versus anti-thymocyte globulin for graft-versus-host disease prevention in haploidentical transplantation for adult acute lymphoblastic leukemia","Nagler A, Kanate AS, Labopin M, Ciceri F, Angelucci E, Koc Y, Gülbas Z, Arcese W, Tischer J, Pioltelli P, Ozdogu H, Afanasyev B, Wu D, Arat M, Peric Z, Giebel S, Savani B, Mohty M.","Haematologica. 2021 Jun 1;106(6):1591-1598. doi: 10.3324/haematol.2020.247296.","Nagler A","Haematologica","2021","2020/05/02","PMC8168508","","10.3324/haematol.2020.247296"
"29255169","Outcomes of haploidentical stem cell transplantation for chronic lymphocytic leukemia: a retrospective study on behalf of the chronic malignancies working party of the EBMT","van Gorkom G, van Gelder M, Eikema DJ, Blok HJ, van Lint MT, Koc Y, Ciceri F, Beelen D, Chevallier P, Selleslag D, Blaise D, Foá R, Corradini P, Castagna L, Moreno C, Solano C, Müller LP, Tischer J, Hilgendorf I, Hallek M, Bittenbring J, Theobald M, Schetelig J, Kröger N; CLL subcommittee; Chronic Malignancies Working Party of the EBMT.","Bone Marrow Transplant. 2018 Mar;53(3):255-263. doi: 10.1038/s41409-017-0023-2. Epub 2017 Dec 18.","van Gorkom G","Bone Marrow Transplant","2018","2017/12/20","","","10.1038/s41409-017-0023-2"
"35513253","Comparisons of Modified Post-Transplantation Cyclophosphamide and Granulocyte Colony-Stimulating Factor/Antithymocyte Globulin Regimens for Haploidentical Stem Cell Transplantation in Patients with Aplastic Anemia","Li Y, Lu X, Wang N, Zhang X, Cao Y, Xiao Y, Meng F, Zhang D, You Y, Zou L, Cheng H, Guo J, Zhang Y, Huang Z, Yuan G, Wei J, Wang H, Xia L, Zhang Y.","Transplant Cell Ther. 2022 Jul;28(7):396.e1-396.e9. doi: 10.1016/j.jtct.2022.04.021. Epub 2022 May 3.","Li Y","Transplant Cell Ther","2022","2022/05/05","","","10.1016/j.jtct.2022.04.021"
"37775070","Incidence and Impact of Fungal Infections in Post-Transplantation Cyclophosphamide-Based Graft-versus-Host Disease Prophylaxis and Haploidentical Hematopoietic Cell Transplantation: A Center for International Blood and Marrow Transplant Research Analysis","Papanicolaou GA, Chen M, He N, Martens MJ, Kim S, Batista MV, Bhatt NS, Hematti P, Hill JA, Liu H, Nathan S, Seftel MD, Sharma A, Waller EK, Wingard JR, Young JH, Dandoy CE, Perales MA, Chemaly RF, Riches M, Ustun C.","Transplant Cell Ther. 2024 Jan;30(1):114.e1-114.e16. doi: 10.1016/j.jtct.2023.09.017. Epub 2023 Sep 28.","Papanicolaou GA","Transplant Cell Ther","2024","2023/09/29","PMC10872466","NIHMS1942853","10.1016/j.jtct.2023.09.017"
"37952139","Endothelial Activation and Stress Index in adults undergoing allogeneic hematopoietic cell transplantation with post-transplant cyclophosphamide-based prophylaxis","Escribano-Serrat S, Rodríguez-Lobato LG, Charry P, Martínez-Cibrian N, Suárez-Lledó M, Rivero A, Moreno-Castaño AB, Solano MT, Arcarons J, Nomdedeu M, Cid J, Lozano M, Pedraza A, Rosiñol L, Esteve J, Urbano-Ispizua Á, Palomo M, Fernández-Avilés F, Martínez C, Díaz-Ricart M, Carreras E, Rovira M, Salas MQ.","Cytotherapy. 2024 Jan;26(1):73-80. doi: 10.1016/j.jcyt.2023.10.008. Epub 2023 Nov 10.","Escribano-Serrat S","Cytotherapy","2024","2023/11/12","","","10.1016/j.jcyt.2023.10.008"
"31487392","Infectious complications after post-transplantation cyclophosphamide and anti-thymocyte globulin-based haploidentical stem cell transplantation","Mohty R, Brissot E, Battipaglia G, Ruggeri A, Dulery R, Bonnin A, Médiavilla C, Sestili S, Belhocine R, Vekhoff A, Ledraa T, Lapusan CS, Adaeva R, Isnard F, Legrand O, Mohty M, Malard F.","Br J Haematol. 2019 Nov;187(3):e64-e68. doi: 10.1111/bjh.16189. Epub 2019 Sep 5.","Mohty R","Br J Haematol","2019","2019/09/06","","","10.1111/bjh.16189"
"29907809","Killer cell immunoglobulin-like receptor ligand mismatching and outcome after haploidentical transplantation with post-transplant cyclophosphamide","Shimoni A, Labopin M, Lorentino F, Van Lint MT, Koc Y, Gülbas Z, Tischer J, Bruno B, Blaise D, Pioltelli P, Afanasyev B, Ciceri F, Mohty M, Nagler A.","Leukemia. 2019 Jan;33(1):230-239. doi: 10.1038/s41375-018-0170-5. Epub 2018 Jun 15.","Shimoni A","Leukemia","2019","2018/06/17","","","10.1038/s41375-018-0170-5"
"41046309","Comparison of single-unit umbilical cord blood transplantation and haploidentical transplantation using posttransplant cyclophosphamide during first complete remission of acute myeloid leukemia","Yanada M, Yamasaki S, Mizuno S, Sugita J, Fujino T, Misaki Y, Tanaka M, Uchida N, Onizuka M, Doki N, Ota S, Sawa M, Kawakita T, Hasegawa Y, Nakamae H, Ishiwata K, Hiramoto N, Ishimaru F, Kanda J, Ohbiki M, Atsuta Y, Nakasone H, Konuma T.","Bone Marrow Transplant. 2026 Jan;61(1):18-25. doi: 10.1038/s41409-025-02729-5. Epub 2025 Oct 5.","Yanada M","Bone Marrow Transplant","2026","2025/10/04","","","10.1038/s41409-025-02729-5"
"40968076","Can we move beyond myeloablative conditioning (MAC)? A comparison of MAC versus reduced intensity conditioning (RIC) in patients aged younger than 65 years undergoing allogeneic haematopoietic cell transplantation using ATG-PTCy-CSA for GVHD prophylaxis","Alyamany R, Alnughmush A, Remberger M, Law AD, Lam W, Kim DDH, Michelis FV, Pasic I, Novitzky-Basso I, Gerbitz A, Kumar R, Mattsson J, Viswabandya A.","Br J Haematol. 2025 Dec;207(6):2507-2516. doi: 10.1111/bjh.70170. Epub 2025 Sep 18.","Alyamany R","Br J Haematol","2025","2025/09/18","","","10.1111/bjh.70170"
"36924931","Real-World Data Showing Trends and Outcomes by Race and Ethnicity in Allogeneic Hematopoietic Cell Transplantation: A Report from the Center for International Blood and Marrow Transplant Research","Auletta JJ, Kou J, Chen M, Bolon YT, Broglie L, Bupp C, Christianson D, Cusatis RN, Devine SM, Eapen M, Hamadani M, Hengen M, Lee SJ, Moskop A, Page KM, Pasquini MC, Perez WS, Phelan R, Riches ML, Rizzo JD, Saber W, Spellman SR, Stefanski HE, Steinert P, Tuschl E, Yusuf R, Zhang MJ, Shaw BE.","Transplant Cell Ther. 2023 Jun;29(6):346.e1-346.e10. doi: 10.1016/j.jtct.2023.03.007. Epub 2023 Mar 15.","Auletta JJ","Transplant Cell Ther","2023","2023/03/16","PMC10239334","NIHMS1882983","10.1016/j.jtct.2023.03.007"
"37280430","Effect of HLA mismatch on post-transplant infections in allogeneic hematopoietic stem cell transplantation with PTCy-based GvHD prophylaxis","Marra JD, Galli E, Giammarco S, Chiusolo P, Metafuni E, Sora F, Laurenti L, Innocenti I, Autore F, Limongiello MA, Fresa A, Bacigalupo A, Sica S.","Bone Marrow Transplant. 2023 Sep;58(9):1042-1044. doi: 10.1038/s41409-023-02010-7. Epub 2023 Jun 6.","Marra JD","Bone Marrow Transplant","2023","2023/06/06","","","10.1038/s41409-023-02010-7"
"35840747","Low-dose post-transplant cyclophosphamide with low-dose antithymocyte globulin for prevention of graft-versus-host disease in first complete remission undergoing 10/10 HLA-matched unrelated donor peripheral blood stem cell transplants: a multicentre, randomized controlled trial","Zu Y, Li Z, Gui R, Liu Y, Zhang Y, Yu F, Zhao H, Fu Y, Zhan X, Wang Z, Xing P, Wang X, Wang H, Zhou J, Song Y.","Bone Marrow Transplant. 2022 Oct;57(10):1573-1580. doi: 10.1038/s41409-022-01754-y. Epub 2022 Jul 15.","Zu Y","Bone Marrow Transplant","2022","2022/07/15","PMC9532243","","10.1038/s41409-022-01754-y"
"35830930","Comparison of Outcomes after Unrelated Double-Unit Cord Blood and Haploidentical Peripheral Blood Stem Cell Transplantation in Adults with Acute Myelogenous Leukemia: A Study on Behalf of Eurocord and the Acute Leukemia Working Party of the European Society for Blood and Marrow Transplantation","Ruggeri A, Galimard JE, Labopin M, Rafii H, Blaise D, Ciceri F, Diez-Martin JL, Cornelissen J, Chevallier P, Sanchez-Guijo F, Nicholson E, Castagna L, Forcade E, Kuball J, Rovira M, Koc Y, Pavlu J, Gulbas Z, Vydra J, Baron F, Sanz J, Spyridonidis A, Savani B, Gluckman E, Nagler A, Mohty M.","Transplant Cell Ther. 2022 Oct;28(10):710.e1-710.e10. doi: 10.1016/j.jtct.2022.07.006. Epub 2022 Jul 11.","Ruggeri A","Transplant Cell Ther","2022","2022/07/13","","","10.1016/j.jtct.2022.07.006"
"34905239","Anti-thymocyte Globulin and Post-Transplant Cyclophosphamide do not abrogate the inferior outcome risk conferred by human leukocyte antigen-A and -B mismatched donors","Novitzky-Basso I, Remberger M, Chen C, Ellison C, Pasic I, Lam W, Law A, Gerbitz A, Viswabandya A, Lipton JH, Kim DD, Kumar R, Michelis FV, Mattsson J.","Eur J Haematol. 2022 Apr;108(4):288-297. doi: 10.1111/ejh.13735. Epub 2021 Dec 27.","Novitzky-Basso I","Eur J Haematol","2022","2021/12/14","","","10.1111/ejh.13735"
"38521411","Graft Failure Incidence, Risk Factors, and Outcomes in Patients Undergoing Non-Myeloablative Allogeneic Hematopoietic Cell Transplantation Using Post-Transplant Cyclophosphamide","Mata JR, Zahurak M, Rosen N, DeZern AE, Jones RJ, Ambinder AJ.","Transplant Cell Ther. 2024 Jun;30(6):588-596. doi: 10.1016/j.jtct.2024.03.018. Epub 2024 Mar 22.","Mata JR","Transplant Cell Ther","2024","2024/03/23","","","10.1016/j.jtct.2024.03.018"
"39333758","Evaluation of risk for bronchiolitis obliterans syndrome after allogeneic hematopoietic cell transplantation with myeloablative conditioning regimens","Duque-Afonso J, Rassner P, Walther K, Ihorst G, Wehr C, Marks R, Wäsch R, Bertz H, Köhler T, Frye BC, Stolz D, Zeiser R, Finke J, Maas-Bauer K.","Bone Marrow Transplant. 2024 Dec;59(12):1744-1753. doi: 10.1038/s41409-024-02422-z. Epub 2024 Sep 27.","Duque-Afonso J","Bone Marrow Transplant","2024","2024/09/28","PMC11611741","","10.1038/s41409-024-02422-z"
"37923831","Peripheral blood haploidentical hematopoietic cell transplantation for patients aged 70 years and over with acute myeloid leukemia or high-risk myelodysplastic syndrome","Harbi S, Brac de la Perriere L, Bouchacourt B, Garciaz S, Pagliardini T, Calmels B, Cecile M, Lefloch AC, Hicheri Y, Hospital MA, Fürst S, Lemarie C, Braticevic C, Legrand F, Bekrieva E, Weiller PJ, Chabannon C, Vey N, Blaise D, Devillier R.","Bone Marrow Transplant. 2024 Jan;59(1):101-106. doi: 10.1038/s41409-023-02134-w. Epub 2023 Nov 3.","Harbi S","Bone Marrow Transplant","2024","2023/11/04","","","10.1038/s41409-023-02134-w"
"25648539","Infections after T-replete haploidentical transplantation and high-dose cyclophosphamide as graft-versus-host disease prophylaxis","Crocchiolo R, Bramanti S, Vai A, Sarina B, Mineri R, Casari E, Tordato F, Mauro E, Timofeeva I, Lugli E, Mavilio D, Carlo-Stella C, Santoro A, Castagna L.","Transpl Infect Dis. 2015 Apr;17(2):242-9. doi: 10.1111/tid.12365.","Crocchiolo R","Transpl Infect Dis","2015","2015/02/05","PMC7169814","","10.1111/tid.12365"
"38490295","Long-Term Follow-Up of Abatacept, Post-Transplantation Cyclophosphamide, and Sirolimus-Based Haploidentical Transplantation in Younger Patients with Nonmalignant Diseases","Jaiswal SR, Agarwal M, Bhagawati G, Das BC, Baligar P, Garg M, Biswas S, Chakrabarti S.","Transplant Cell Ther. 2024 Jun;30(6):605.e1-605.e13. doi: 10.1016/j.jtct.2024.03.010. Epub 2024 Mar 13.","Jaiswal SR","Transplant Cell Ther","2024","2024/03/15","","","10.1016/j.jtct.2024.03.010"
"35851981","Evaluation of the risk factors for BK virus-associated hemorrhagic cystitis in pediatric bone marrow transplantation patients: Does post-transplantation cyclophosphamide increase the frequency?","Ersoy GZ, Bozkurt C, Aksoy BA, Öner ÖB, Aydoğdu S, Çipe F, Sütçü M, Özkaya O, Fışgın T.","Pediatr Transplant. 2023 Feb;27(1):e14364. doi: 10.1111/petr.14364. Epub 2022 Jul 19.","Ersoy GZ","Pediatr Transplant","2023","2022/07/19","","","10.1111/petr.14364"
"20977944","High incidence of herpes zoster in nonmyeloablative hematopoietic stem cell transplantation","Su SH, Martel-Laferrière V, Labbé AC, Snydman DR, Kent D, Laverdière M, Béliveau C, Logvinenko T, Cohen S, Lachance S, Kiss T, Roy J.","Biol Blood Marrow Transplant. 2011 Jul;17(7):1012-7. doi: 10.1016/j.bbmt.2010.10.025. Epub 2010 Oct 25.","Su SH","Biol Blood Marrow Transplant","2011","2010/10/28","PMC4988126","NIHMS727596","10.1016/j.bbmt.2010.10.025"
"29360184","Risk-adapted GVHD prophylaxis with post-transplantation cyclophosphamide in adults after related, unrelated, and haploidentical transplantations","Moiseev IS, Pirogova OV, Alyanski AL, Babenko EV, Gindina TL, Darskaya EI, Slesarchuk OA, Bykova TA, Chukhlovin AB, Pevtcov DE, Bondarenko SN, Afanasyev BV.","Eur J Haematol. 2018 May;100(5):395-402. doi: 10.1111/ejh.13030. Epub 2018 Mar 1.","Moiseev IS","Eur J Haematol","2018","2018/01/24","","","10.1111/ejh.13030"
"38084585","The Proportion of Myeloid-derived Suppressor Cells in the Graft as a Potential Predictor of Acute Graft-versus-host Disease in Haploid Allogeneic Hematopoietic Stem Cell Transplantation","Cao J, Pei R, Lu Y, Chen D, Du X, Liu X, Li S.","J Immunother. 2024 Feb-Mar 01;47(2):54-63. doi: 10.1097/CJI.0000000000000499. Epub 2023 Dec 12.","Cao J","J Immunother","2024","2023/12/12","","","10.1097/CJI.0000000000000499"
"38972063","Anti-thymocyte globulin combined with post-transplantation cyclophosphamide reduce graft-versus-host disease in hematopoietic stem cell transplantation for pediatric leukemia","Hu M, Li J, Hu T, Zhang Z, Feng S, Xuan L, Liu R.","Leuk Lymphoma. 2024 Dec;65(12):1801-1810. doi: 10.1080/10428194.2024.2376179. Epub 2024 Jul 7.","Hu M","Leuk Lymphoma","2024","2024/07/07","","","10.1080/10428194.2024.2376179"
"36949658","Impact of measurable residual disease on outcomes of unrelated donor haematopoietic cell transplantation with post-transplant cyclophosphamide in AML in first complete remission","Nagler A, Labopin M, Dholaria B, Blaise D, Bondarenko S, Vydra J, Choi G, Rovira M, Reményi P, Meijer E, Bulabois CE, Diez-Martin JL, Yakoub-Agha I, Brissot E, Spyridonidis A, Sanz J, Patel A, Arat M, Bazarbachi A, Bug G, Savani BN, Giebel S, Ciceri F, Mohty M.","Br J Haematol. 2023 Jun;201(6):1169-1178. doi: 10.1111/bjh.18765. Epub 2023 Mar 22.","Nagler A","Br J Haematol","2023","2023/03/23","","","10.1111/bjh.18765"
"35226308","Antithymocyte globulin plus post-transplant cyclophosphamide combination as graft-versus-host disease prophylaxis in haploidentical peripheral blood stem cell transplantation for hematological malignancies","Chen TT, Lin CC, Lo WJ, Hsieh CY, Lien MY, Lin CH, Lin CY, Bai LY, Chiu CF, Yeh SP.","Int J Hematol. 2022 Apr;115(4):525-533. doi: 10.1007/s12185-021-03280-x. Epub 2022 Feb 28.","Chen TT","Int J Hematol","2022","2022/02/28","","","10.1007/s12185-021-03280-x"
"37144852","Total marrow lymphoid irradiation and cyclophosphamide is associated with low toxicity and good outcomes in patients undergoing hematopoietic stem cell transplantation for acute lymphoblastic leukemia and chronic myeloid leukemia in lymphoid blast crises - A phase I study","George B, Balakrishnan R, S P, Lionel S, Selvarajan S, Devasia AJ, Korula A, Lakshmi KM, Aboobacker FN, Kulkarni U, Godson HF, Raj JS, Abraham A, Backianathan S, Mathews V.","Clin Transplant. 2023 Sep;37(9):e15010. doi: 10.1111/ctr.15010. Epub 2023 May 5.","George B","Clin Transplant","2023","2023/05/05","","","10.1111/ctr.15010"
"29803753","Propensity Score Analysis of Conditioning Intensity in Peripheral Blood Haploidentical Hematopoietic Cell Transplantation","Huselton E, Slade M, Trinkaus KM, DiPersio JF, Westervelt P, Romee R.","Biol Blood Marrow Transplant. 2018 Oct;24(10):2047-2055. doi: 10.1016/j.bbmt.2018.05.024. Epub 2018 May 24.","Huselton E","Biol Blood Marrow Transplant","2018","2018/05/28","PMC7054009","NIHMS1543487","10.1016/j.bbmt.2018.05.024"
"36758832","A Calcineurin Inhibitor Free Graft Versus Host Disease Prophylaxis for Patients Undergoing Matched Related and Matched Unrelated Donor Allogeneic Hematopoietic Cell Transplant","Iqbal M, Nieto FAM, Brannick KM, Li Z, Murthy H, Foran J, Roy V, Kharfan-Dabaja MA, Ayala E.","Transplant Cell Ther. 2023 May;29(5):327.e1-327.e9. doi: 10.1016/j.jtct.2023.02.001. Epub 2023 Feb 8.","Iqbal M","Transplant Cell Ther","2023","2023/02/09","","","10.1016/j.jtct.2023.02.001"
"26039205","Unmanipulated haploidentical bone marrow transplantation and post-transplant cyclophosphamide for hematologic malignanices following a myeloablative conditioning: an update","Bacigalupo A, Dominietto A, Ghiso A, Di Grazia C, Lamparelli T, Gualandi F, Bregante S, Van Lint MT, Geroldi S, Luchetti S, Grasso R, Pozzi S, Colombo N, Tedone E, Varaldo R, Raiola AM.","Bone Marrow Transplant. 2015 Jun;50 Suppl 2:S37-9. doi: 10.1038/bmt.2015.93.","Bacigalupo A","Bone Marrow Transplant","2015","2015/06/04","","","10.1038/bmt.2015.93"
"35188052","Letermovir vs. high-dose valacyclovir for cytomegalovirus prophylaxis following haploidentical or mismatched unrelated donor allogeneic hematopoietic cell transplantation receiving post-transplant cyclophosphamide","Freyer CW, Carulli A, Gier S, Ganetsky A, Timlin C, Schuster M, Babushok D, Frey NV, Gill SI, Hexner EO, Luger SM, Mangan JK, Martin ME, McCurdy SR, Perl AE, Porter DL, Pratz K, Smith J, Stadtmauer EA, Loren AW.","Leuk Lymphoma. 2022 Aug;63(8):1925-1933. doi: 10.1080/10428194.2022.2042686. Epub 2022 Feb 20.","Freyer CW","Leuk Lymphoma","2022","2022/02/21","","","10.1080/10428194.2022.2042686"
"38447750","Recombinant Human Thrombopoietin Promotes Platelet Engraftment in Severe Aplastic Anemia Patients Following Treatment With Haploid Hematopoietic Stem Cell Transplantation using Modified Post-Transplantation Cyclophosphamide","Fu A, Peng Y, Cheng P, Wu J, Zhu X, Yang Y, Huang L, Wang N, Wang J, Xu J, Wan Y, Cao Y, Wei J, Xiao Y, Meng F, Cheng H, Zhang Y, Zhang D.","Transplant Cell Ther. 2024 May;30(5):500-509. doi: 10.1016/j.jtct.2024.02.023. Epub 2024 Mar 4.","Fu A","Transplant Cell Ther","2024","2024/03/06","","","10.1016/j.jtct.2024.02.023"
"37058419","Sequence matters: Total body irradiation (TBI)-based myeloablative conditioning with post-transplant cyclophosphamide may reduce the early nonrelapse mortality compared with pretransplant cyclophosphamide plus TBI","Redondo S, García-Cadenas I, Vila A, Esquirol A, Portos JM, Novelli S, Saavedra S, Moreno C, Garrido A, Arguello-Tomas M, Oñate G, López-Pardo J, Caballero AC, Miqueleiz S, Briones J, Sierra J, Sancho G, Martino R.","Eur J Haematol. 2023 Jul;111(1):146-153. doi: 10.1111/ejh.13978. Epub 2023 Apr 14.","Redondo S","Eur J Haematol","2023","2023/04/14","","","10.1111/ejh.13978"
"33658647","Impact of infused CD34+ stem cell dosing for allogeneic peripheral blood stem cell transplantation with post-transplant cyclophosphamide","Elmariah H, Naqvi SMH, Kim J, Nishihori T, Mishra A, Perez L, Faramand R, Lazaryan A, Liu HD, Khimani F, Nieder M, Anasetti C, Pidala J, Bejanyan N.","Bone Marrow Transplant. 2021 Jul;56(7):1683-1690. doi: 10.1038/s41409-021-01219-8. Epub 2021 Mar 3.","Elmariah H","Bone Marrow Transplant","2021","2021/03/04","","","10.1038/s41409-021-01219-8"
"36071114","Should anti-thymocyte globulin be added in post-transplant cyclophosphamide based matched unrelated donor peripheral blood stem cell transplantation for acute myeloid leukemia? A study on behalf of the Acute Leukemia Working Party of the EBMT","Spyridonidis A, Labopin M, Brissot E, Moiseev I, Cornelissen J, Choi G, Ciceri F, Vydra J, Reményi P, Rovira M, Meijer E, Labussière-Wallet H, Blaise D, van Gorkom G, Kröger N, Koc Y, Giebel S, Bazarbachi A, Savani B, Nagler A, Mohty M.","Bone Marrow Transplant. 2022 Dec;57(12):1774-1780. doi: 10.1038/s41409-022-01816-1. Epub 2022 Sep 7.","Spyridonidis A","Bone Marrow Transplant","2022","2022/09/07","","","10.1038/s41409-022-01816-1"
"29703966","CD3+ graft cell count influence on chronic GVHD in haploidentical allogeneic transplantation using post-transplant cyclophosphamide","Mussetti A, De Philippis C, Carniti C, Bastos-Oreiro M, Gayoso J, Cieri N, Pennisi M, Ciceri F, Greco R, Peccatori J, Patriarca F, Mariotti J, Castagna L, Corradini P.","Bone Marrow Transplant. 2018 Dec;53(12):1522-1531. doi: 10.1038/s41409-018-0183-8. Epub 2018 Apr 27.","Mussetti A","Bone Marrow Transplant","2018","2018/04/29","","","10.1038/s41409-018-0183-8"
"26261255","Outcomes of Nonmyeloablative HLA-Haploidentical Blood or Marrow Transplantation With High-Dose Post-Transplantation Cyclophosphamide in Older Adults","Kasamon YL, Bolaños-Meade J, Prince GT, Tsai HL, McCurdy SR, Kanakry JA, Rosner GL, Brodsky RA, Perica K, Smith BD, Gladstone DE, Swinnen LJ, Showel MM, Matsui WH, Huff CA, Borrello I, Pratz KW, McDevitt MA, Gojo I, Dezern AE, Shanbhag S, Levis MJ, Luznik L, Ambinder RF, Fuchs EJ, Jones RJ.","J Clin Oncol. 2015 Oct 1;33(28):3152-61. doi: 10.1200/JCO.2014.60.4777. Epub 2015 Aug 10.","Kasamon YL","J Clin Oncol","2015","2015/08/12","PMC4582145","","10.1200/JCO.2014.60.4777"
"38108263","HLA-Haploidentical Peripheral Blood Stem Cell Transplantation with Post-Transplantation Cyclophosphamide versus HLA-Matched Unrelated Donor Transplantation for Myelodysplastic Syndrome","Nakaya Y, Koh H, Konuma T, Shimomura Y, Ishiyama K, Itonaga H, Hino M, Doki N, Nishida T, Ohigashi H, Matsuoka KI, Kanda Y, Maruyama Y, Sawa M, Eto T, Hiramoto N, Fukuda T, Atsuta Y, Nakamae H.","Transplant Cell Ther. 2024 Mar;30(3):316.e1-316.e12. doi: 10.1016/j.jtct.2023.10.021. Epub 2023 Oct 30.","Nakaya Y","Transplant Cell Ther","2024","2023/12/18","","","10.1016/j.jtct.2023.10.021"
"19925877","Nonmyeloablative HLA-haploidentical bone marrow transplantation with high-dose posttransplantation cyclophosphamide: effect of HLA disparity on outcome","Kasamon YL, Luznik L, Leffell MS, Kowalski J, Tsai HL, Bolaños-Meade J, Morris LE, Crilley PA, O'Donnell PV, Rossiter N, Huff CA, Brodsky RA, Matsui WH, Swinnen LJ, Borrello I, Powell JD, Ambinder RF, Jones RJ, Fuchs EJ.","Biol Blood Marrow Transplant. 2010 Apr;16(4):482-9. doi: 10.1016/j.bbmt.2009.11.011. Epub 2010 Jan 18.","Kasamon YL","Biol Blood Marrow Transplant","2010","2009/11/21","PMC2998606","NIHMS248699","10.1016/j.bbmt.2009.11.011"
"37235962","Cyclophosphamide with cyclosporine A for graft-versus-host disease prophylaxis in adult patients with acute myeloid leukemia undergoing allogeneic hematopoietic stem cell transplantation from human leucocyte antigen-matched donors","Sharaf El-Deen MO, Soliman MM, Al-Azab G, Samra M, Shams MEE.","Int Immunopharmacol. 2023 Jul;120:110374. doi: 10.1016/j.intimp.2023.110374. Epub 2023 May 24.","Sharaf El-Deen MO","Int Immunopharmacol","2023","2023/05/26","","","10.1016/j.intimp.2023.110374"
"36815626","Total body irradiation-free haploidentical peripheral blood stem cell transplantation compared to related and unrelated donor transplantation in pediatrics with acute lymphoblastic leukemia","Mardani M, Behfar M, Jafari L, Mohseni R, Naji P, Salajegheh P, Donyadideh G, Hamidieh AA.","Pediatr Blood Cancer. 2023 May;70(5):e30255. doi: 10.1002/pbc.30255. Epub 2023 Feb 23.","Mardani M","Pediatr Blood Cancer","2023","2023/02/23","","","10.1002/pbc.30255"
"36427418","Fludarabine and antithymocyte globulin-based conditioning regimen combined with post-transplantation cyclophosphamide for haploidentical allogeneic hematopoietic stem cell transplantation in patients with high-risk acute myeloid leukemia and myelodysplastic syndrome","Cao J, Pei R, Lu Y, Zheng Z, Yuan Z, Li D, Zhang P, Liu X, Chen D, Du X, Chen L, Li S, Ye P, Wang T.","Curr Res Transl Med. 2023 Jan-Mar;71(1):103360. doi: 10.1016/j.retram.2022.103360. Epub 2022 Aug 2.","Cao J","Curr Res Transl Med","2023","2022/11/25","","","10.1016/j.retram.2022.103360"
"34049582","Post-transplant cyclophosphamide containing regimens after matched sibling, matched unrelated and haploidentical donor transplants in patients with acute lymphoblastic leukemia in first complete remission, a comparative study of the ALWP of the EBMT","Sanz J, Galimard JE, Labopin M, Afanasyev B, Sergeevich MI, Angelucci E, Kröger N, Koc Y, Ciceri F, Diez-Martin JL, Arat M, Sica S, Rovira M, Aljurf M, Tischer J, Savani B, Ruggeri A, Nagler A, Mohty M.","J Hematol Oncol. 2021 May 28;14(1):84. doi: 10.1186/s13045-021-01094-2.","Sanz J","J Hematol Oncol","2021","2021/05/29","PMC8161915","","10.1186/s13045-021-01094-2"
"35596063","Incidence, risk factors and outcome of BK virus hemorrhagic cystitis following allogenic hematopoietic cell transplantation: a retrospective cohort study","Saade A, Gras J, Darmon M, Michonneau D, Dhedin N, Feghoul L, Le Goff J, Xhaard A, De Latour RP, Socié G, Molina JM.","Bone Marrow Transplant. 2022 Aug;57(8):1287-1294. doi: 10.1038/s41409-022-01665-y. Epub 2022 May 20.","Saade A","Bone Marrow Transplant","2022","2022/05/20","","","10.1038/s41409-022-01665-y"
"32325461","A Prospective Pilot Study of Graft-versus-Host Disease Prophylaxis with Post-Transplantation Cyclophosphamide and Ruxolitinib in Patients with Myelofibrosis","Morozova EV, Barabanshikova MV, Moiseev IS, Shakirova AI, Barhatov IM, Ushal IE, Rodionov GG, Moiseev SI, Surkova EA, Lapin SV, Vlasova JJ, Rudakova TA, Darskaya EI, Baykov VV, Alyanski AL, Bondarenko SN, Afanasyev BV.","Acta Haematol. 2021;144(2):158-165. doi: 10.1159/000506758. Epub 2020 Apr 23.","Morozova EV","Acta Haematol","2021","2020/04/24","","","10.1159/000506758"
"39236789","Uniform Graft-versus-Host Disease Prophylaxis using Post-Transplantation Cyclophosphamide, Methotrexate, and Cyclosporine following Peripheral Blood Hematopoietic Stem Cell Transplantation from Matched and Haploidentical Donors for Transfusion-Dependent Thalassemia: A Retrospective Report from the Bone Marrow Failure Working Group of Hunan Province, China","Gong S, Tian X, Yang R, Yang L, Wang Z, Yang K, Chen K, He X, Deng W, Yang X, Lei M, Fu B.","Transplant Cell Ther. 2024 Dec;30(12):1213.e1-1213.e12. doi: 10.1016/j.jtct.2024.08.022. Epub 2024 Sep 3.","Gong S","Transplant Cell Ther","2024","2024/09/05","","","10.1016/j.jtct.2024.08.022"
"36626592","Fludarabine versus cyclophospamide in combination with myeloablative total body irradiation as conditioning for patients with acute myeloid leukemia treated with allogeneic hematopoietic cell transplantation. A study from the Acute Leukemia Working Party of the European Society for Blood and Marrow Transplantation","Giebel S, Labopin M, Schroeder T, Swoboda R, Maertens J, Bourhis JH, Grillo G, Salmenniemi U, Hilgendorf I, Kröger N, Poiré X, Cornelissen JJ, Arat M, Savani B, Spyridonidis A, Nagler A, Mohty M.","Am J Hematol. 2023 Apr;98(4):580-587. doi: 10.1002/ajh.26825. Epub 2023 Jan 10.","Giebel S","Am J Hematol","2023","2023/01/10","","","10.1002/ajh.26825"
"36725978","Fludarabine or cyclophosphamide in combination with total body irradiation as myeloablative conditioning prior to allogeneic hematopoietic cell transplantation for acute lymphoblastic leukemia: an analysis by the Acute Leukemia Working Party of the EBMT","Giebel S, Labopin M, Socié G, Aljurf M, Salmenniemi U, Labussière-Wallet H, Srour M, Kröger N, Zahrani MA, Lioure B, Reményi P, Arat M, Bourhis JH, Helbig G, Tbakhi A, Forcade E, Huynh A, Brissot E, Spirydonidis A, Savani BN, Peric Z, Nagler A, Mohty M.","Bone Marrow Transplant. 2023 May;58(5):506-513. doi: 10.1038/s41409-023-01917-5. Epub 2023 Feb 1.","Giebel S","Bone Marrow Transplant","2023","2023/02/01","","","10.1038/s41409-023-01917-5"
"33900012","Clinical impact of multiple DNA virus infections in nondepleted haploidentical and unrelated allogeneic hematopoietic stem cell transplantation","Kerbauy MN, Ribeiro AAF, Arcuri LJ, Kerbauy LN, da Silva CC, Camargo LFA, Machado CM, Hamerschlak N.","Transpl Infect Dis. 2021 Aug;23(4):e13626. doi: 10.1111/tid.13626. Epub 2021 May 18.","Kerbauy MN","Transpl Infect Dis","2021","2021/04/26","","","10.1111/tid.13626"
"29421292","A Modified Post-Transplant Cyclophosphamide Regimen, for Unmanipulated Haploidentical Marrow Transplantation, in Acute Myeloid Leukemia: A Multicenter Study","Chiusolo P, Bug G, Olivieri A, Brune M, Mordini N, Alessandrino PE, Dominietto A, Raiola AM, Di Grazia C, Gualandi F, Van Lint MT, Ferrara F, Finizio O, Angelucci E, Bacigalupo A.","Biol Blood Marrow Transplant. 2018 Jun;24(6):1243-1249. doi: 10.1016/j.bbmt.2018.01.031. Epub 2018 Feb 5.","Chiusolo P","Biol Blood Marrow Transplant","2018","2018/02/09","","","10.1016/j.bbmt.2018.01.031"
"41369228","Harnessing HLA Divergence for Improved Donor Selection in Haploidentical Haematopoietic Stem Cell Transplantation","Jorge Cordeiro D, Villemonteix J, Xhaard A, Ferrary O, Dartois W, Lima BA, Toullec L, Peffault de Latour R, Caillat-Zucman S, Allain V.","HLA. 2025 Dec;106(6):e70491. doi: 10.1111/tan.70491.","Jorge Cordeiro D","HLA","2025","2025/12/10","PMC12691898","","10.1111/tan.70491"
"36378406","Cryopreserved versus fresh peripheral blood allogeneic stem cell transplantation outcomes in patients receiving post-transplant cyclophosphamide for graft-versus-host prophylaxis during the COVID-19 pandemic: a single center experience","Guo M, Liu J, Clark P, Ahmad S, Patel R, Varela JC, Mori S.","Int J Hematol. 2023 Mar;117(3):428-437. doi: 10.1007/s12185-022-03493-8. Epub 2022 Nov 15.","Guo M","Int J Hematol","2023","2022/11/15","PMC9664429","","10.1007/s12185-022-03493-8"
"36941654","Adverse impact of a high CD4/CD8 ratio in the allograft may be overcome by methotrexate- but not mycophenolate- or post-transplant cyclophosphamide-based graft versus host disease prophylaxis","Nikoloudis A, Buxhofer-Ausch V, Aichinger C, Binder M, Hasengruber P, Kaynak E, Wipplinger D, Milanov R, Strassl I, Stiefel O, Machherndl-Spandl S, Petzer A, Weltermann A, Clausen J.","Eur J Haematol. 2023 Jun;110(6):715-724. doi: 10.1111/ejh.13956. Epub 2023 Mar 28.","Nikoloudis A","Eur J Haematol","2023","2023/03/21","","","10.1111/ejh.13956"
"33832208","Comparison of immune reconstitution between anti-T-lymphocyte globulin and posttransplant cyclophosphamide as acute graft-versus-host disease prophylaxis in allogeneic myeloablative peripheral blood stem cell transplantation","Massoud R, Gagelmann N, Fritzsche-Friedland U, Zeck G, Heidenreich S, Wolschke C, Ayuk F, Christopeit M, Kröger N.","Haematologica. 2022 Apr 1;107(4):857-867. doi: 10.3324/haematol.2020.271445.","Massoud R","Haematologica","2022","2021/04/09","PMC8968885","","10.3324/haematol.2020.271445"
"34779276","Efficacy of Allogeneic Hematopoietic Stem Cell Transplantation with Cocktail Conditioning Regimen for the Treatment of Pediatric Patients with Chronic Active Epstein-Barr Virus: A Retrospective Observational Study","Fan S, Chen J, Liu Z, Xiao J, Jiang F, Liu X, Sun Y.","Stem Cells Dev. 2022 Jan;31(1-2):26-31. doi: 10.1089/scd.2021.0205.","Fan S","Stem Cells Dev","2022","2021/11/15","","","10.1089/scd.2021.0205"
"33627028","Grade 3-4 cytokine release syndrome is associated with poor survival in haploidentical peripheral blood stem cell transplantation","Modi D, Albanyan O, Kim S, Deol A, Ayash L, Ratanatharathorn V, Uberti JP.","Leuk Lymphoma. 2021 Aug;62(8):1982-1989. doi: 10.1080/10428194.2021.1891231. Epub 2021 Feb 24.","Modi D","Leuk Lymphoma","2021","2021/02/25","","","10.1080/10428194.2021.1891231"
"32205853","Reconstitution of cytomegalovirus-specific T-cell immunity following unmanipulated haploidentical allogeneic hematopoietic stem cell transplantation with posttransplant cyclophosphamide","Huntley D, Giménez E, Pascual MJ, Remigia MJ, Amat P, Vázquez L, Hernández M, Hernández-Boluda JC, Gago B, Piñana JL, García M, Martínez A, Mateo E, Gozalbo-Rovira R, Albert E, Solano C, Navarro D.","Bone Marrow Transplant. 2020 Jul;55(7):1347-1356. doi: 10.1038/s41409-020-0865-x. Epub 2020 Mar 23.","Huntley D","Bone Marrow Transplant","2020","2020/03/25","","","10.1038/s41409-020-0865-x"
"37120821","Impact of cytomegalovirus immunodominant HLA-I donor-recipient matching on the incidence and features of virus DNAemia and virus-specific T-cell immune reconstitution in unmanipulated haploidentical hematopoietic stem cell transplantation","Huntley D, Giménez E, Vázquez L, Pascual MJ, Amat P, Remigia MJ, Hernández-Boluda JC, García M, Gago B, Torres I, de la Asunción CS, Hernani R, Pérez A, Albert E, Piñana JL, Solano C, Navarro D.","Transpl Infect Dis. 2023 Jun;25(3):e14065. doi: 10.1111/tid.14065. Epub 2023 Apr 30.","Huntley D","Transpl Infect Dis","2023","2023/04/30","","","10.1111/tid.14065"
"31449699","Reduced intensity allogeneic stem cell transplant with anti-thymocyte globulin and post-transplant cyclophosphamide in acute myeloid leukemia","Salas MQ, Prem S, Atenafu EG, Law AD, Lam W, Al-Shaibani Z, Loach D, Kim DDH, Michelis FV, Lipton JH, Kumar R, Mattsson J, Viswabandya A.","Eur J Haematol. 2019 Nov;103(5):510-518. doi: 10.1111/ejh.13321. Epub 2019 Sep 9.","Salas MQ","Eur J Haematol","2019","2019/08/27","","","10.1111/ejh.13321"
"31899360","Donor KIR2DS1-Mediated Decreased Relapse and Improved Survival Depending on Remission Status at HLA-Haploidentical Transplantation with Post-Transplantation Cyclophosphamide","Ido K, Koh H, Hirose A, Okamura H, Koh S, Nanno S, Nishimoto M, Nakamae M, Nakashima Y, Nakane T, Hino M, Nakamae H.","Biol Blood Marrow Transplant. 2020 Apr;26(4):723-733. doi: 10.1016/j.bbmt.2019.12.765. Epub 2019 Dec 31.","Ido K","Biol Blood Marrow Transplant","2020","2020/01/04","","","10.1016/j.bbmt.2019.12.765"
"38878171","Donor's age influences outcome in haploidentical hematopoietic stem cell transplantation with post-transplant cyclophosphamide - a single center experience","Zielińska P, Wieczorkiewicz-Kabut A, Białas K, Koclęga A, Gruenpeter K, Kopińska A, Woźniczka K, Noster I, Gromek T, Czyż J, Grosicki S, Wierzbowska A, Krzanowski J, Butrym A, Helbig G.","Ann Hematol. 2024 Aug;103(8):3095-3104. doi: 10.1007/s00277-024-05848-z. Epub 2024 Jun 15.","Zielińska P","Ann Hematol","2024","2024/06/15","PMC11283382","","10.1007/s00277-024-05848-z"
"34124796","Incidence and impact of community respiratory viral infections in post-transplant cyclophosphamide-based graft-versus-host disease prophylaxis and haploidentical stem cell transplantation","Mulroney CM, Abid MB, Bashey A, Chemaly RF, Ciurea SO, Chen M, Dandoy CE, Diaz Perez MA, Friend BD, Fuchs E, Ganguly S, Goldsmith SR, Kanakry CG, Kim S, Komanduri KV, Krem MM, Lazarus HM, Ljungman P, Maziarz R, Nishihori T, Patel SS, Perales MA, Romee R, Singh AK, Reid Wingard J, Yared J, Riches M, Taplitz R.","Br J Haematol. 2021 Jul;194(1):145-157. doi: 10.1111/bjh.17563. Epub 2021 Jun 14.","Mulroney CM","Br J Haematol","2021","2021/06/14","PMC8853845","NIHMS1735451","10.1111/bjh.17563"
"33775908","Combining Three Different Pretransplantation Scores Improves Predictive Value in Patients after Haploidentical Stem Cell Transplantation with Thiotepa, Busulfan, and Fludarabine Conditioning and Post-Transplantation Cyclophosphamide","Esquirol A, Pascual MJ, Garcia-Cadenas I, Herruzo B, Ferrà C, Pérez A, Torio A, Torrent A, Cuesta M, Martino R, Sierra J.","Transplant Cell Ther. 2021 Jul;27(7):614.e1-614.e8. doi: 10.1016/j.jtct.2021.03.021. Epub 2021 Mar 26.","Esquirol A","Transplant Cell Ther","2021","2021/03/29","","","10.1016/j.jtct.2021.03.021"
"33053449","Letermovir for Prevention of Cytomegalovirus Reactivation in Haploidentical and Mismatched Adult Donor Allogeneic Hematopoietic Cell Transplantation with Post-Transplantation Cyclophosphamide for Graft-versus-Host Disease Prophylaxis","Lin A, Flynn J, DeRespiris L, Figgins B, Griffin M, Lau C, Proli A, Devlin SM, Cho C, Tamari R, Jakubowski AA, Papadopoulos EB, Giralt SA, Perales MA, Seo SK, Shaffer B.","Transplant Cell Ther. 2021 Jan;27(1):85.e1-85.e6. doi: 10.1016/j.bbmt.2020.10.009. Epub 2020 Oct 11.","Lin A","Transplant Cell Ther","2021","2020/10/14","PMC8441845","NIHMS1650306","10.1016/j.bbmt.2020.10.009"
"31932656","A reproducible and safe at-home allogeneic haematopoietic cell transplant program: first experience in Central and Southern Europe","Gutiérrez-García G, Rovira M, Arab N, Gallego C, Sánchez J, Ángeles Álvarez M, Ayora P, Domenech A, Borràs N, Gerardo Rodríguez-Lobato L, Rosiñol L, Marín P, Pedraza A, Martínez-Roca A, Carcelero E, Dolores Herrera M, Teresa Solano M, Ramos C, de Llobet N, Serrahima A, Lozano M, Cid J, Martínez C, Suárez-Lledó M, Urbano-Ispizua Á, Fernández-Avilés F.","Bone Marrow Transplant. 2020 May;55(5):965-973. doi: 10.1038/s41409-019-0768-x. Epub 2020 Jan 13.","Gutiérrez-García G","Bone Marrow Transplant","2020","2020/01/15","","","10.1038/s41409-019-0768-x"
"33159275","Reduced Intensity Bone Marrow Transplantation with Post-Transplant Cyclophosphamide for Pediatric Inherited Immune Deficiencies and Bone Marrow Failure Syndromes","Klein OR, Bapty S, Lederman HM, Younger MEM, Zambidis ET, Jones RJ, Cooke KR, Symons HJ.","J Clin Immunol. 2021 Feb;41(2):414-426. doi: 10.1007/s10875-020-00898-0. Epub 2020 Nov 6.","Klein OR","J Clin Immunol","2021","2020/11/07","PMC7647188","","10.1007/s10875-020-00898-0"
"39737173","Impact of inhibitory KIR ligand mismatch and other variables on outcomes following myeloablative posttransplant cyclophosphamide-based T-cell-replete haploidentical bone marrow transplantation","Kayser S, Salzmann-Manrique E, Serve H, Bader P, Klusmann JH, Seidl C, Schwäble J, Bug G, Ullrich E.","Front Immunol. 2024 Dec 16;15:1413927. doi: 10.3389/fimmu.2024.1413927. eCollection 2024.","Kayser S","Front Immunol","2024","2024/12/31","PMC11683009","","10.3389/fimmu.2024.1413927"
"33679728","Elafin as a Predictive Biomarker of Acute Skin Graft-Versus-Host Disease After Haploidentical Stem Cell Transplantation Using Post-Transplant High-Dose Cyclophosphamide","Solán L, Carbonell D, Muñiz P, Dorado N, Landete E, Chicano-Lavilla M, Anguita J, Gayoso J, Kwon M, Díez-Martín JL, Martínez-Laperche C, Buño I.","Front Immunol. 2021 Feb 19;12:516078. doi: 10.3389/fimmu.2021.516078. eCollection 2021.","Solán L","Front Immunol","2021","2021/03/08","PMC7933467","","10.3389/fimmu.2021.516078"
"38981923","Low-dose anti-thymocyte globulin plus low-dose posttransplant cyclophosphamide-based regimen for prevention of graft-versus-host disease in haploidentical peripheral blood stem cell transplantation for pediatric patients with hematologic malignancies","Du Y, Zhang Y, Xu X, Cai Y, Wei Y, Huang C, Yang J, Qiu H, Niu J, Zhou K, Xia X, Shen C, Tong Y, Dong B, Wan L, Song X.","Ann Hematol. 2024 Sep;103(9):3765-3774. doi: 10.1007/s00277-024-05883-w. Epub 2024 Jul 10.","Du Y","Ann Hematol","2024","2024/07/09","","","10.1007/s00277-024-05883-w"
"38880835","Dual T-cell depletion with individually tailored anti-thymocyte globulin and attenuated dose of post-transplant cyclophosphamide in haploidentical peripheral stem cell transplantation","Kim DH, Shin DY, Koh Y, Kim I, Yoon SS, Byun JM, Hong J.","Sci Rep. 2024 Jun 16;14(1):13885. doi: 10.1038/s41598-024-64361-5.","Kim DH","Sci Rep","2024","2024/06/16","PMC11180652","","10.1038/s41598-024-64361-5"
"38710017","The degree of HLA matching determines the incidence of cytokine release syndrome and associated nonrelapse mortality in matched related and unrelated allogeneic stem cell transplantation with post-transplant cyclophosphamide","von dem Borne PA, Kemps-Mols BM, de Wreede LC, van Beek AA, Snijders TJF, van Lammeren D, Tijmensen J, Sijs-Szabó A, Oudshoorn MA, Halkes CJM, van Balen P, Marijt WAE, Tjon JML, Vermaat JSP, Veelken H.","Leuk Lymphoma. 2024 Sep;65(9):1270-1280. doi: 10.1080/10428194.2024.2344060. Epub 2024 May 6.","von dem Borne PA","Leuk Lymphoma","2024","2024/05/06","","","10.1080/10428194.2024.2344060"
"38185390","Comparison of long-term outcomes after first HLA-mismatched unrelated donor transplantation with single unrelated cord blood transplantation using reduced-intensity or reduced-toxicity conditioning","Kuno M, Koh H, Ido K, Sakatoku K, Makuuchi Y, Takakuwa T, Hirose A, Okamura H, Nishimoto M, Nakashima Y, Nakamae M, Hino M, Nakamae H.","Transpl Immunol. 2024 Feb;82:101988. doi: 10.1016/j.trim.2024.101988. Epub 2024 Jan 5.","Kuno M","Transpl Immunol","2024","2024/01/07","","","10.1016/j.trim.2024.101988"
"38809457","Reduced-toxicity conditioning regimen with low dose post-transplantation cyclophosphamide and low-dose anti-thymocyte globulin as graft-versus-host disease prophylaxis for haploidentical stem cell transplantation in older patients","Ye P, Wu M, Cao J, Pei R, Yuan J, Zhuang H, Fang Y, Lu Y.","Ann Hematol. 2024 Aug;103(8):3135-3143. doi: 10.1007/s00277-024-05818-5. Epub 2024 May 29.","Ye P","Ann Hematol","2024","2024/05/29","","","10.1007/s00277-024-05818-5"
"38042256","Post-Transplantation Cyclophosphamide and Tacrolimus for Graft-versus-Host Disease Prevention after Allogeneic Hematopoietic Cell Transplantation from HLA-Matched Donors Has More Advantages Than Limitations","Salas MQ, Pedraza A, Charry P, Suárez-Lledó M, Rodríguez-Lobato LG, Brusosa M, Solano MT, Serrahima A, Nomdedeu M, Cid J, Lozano M, Arcarons J, de Llobet N, Rosiñol L, Esteve J, Urbano-Ispizua Á, Carreras E, Fernández-Avilés F, Rovira M, Martinez C.","Transplant Cell Ther. 2024 Feb;30(2):213.e1-213.e12. doi: 10.1016/j.jtct.2023.11.020. Epub 2023 Nov 30.","Salas MQ","Transplant Cell Ther","2024","2023/12/02","","","10.1016/j.jtct.2023.11.020"
"39155459","Severity and organ distribution of graft-versus-host disease with post-transplant cyclophosphamide versus calcineurin inhibitor plus methotrexate/mycophenolate mofetil or sirolimus in allogenic HLA-matched or single-allele mismatched stem cell transplantation","Redondo S, García-Cadenas I, Esquirol A, Portos JM, Iranzo E, Arguello-Tomas M, Saavedra S, Oñate G, Caballero AC, Garrido A, López J, Muntañola A, Paviglianiti A, Miqueleiz S, Sierra J, Briones J, Martino R.","Eur J Haematol. 2024 Dec;113(6):776-787. doi: 10.1111/ejh.14294. Epub 2024 Aug 18.","Redondo S","Eur J Haematol","2024","2024/08/19","","","10.1111/ejh.14294"
"33941226","Allogeneic hematopoietic cell transplantation with cord blood versus mismatched unrelated donor with post-transplant cyclophosphamide in acute myeloid leukemia","Dholaria B, Labopin M, Sanz J, Ruggeri A, Cornelissen J, Labussière-Wallet H, Blaise D, Forcade E, Chevallier P, Grassi A, Zubarovskaya L, Kuball J, Ceballos P, Ciceri F, Baron F, Savani BN, Nagler A, Mohty M.","J Hematol Oncol. 2021 May 3;14(1):76. doi: 10.1186/s13045-021-01086-2.","Dholaria B","J Hematol Oncol","2021","2021/05/04","PMC8094558","","10.1186/s13045-021-01086-2"
"27888014","Nonmyeloablative Haploidentical Bone Marrow Transplantation with Post-Transplantation Cyclophosphamide for Pediatric and Young Adult Patients with High-Risk Hematologic Malignancies","Klein OR, Buddenbaum J, Tucker N, Chen AR, Gamper CJ, Loeb D, Zambidis E, Llosa NJ, Huo JS, Robey N, Holuba MJ, Kasamon YL, McCurdy SR, Ambinder R, Bolaños-Meade J, Luznik L, Fuchs EJ, Jones RJ, Cooke KR, Symons HJ.","Biol Blood Marrow Transplant. 2017 Feb;23(2):325-332. doi: 10.1016/j.bbmt.2016.11.016. Epub 2016 Nov 22.","Klein OR","Biol Blood Marrow Transplant","2017","2016/11/27","PMC5346464","NIHMS851357","10.1016/j.bbmt.2016.11.016"
"38029962","Peripheral Blood Haploidentical Allogeneic Stem Cell Transplantation in Older Adults with Acute Myeloid Leukemia and Myelodysplastic Syndromes Demonstrates Long Term Survival, Results from Australia and New Zealand Transplant and Cellular Therapies","Abadir E, Othman J, Kwan J, Gottlieb DJ, Kennedy GA, Bajel A, Doocey R, Perera T, Watson AM, Bardy PG, Greenwood M, Curtis DJ, Tran S, Moore J, Hamad N.","Transplant Cell Ther. 2024 Mar;30(3):334.e1-334.e7. doi: 10.1016/j.jtct.2023.11.018. Epub 2023 Nov 27.","Abadir E","Transplant Cell Ther","2024","2023/11/29","","","10.1016/j.jtct.2023.11.018"
"34035462","Low-dose antithymocyte globulin plus low-dose posttransplant cyclophosphamide combined with cyclosporine and mycophenolate mofetil for prevention of graft-versus-host disease after HLA-matched unrelated donor peripheral blood stem cell transplantation","Sun X, Yang J, Cai Y, Wan L, Huang C, Qiu H, Tong Y, Xu X, Zhou K, Ding X, Song X.","Bone Marrow Transplant. 2021 Oct;56(10):2423-2431. doi: 10.1038/s41409-021-01358-y. Epub 2021 May 25.","Sun X","Bone Marrow Transplant","2021","2021/05/26","PMC8486671","","10.1038/s41409-021-01358-y"
"32314173","Failure to Prevent Severe Graft-Versus-Host Disease in Haploidentical Hematopoietic Cell Transplantation with Post-Transplant Cyclophosphamide in Chronic Granulomatous Disease","Parta M, Hilligoss D, Kelly C, Kwatemaa N, Theobald N, Zerbe CS, Holland SM, Malech HL, Kang EM.","J Clin Immunol. 2020 May;40(4):619-624. doi: 10.1007/s10875-020-00772-z. Epub 2020 Apr 20.","Parta M","J Clin Immunol","2020","2020/04/22","PMC7507116","NIHMS1619786","10.1007/s10875-020-00772-z"
"38177221","Severity and organ distribution of chronic graft-versus-host disease with posttransplant cyclophosphamide-based versus methotrexate/calcineurin inhibitor-based allogeneic hematopoietic cell transplantation","Chhabra S, Jerkins JH, Monahan K, Szabo A, Shah NN, Abedin S, Runaas L, Fenske TS, Pasquini MC, Shaw BE, Drobyski WR, Saber W, D'Souza A, Dhakal B, Mohan M, Longo W, Hamadani M.","Bone Marrow Transplant. 2024 Mar;59(3):373-379. doi: 10.1038/s41409-023-02178-y. Epub 2024 Jan 4.","Chhabra S","Bone Marrow Transplant","2024","2024/01/04","","","10.1038/s41409-023-02178-y"
"38685204","Characterization of Chronic Graft-versus-host Disease After Haploidentical Stem Cell Transplantation With Posttransplant Cyclophosphamide: A Study on Behalf of GETH-TC","Fonseca-Santos M, Bailen R, Lopez-Godino O, Herruzo-Delgado B, Bermudez MA, García-Cadenas I, Huguet-Mas M, Ferra-Coll C, Esquirol A, Cortés-Rodriguez M, Yañez-Sansegundo L, Pascual-Cascon MJ, Heras I, Kwon M, Lopez-Corral L; Grupo Español de Trasplante Hematopoyético y Terapia Celular.","Transplantation. 2024 Oct 1;108(10):2134-2143. doi: 10.1097/TP.0000000000005034. Epub 2024 Sep 24.","Fonseca-Santos M","Transplantation","2024","2024/04/30","","","10.1097/TP.0000000000005034"
"38043802","Post-Transplantation Cyclophosphamide-Based Graft-versus-Host Disease Prophylaxis in HLA-Matched and Haploidentical Donor Transplantation for Patients with Hodgkin Lymphoma: A Comparative Study of the Lymphoma Working Party of the European Society for Blood and Marrow Transplantation","Montoro J, Boumendil A, Finel H, Bramanti S, Castagna L, Blaise D, Dominietto A, Kulagin A, Yakoub-Agha I, Tbakhi A, Solano C, Giebel S, Gulbas Z, López Corral L, Pérez-Simón JA, Díez Martín JL, Sanz J, Farina L, Koc Y, Socié G, Arat M, Jurado M, Bermudez A, Labussière-Wallet H, Villalba M, Ciceri F, Martinez C, Nagler A, Sureda A, Glass B.","Transplant Cell Ther. 2024 Feb;30(2):210.e1-210.e14. doi: 10.1016/j.jtct.2023.11.021. Epub 2023 Dec 1.","Montoro J","Transplant Cell Ther","2024","2023/12/03","","","10.1016/j.jtct.2023.11.021"
"38740138","Improved Outcome of Allogeneic Transplantation in Older Patients Treated for Myeloid Malignancies Using Post-Transplantation Cyclophosphamide and Reduced Duration of Immune Suppression","Morsink LM, Hazenberg CLE, Choi G, de Groot MR, Biswana A, Bellido M, Kooistra HAM, Bungener LB, Meijer K, Mulder AB, Huls G.","Transplant Cell Ther. 2024 Aug;30(8):794-807. doi: 10.1016/j.jtct.2024.05.009. Epub 2024 May 11.","Morsink LM","Transplant Cell Ther","2024","2024/05/13","","","10.1016/j.jtct.2024.05.009"
"33351984","Allogeneic bone marrow transplantation in HIV people with hematological malignancies: Post-transplant cyclophosphamide to overcome the HLA-matching barrier","Oltolini C, Piemontese S, Ripa M, Greco R, Nozza S, Corti C, Peccatori J, Scarpellini P, Ciceri F, Castagna A.","Transpl Infect Dis. 2021 Jun;23(3):e13551. doi: 10.1111/tid.13551. Epub 2021 Jan 5.","Oltolini C","Transpl Infect Dis","2021","2020/12/22","","","10.1111/tid.13551"
"30890770","Peripheral blood stem cell for haploidentical transplantation with post-transplant high dose cyclophosphamide: detailed analysis of 181 consecutive patients","Granata A, Fürst S, Bramanti S, Legrand F, Sarina B, Harbi S, De Philippis C, Faucher C, Chabannon C, Lemarie C, Calmels B, Mariotti J, Maisano V, Weiller PJ, Mokart D, Vey N, Bouabdallah R, Castagna L, Blaise D, Devillier R.","Bone Marrow Transplant. 2019 Nov;54(11):1730-1737. doi: 10.1038/s41409-019-0500-x. Epub 2019 Mar 19.","Granata A","Bone Marrow Transplant","2019","2019/03/21","","","10.1038/s41409-019-0500-x"
"31498883","Influence of donor type, stem cell source and conditioning on outcomes after haploidentical transplant for lymphoma - a LWP-EBMT study","Bazarbachi A, Boumendil A, Finel H, Castagna L, Dominietto A, Blaise D, Diez-Martin JL, Tischer J, Gülbas Z, Wallet HL, Corral LL, Mohty M, Koc Y, Yakoub-Agha I, Schmid C, El Cheikh J, Arat M, Forcade E, Dreger P, Rocha V, García GG, Chalandon Y, Ferra C, Orvain C, Robinson S, Montoto S, Sureda A.","Br J Haematol. 2020 Mar;188(5):745-756. doi: 10.1111/bjh.16182. Epub 2019 Sep 9.","Bazarbachi A","Br J Haematol","2020","2019/09/10","","","10.1111/bjh.16182"
"21354617","Imatinib combined with myeloablative allogeneic hematopoietic stem cell transplantation for advanced phases of chronic myeloid leukemia","Luo Y, Zhao Y, Tan Y, Shi J, Han X, Zheng Y, Li L, He J, Xie W, Ye X, Cai Z, Lin M, Huang H.","Leuk Res. 2011 Oct;35(10):1307-11. doi: 10.1016/j.leukres.2011.01.001. Epub 2011 Feb 26.","Luo Y","Leuk Res","2011","2011/03/01","","","10.1016/j.leukres.2011.01.001"
"30401970","Post-transplantation cyclophosphamide-based haploidentical versus Atg-based unrelated donor allogeneic stem cell transplantation for patients younger than 60 years with hematological malignancies: a single-center experience of 209 patients","Pagliardini T, Harbi S, Fürst S, Castagna L, Legrand F, Faucher C, Granata A, Weiller PJ, Calmels B, Lemarie C, Chabannon C, Bouabdallah R, Mokart D, Vey N, Blaise D, Devillier R.","Bone Marrow Transplant. 2019 Jul;54(7):1067-1076. doi: 10.1038/s41409-018-0387-y. Epub 2018 Nov 6.","Pagliardini T","Bone Marrow Transplant","2019","2018/11/08","","","10.1038/s41409-018-0387-y"
"39215605","Higher survival following transplantation with a mismatched unrelated donor with posttransplant cyclophosphamide-based graft-versus-host disease prophylaxis than with double unit umbilical cord blood in patients with acute myeloid leukemia in first complete remission: A study from the Acute Leukemia Working Party of the European Society for Blood and Marrow Transplantation","Baron F, Labopin M, Versluis J, Vydra J, von dem Borne PA, Nicholson E, Blaise D, Protheroe R, Kulagin A, Bulabois CE, Rovira M, Chevallier P, Forcade E, Byrne J, Sanz J, Ruggeri A, Mohty M, Ciceri F.","Am J Hematol. 2024 Dec;99(12):2296-2305. doi: 10.1002/ajh.27466. Epub 2024 Aug 31.","Baron F","Am J Hematol","2024","2024/08/31","","","10.1002/ajh.27466"
"33034124","Extended letermovir administration, beyond day 100, is effective for CMV prophylaxis in patients with graft versus host disease","Bansal R, Gordillo CA, Abramova R, Assal A, Mapara MY, Pereira MR, Reshef R.","Transpl Infect Dis. 2021 Apr;23(2):e13487. doi: 10.1111/tid.13487. Epub 2020 Oct 27.","Bansal R","Transpl Infect Dis","2021","2020/10/09","","","10.1111/tid.13487"
"34435547","Lower dose of ATG combined with post-transplant cyclophosphamide for HLA matched RIC alloHCT is associated with effective control of GVHD and less viral infections","Salas MQ, Atenafu EG, Law AD, Lam W, Pasic I, Chen C, Kim DDH, Michelis FV, Gerbitz A, Lipton JH, Mattsson J, Kumar R, Viswabandya A.","Leuk Lymphoma. 2021 Dec;62(14):3373-3383. doi: 10.1080/10428194.2021.1966781. Epub 2021 Aug 26.","Salas MQ","Leuk Lymphoma","2021","2021/08/26","","","10.1080/10428194.2021.1966781"
"38317015","Dual T cell depletion for graft versus host disease prevention in peripheral blood haploidentical hematopoietic cell transplantation for adults with hematological malignancies","Alfaro Moya T, Salas MQ, Santos Carreira A, Atenafu EG, Law AD, Lam W, Pasic I, Kim DDH, Michelis FV, Novitzky Basso I, Gerbitz A, Lipton JH, Kumar R, Mattsson J, Viswabandya A.","Bone Marrow Transplant. 2024 Apr;59(4):534-540. doi: 10.1038/s41409-024-02216-3. Epub 2024 Feb 5.","Alfaro Moya T","Bone Marrow Transplant","2024","2024/02/05","","","10.1038/s41409-024-02216-3"
"38877098","Anti-T-lymphocyte globulin (ATLG) compared to post-transplant cyclophosphamide as GvHD prophylaxis in ALL patients undergoing allogeneic stem cell transplantation","Steiner N, Massoud R, Klyuchnikov E, Gagelmann N, Richter J, Niederwieser C, Rathje K, Urbanowicz T, Kunte A, Engelmann J, Ihne C, Lastovytska I, Lindhauer C, Marquard F, Reichard M, Ryzhkova A, Sabauri R, Schäfersküpper M, Seyedi N, Kalogeropoulos G, Heidenreich S, Rudolph I, Zeck G, Janson D, Wolschke C, Ayuk F, Kröger N.","Bone Marrow Transplant. 2024 Sep;59(9):1265-1274. doi: 10.1038/s41409-024-02328-w. Epub 2024 Jun 14.","Steiner N","Bone Marrow Transplant","2024","2024/06/14","PMC11368809","","10.1038/s41409-024-02328-w"
"39159847","Post-transplantation cyclophosphamide and cyclosporine A versus methotrexate and cyclosporine A for graft-versus-host disease prophylaxis after allogeneic peripheral stem cell transplantation in adult acute myeloid leukemia patients","Sharaf El-Deen MO, Soliman MM, Al-Azab G, Samra M, Shams MEE.","Toxicol Appl Pharmacol. 2024 Oct;491:117071. doi: 10.1016/j.taap.2024.117071. Epub 2024 Aug 17.","Sharaf El-Deen MO","Toxicol Appl Pharmacol","2024","2024/08/19","","","10.1016/j.taap.2024.117071"
"38758817","Posttransplant cyclophosphamide versus anti-thymocyte globulin versus combination for graft-versus-host disease prevention in haploidentical transplantation for adult acute myeloid leukemia: A report from the European Society for Blood and Marrow Transplantation Acute Leukemia Working Party","Bazarbachi AH, Labopin M, Raiola AM, Blaise D, Arcese W, Santarone S, Koc Y, Bramanti S, Kulagin A, Kwon M, Sica S, Sanz J, Brissot E, Nagler A, Ciceri F, Mohty M.","Cancer. 2024 Sep 15;130(18):3123-3136. doi: 10.1002/cncr.35365. Epub 2024 May 17.","Bazarbachi AH","Cancer","2024","2024/05/17","","","10.1002/cncr.35365"
"39967667","Haploidentical stem cell transplantation with posttransplant cyclophosphamide in children with Wiskott-Aldrich syndrome: a case report","Nguyen Ngoc Quynh L, Nguyen Thanh B, Luong Thi L, Nguyen Thi Dieu T, Dang Anh D, P Lee P, Cao Viet T, Tran Minh D.","Front Immunol. 2025 Feb 4;16:1495666. doi: 10.3389/fimmu.2025.1495666. eCollection 2025.","Nguyen Ngoc Quynh L","Front Immunol","2025","2025/02/19","PMC11832547","","10.3389/fimmu.2025.1495666"
"35123632","[Clinical Study of Haploid Allogeneic Hematopoietic Stem Cell Transplantation Combined with Post-transplant Cyclophosphamide in Severe Aplastic Anemia Patients]","Li JN, Li P, Liu L, Xiao Q, Tang XQ, Zhang HB, Wang X, Luo XH, Wang L.","Zhongguo Shi Yan Xue Ye Xue Za Zhi. 2022 Feb;30(1):227-231. doi: 10.19746/j.cnki.issn.1009-2137.2022.01.038.","Li JN","Zhongguo Shi Yan Xue Ye Xue Za Zhi","2022","2022/02/06","","","10.19746/j.cnki.issn.1009-2137.2022.01.038"
"33025625","Ex vivo T-cell depletion vs post-transplant cyclophosphamide, sirolimus, and mycophenolate mofetil as graft-vs-host disease prophylaxis for allogeneic hematopoietic stem cell transplantation","Montoro J, Roldán E, Piñana JL, Barba P, Chorão P, Quintero A, Hernani R, Ortí G, Lorenzo JI, Balaguer-Roselló A, Salamero O, Fox L, Solves P, Gómez I, Guerreiro M, Hernández Boluda JC, Sanz G, Solano C, Sanz MÁ, Valcárcel D, Sanz J.","Eur J Haematol. 2021 Jan;106(1):114-125. doi: 10.1111/ejh.13529. Epub 2020 Oct 18.","Montoro J","Eur J Haematol","2021","2020/10/07","","","10.1111/ejh.13529"
"32428903","Post-Transplant Cyclophosphamide Combined with Anti-Thymocyte Globulin as Graft-versus-Host Disease Prophylaxis for Allogeneic Hematopoietic Cell Transplantation in High-Risk Acute Myeloid Leukemia and Myelodysplastic Syndrome","Alanazi W, Chen S, Lipton JH, Kim DD, Viswabandya A, Kumar R, Lam W, Law AD, Al-Shaibani Z, Mattsson J, Michelis FV.","Acta Haematol. 2021;144(1):66-73. doi: 10.1159/000507536. Epub 2020 May 19.","Alanazi W","Acta Haematol","2021","2020/05/20","","","10.1159/000507536"
"38281592","Outcomes of Antithymocyte Globulin-Post-Transplantation Cyclophosphamide-Cyclosporine-Based versus Antithymocyte Globulin-Based Prophylaxis for 10/10 HLA-Matched Unrelated Donor Allogeneic Hematopoietic Cell Transplantation","Salas MQ, Alfaro-Moya T, Atenafu EG, Datt Law A, Lam W, Pasic I, Novitzky-Basso I, Santos Carreira A, Chen C, Michelis FV, Gerbitz A, Howard Lipton J, Kim DDH, Kumar R, Mattsson J, Viswabandya A.","Transplant Cell Ther. 2024 May;30(5):536.e1-536.e13. doi: 10.1016/j.jtct.2024.01.075. Epub 2024 Jan 27.","Salas MQ","Transplant Cell Ther","2024","2024/01/28","","","10.1016/j.jtct.2024.01.075"
"33159239","Ruxolitinib is an effective salvage treatment for multidrug-resistant graft-versus-host disease after haploidentical allogeneic hematopoietic stem cell transplantation without posttransplant cyclophosphamide","Zhao JY, Liu SN, Xu LP, Zhang XH, Wang Y, Chen YH, Liu KY, Huang XJ, Mo XD.","Ann Hematol. 2021 Jan;100(1):169-180. doi: 10.1007/s00277-020-04273-2. Epub 2020 Nov 7.","Zhao JY","Ann Hematol","2021","2020/11/07","","","10.1007/s00277-020-04273-2"
"31677618","Successful haploidentical hematopoietic stem cell transplantation with post-transplant cyclophosphamide in a child with X-linked chronic granulomatous disease: A first report in Asia","Janjindamai C, Manuyakorn W, Anurathapan U, Pakakasama S, Wattanasirichaigoon D, Kamchaisatian W, Benjaponpitak S, Hongeng S.","Asian Pac J Allergy Immunol. 2022 Sep;40(3):278-282. doi: 10.12932/AP-290419-0551.","Janjindamai C","Asian Pac J Allergy Immunol","2022","2019/11/04","","","10.12932/AP-290419-0551"
"38615143","Post-transplant cyclophosphamide, calcineurin inhibitor, and mycophenolate mofetil compared to anti-thymocyte globulin, calcineurin inhibitor, and methotrexate combinations as graft-versus-host disease prophylaxis post allogeneic stem cell transplantation from sibling and unrelated donors in patients with acute myeloid leukemia: a study on behalf of the Acute Leukemia Working Party of the European Society for Blood and Marrow Transplantation","Nagler A, Labopin M, Swoboda R, Schroeder T, Hamladji RM, Griskevicius L, Salmenniemi U, Rambaldi A, Mielke S, Kulagin A, Passweg J, Luft T, Gedde-Dahl T, Forcade E, Helbig G, Stelljes M, Castilla-Llorente C, Spyridonidis A, Brissot E, Ciceri F, Mohty M.","Bone Marrow Transplant. 2024 Jul;59(7):1012-1021. doi: 10.1038/s41409-024-02284-5. Epub 2024 Apr 13.","Nagler A","Bone Marrow Transplant","2024","2024/04/13","","","10.1038/s41409-024-02284-5"
"26636526","Treatment of childhood leukemia with haploidentical hematopoietic stem cell transplantation using parent as donor: a single-center study of 111 case","Sun Y, Xiao J, Li ZH, Fan SF, Shen Y.","Eur Rev Med Pharmacol Sci. 2015 Nov;19(22):4379-84.","Sun Y","Eur Rev Med Pharmacol Sci","2015","2015/12/05","","",""
"33965185","Experience Using Anti-Thymocyte Globulin With Post-Transplantation Cyclophosphamide for Graft-Versus-Host Disease Prophylaxis in Peripheral Blood Haploidentical Stem Cell Transplantation","Salas MQ, Atenafu EG, Law AD, Lam W, Pasic I, Chen C, Dong Hwan Kim D, Michelis FV, Gerbitz A, Lipton JH, Mattsson J, Kumar R, Viswabandya A.","Transplant Cell Ther. 2021 May;27(5):428.e1-428.e9. doi: 10.1016/j.jtct.2021.02.007. Epub 2021 Feb 13.","Salas MQ","Transplant Cell Ther","2021","2021/05/09","","","10.1016/j.jtct.2021.02.007"
"41747740","Improved early transplant outcomes with reduced-dose PTCy and low-dose ATG in matched unrelated donor allogeneic transplantation for acute myeloid leukaemia","Desai N, Althobaiti M, Chen C, Al-Shaibani E, Moya TA, Novitzky-Basso I, Pasic I, Michelis FV, Kim DD, Kumar R, Mattsson J, Law AD, Viswabandya A.","Br J Haematol. 2026 Apr;208(4):1359-1368. doi: 10.1111/bjh.70380. Epub 2026 Feb 26.","Desai N","Br J Haematol","2026","2026/02/26","","","10.1111/bjh.70380"
"34059802","Severe infections and infection-related mortality in a large series of haploidentical hematopoietic stem cell transplantation with post-transplant cyclophosphamide","Esquirol A, Pascual MJ, Kwon M, Pérez A, Parody R, Ferra C, Garcia Cadenas I, Herruzo B, Dorado N, Hernani R, Sanchez-Ortega I, Torrent A, Sierra J, Martino R; Spanish Group for Hematopoietic Stem cell Transplantation (GETH).","Bone Marrow Transplant. 2021 Oct;56(10):2432-2444. doi: 10.1038/s41409-021-01328-4. Epub 2021 May 31.","Esquirol A","Bone Marrow Transplant","2021","2021/06/01","PMC8165955","","10.1038/s41409-021-01328-4"
"39048722","Older MRD vs. younger MUD in patients older than 50 years with AML in remission using post-transplant cyclophosphamide","Piemontese S, Labopin M, Choi G, Broers AEC, Peccatori J, Meijer E, Van Gorkom G, Rovira M, Pascual Cascon MJ, Sica S, Vydra J, Kulagin A, Spyridonidis A, Nagler A, Bazarbachi A, Savani B, Brissot E, Sanz J, Mohty M, Ciceri F.","Leukemia. 2024 Sep;38(9):2016-2022. doi: 10.1038/s41375-024-02359-8. Epub 2024 Jul 24.","Piemontese S","Leukemia","2024","2024/07/24","","","10.1038/s41375-024-02359-8"
"31541204","High prevalence of CD3, NK, and NKT cells in the graft predicts adverse outcome after matched-related and unrelated transplantations with post transplantation cyclophosphamide","Moiseev IS, Babenko EV, Epifanovskaya OS, Sergeev VS, Dotcenko AA, Bakin EA, Surkova EA, Kuznetsova DA, Lapin SV, Pirogova OV, Alyanskii AL, Golovacheva AA, Darskaya EI, Morozova EV, Markova IV, Bondarenko SN, Afanasyev BV.","Bone Marrow Transplant. 2020 Mar;55(3):544-552. doi: 10.1038/s41409-019-0665-3. Epub 2019 Sep 20.","Moiseev IS","Bone Marrow Transplant","2020","2019/09/22","","","10.1038/s41409-019-0665-3"
"38856236","Comparable relapse incidence after unrelated allogeneic stem cell transplantation with post-transplant cyclophosphamide versus conventional anti-graft versus host disease prophylaxis in patients with acute myeloid leukemia: A study on behalf of the Acute Leukemia Working Party of the European Society for Blood and Marrow Transplantation","Nagler A, Ngoya M, Galimard JE, Labopin M, Blau IW, Kröger N, Gedde-Dahl T, Schroeder T, Burns D, Salmenniemi U, Rambaldi A, Choi G, Peffault de Latour R, Vydra J, Sengeloev H, Eder M, Mielke S, Forcade E, Kulagin A, Ciceri F, Mohty M.","Am J Hematol. 2024 Sep;99(9):1732-1745. doi: 10.1002/ajh.27383. Epub 2024 Jun 10.","Nagler A","Am J Hematol","2024","2024/06/10","","","10.1002/ajh.27383"
"37952648","Sirolimus Is an Acceptable Alternative to Tacrolimus for Graft-versus-Host Disease Prophylaxis after Haploidentical Peripheral Blood Stem Cell Transplantation with Post-Transplantation Cyclophosphamide","Elmariah H, Otoukesh S, Kumar A, Ali H, Arslan S, Shouse G, Pourhassan H, Nishihori T, Faramand R, Mishra A, Khimani F, Fernandez H, Lazaryan A, Nieder M, Perez L, Liu H, Nakamura R, Pidala J, Marcucci G, Forman SJ, Anasetti C, Locke F, Bejanyan N, Al Malki MM.","Transplant Cell Ther. 2024 Feb;30(2):229.e1-229.e11. doi: 10.1016/j.jtct.2023.11.010. Epub 2023 Nov 11.","Elmariah H","Transplant Cell Ther","2024","2023/11/12","","","10.1016/j.jtct.2023.11.010"
"39155604","Predictors of fluid overload in allogeneic hematopoietic cell transplant patients receiving post-transplant cyclophosphamide","Tsao M, Hoeg R, Pecoraro J, Kuehner M, Deen B, Guglielmo J.","J Oncol Pharm Pract. 2025 Oct;31(7):1046-1050. doi: 10.1177/10781552241276418. Epub 2024 Aug 18.","Tsao M","J Oncol Pharm Pract","2025","2024/08/19","PMC12426334","","10.1177/10781552241276418"
"34329754","Increased Infections and Delayed CD4(+) T Cell but Faster B Cell Immune Reconstitution after Post-Transplantation Cyclophosphamide Compared to Conventional GVHD Prophylaxis in Allogeneic Transplantation","Khimani F, Ranspach P, Elmariah H, Kim J, Whiting J, Nishihori T, Locke FL, Perez Perez A, Dean E, Mishra A, Perez L, Lazaryan A, Jain MD, Nieder M, Liu H, Faramand R, Hansen D, Alsina M, Ochoa L, Davila M, Anasetti C, Pidala J, Bejanyan N.","Transplant Cell Ther. 2021 Nov;27(11):940-948. doi: 10.1016/j.jtct.2021.07.023. Epub 2021 Jul 28.","Khimani F","Transplant Cell Ther","2021","2021/07/30","","","10.1016/j.jtct.2021.07.023"
"38778766","Peripheral blood stem cell versus bone marrow graft for patients ≥60 years undergoing reduced intensity conditioning haploidentical transplantation for acute myeloid leukemia in complete remission: An analysis of the Acute Leukemia Working Party of the European Society for Blood and Marrow Transplantation","Devillier R, Galimard JE, Blaise D, Raiola AM, Bramanti S, Grillo G, Pastano R, de Latour RP, Busca A, López-Corral L, Rodríguez AB, Schmid C, Forcade E, Vydra J, Solano C, Bug G, Neubauer A, Charbonnier A, Brissot E, Nagler A, Ciceri F, Mohty M.","Am J Hematol. 2024 Jul;99(7):1250-1256. doi: 10.1002/ajh.27343. Epub 2024 May 23.","Devillier R","Am J Hematol","2024","2024/05/23","","","10.1002/ajh.27343"
"39155338","Young (<35 years) haploidentical versus old (≥35 years) mismatched unrelated donors and vice versa for allogeneic stem cell transplantation with post-transplant cyclophosphamide in patients with acute myeloid leukemia in first remission: a study on behalf of the Acute Leukemia Working Party of the European Society for Blood and Marrow Transplantation","Nagler A, Labopin M, Swoboda R, Blaise D, Angelucci E, Vydra J, Corral LL, Bramanti S, Chiusolo P, Kwon M, Koc Y, Itäla-Remes M, Martino M, Kulagin A, Busca A, Ciceri F, Mohty M.","Bone Marrow Transplant. 2024 Nov;59(11):1552-1562. doi: 10.1038/s41409-024-02400-5. Epub 2024 Aug 18.","Nagler A","Bone Marrow Transplant","2024","2024/08/18","","","10.1038/s41409-024-02400-5"
"34543768","Post-Transplantation Cyclophosphamide for Graft-versus- Host Disease Prophylaxis in Multiple Myeloma Patients Who Underwent Allogeneic Hematopoietic Cell Transplantation: First Comparison by Donor Type. A Study from the Chronic Malignancies Working Party of the European Society for Blood and Marrow Transplantation","Sahebi F, Eikema DJ, Koster L, Kroger N, Meijer E, van Doesum JA, Rovira M, Koc Y, Angelucci E, Blaise D, Sammassimo S, McDonald A, Arroyo CH, Sanchez JF, Forcade E, Castagna L, Stölzel F, Sanz J, Tischer J, Ciceri F, Valcarcel D, Proia A, Hayden PJ, Beksac M, Yakoub-Agha I, Schönland S.","Transplant Cell Ther. 2021 Dec;27(12):999.e1-999.e10. doi: 10.1016/j.jtct.2021.09.008. Epub 2021 Sep 17.","Sahebi F","Transplant Cell Ther","2021","2021/09/20","","","10.1016/j.jtct.2021.09.008"
"32382774","Post-transplant cyclophosphamide combined with anti-thymocyte globulin for graft-vs-host disease prophylaxis improves survival and lowers non-relapse mortality in older patients undergoing allogeneic hematopoietic cell transplantation","Pasic I, Lipton JH, Kim DD, Viswabandya A, Kumar R, Lam W, Law AD, Mattsson J, Michelis FV.","Ann Hematol. 2020 Jun;99(6):1377-1387. doi: 10.1007/s00277-020-04033-2. Epub 2020 May 7.","Pasic I","Ann Hematol","2020","2020/05/09","","","10.1007/s00277-020-04033-2"
"31251433","Rotavirus infection following post-transplantation cyclophosphamide based haploidentical hematopoietic cell transplantation in children is associated with hemophagocytic syndrome and high mortality","Jaiswal SR, Bhakuni P, Chakrabarti A, Chakrabarti S.","Transpl Infect Dis. 2019 Oct;21(5):e13136. doi: 10.1111/tid.13136. Epub 2019 Jul 16.","Jaiswal SR","Transpl Infect Dis","2019","2019/06/29","","","10.1111/tid.13136"
"33106541","Patterns of infection and infectious-related mortality in patients receiving post-transplant high dose cyclophosphamide as graft-versus-host-disease prophylaxis: impact of HLA donor matching","Irene GC, Albert E, Anna BV, Rahinatu A, Silvana N, Silvana S, Ana G, Jordi L, Carolina CA, Miquel G, Carolina M, Javier B, Jorge S, Rodrigo M.","Bone Marrow Transplant. 2021 Apr;56(4):818-827. doi: 10.1038/s41409-020-01092-x. Epub 2020 Oct 26.","Irene GC","Bone Marrow Transplant","2021","2020/10/27","PMC7587539","","10.1038/s41409-020-01092-x"
"32524356","Fludarabine and intravenous busulfan conditioning with post-transplantation cyclophosphamide for allogeneic peripheral stem cell transplantation for adult patients with lymphoid malignancies: a prospective single-arm phase II study","Wang L, Wang L, Fan X, Tang W, Hu J.","Front Med. 2021 Feb;15(1):108-115. doi: 10.1007/s11684-019-0730-8. Epub 2020 Jun 10.","Wang L","Front Med","2021","2020/06/12","","","10.1007/s11684-019-0730-8"
"40011099","Outcomes of Peripheral Blood Haploidentical Stem Cell Transplantation With Post-Transplant Cyclophosphamide and Earlier Initiation of Immunosuppression","Ma'koseh M, Rahman ZA, Yaseen A, Mesmar A, Abu-Jazar H, Saadeh S, Mufarrej D, Alfar R, Da'na W, Halahleh K, Hashem H, Al-Ibraheem A, Al-Rabi K, Abdel-Razeq H.","Clin Lymphoma Myeloma Leuk. 2025 Jul;25(7):e513-e523.e1. doi: 10.1016/j.clml.2025.01.023. Epub 2025 Feb 1.","Ma'koseh M","Clin Lymphoma Myeloma Leuk","2025","2025/02/26","","","10.1016/j.clml.2025.01.023"
"28860000","Pre-Engraftment Bloodstream Infections after Allogeneic Hematopoietic Cell Transplantation: Impact of T Cell-Replete Transplantation from a Haploidentical Donor","Mikulska M, Raiola AM, Galaverna F, Balletto E, Borghesi ML, Varaldo R, Gualandi F, Giannoni L, Pastori G, Giacobbe DR, Signori A, Del Bono V, Viscoli C, Bacigalupo A, Angelucci E.","Biol Blood Marrow Transplant. 2018 Jan;24(1):109-118. doi: 10.1016/j.bbmt.2017.08.024. Epub 2017 Aug 30.","Mikulska M","Biol Blood Marrow Transplant","2018","2017/09/02","","","10.1016/j.bbmt.2017.08.024"
"32949751","Impact of CD34 Cell Dose and Conditioning Regimen on Outcomes after Haploidentical Donor Hematopoietic Stem Cell Transplantation with Post-Transplantation Cyclophosphamide for Relapsed/Refractory Severe Aplastic Anemia","Arcuri LJ, Nabhan SK, Cunha R, Nichele S, Ribeiro AAF, Fernandes JF, Daudt LE, Rodrigues ALM, Arrais-Rodrigues C, Seber A, Atta EH, de Oliveira JSR, Funke VAM, Loth G, Junior LGD, Paz A, Calixto RF, Gomes AA, Araujo CES, Colturato V, Simoes BP, Hamerschlak N, Flowers ME, Pasquini R, Rocha V, Bonfim C.","Biol Blood Marrow Transplant. 2020 Dec;26(12):2311-2317. doi: 10.1016/j.bbmt.2020.09.007. Epub 2020 Sep 17.","Arcuri LJ","Biol Blood Marrow Transplant","2020","2020/09/19","","","10.1016/j.bbmt.2020.09.007"
"32025839","Impact of extended infusional mesna prophylaxis on the incidence of BK viruria and hemorrhagic cystitis following post-transplantation cyclophosphamide and CTLA4Ig-based haploidentical transplantation","Jaiswal SR, Singhal P, Thatai A, Bhagwati G, Aiyer HM, Chakrabarti A, Chakrabarti S.","Ann Hematol. 2020 Apr;99(4):839-845. doi: 10.1007/s00277-020-03930-w. Epub 2020 Feb 5.","Jaiswal SR","Ann Hematol","2020","2020/02/07","","","10.1007/s00277-020-03930-w"
"26970381","Graft-versus-Host Disease Prophylaxis in Unrelated Peripheral Blood Stem Cell Transplantation with Post-Transplantation Cyclophosphamide, Tacrolimus, and Mycophenolate Mofetil","Moiseev IS, Pirogova OV, Alyanski AL, Babenko EV, Gindina TL, Darskaya EI, Slesarchuk OA, Bondarenko SN, Afanasyev BV.","Biol Blood Marrow Transplant. 2016 Jun;22(6):1037-1042. doi: 10.1016/j.bbmt.2016.03.004. Epub 2016 Mar 10.","Moiseev IS","Biol Blood Marrow Transplant","2016","2016/03/13","","","10.1016/j.bbmt.2016.03.004"
"32629157","Low Nonrelapse Mortality after HLA-Matched Related 2-Step Hematopoietic Stem Cell Transplantation Using Cyclophosphamide for Graft-versus-Host Disease Prophylaxis and the Potential Impact of Non- Cyclophosphamide-Exposed T Cells on Outcomes","Grosso D, Carabasi M, Filicko-O'Hara J, Wagner JL, O'Hara W, Sun M, Colombe B, Shi W, Werner-Wasik M, Rudolph S, Alpdogan O, Binder A, Kasner M, Klumpp T, Martinez-Outschoorn U, Palmisiano N, Wilde L, Porcu P, Gergis U, Flomenberg N.","Biol Blood Marrow Transplant. 2020 Oct;26(10):1861-1867. doi: 10.1016/j.bbmt.2020.06.021. Epub 2020 Jul 3.","Grosso D","Biol Blood Marrow Transplant","2020","2020/07/07","","","10.1016/j.bbmt.2020.06.021"
"25667989","Phase II Trial of Graft-versus-Host Disease Prophylaxis with Post-Transplantation Cyclophosphamide after Reduced-Intensity Busulfan/Fludarabine Conditioning for Hematological Malignancies","Alousi AM, Brammer JE, Saliba RM, Andersson B, Popat U, Hosing C, Jones R, Shpall EJ, Khouri I, Qazilbash M, Nieto Y, Shah N, Ahmed S, Oran B, Al Atrash G, Ciurea S, Kebriaei P, Chen J, Rondon G, Champlin RE.","Biol Blood Marrow Transplant. 2015 May;21(5):906-12. doi: 10.1016/j.bbmt.2015.01.026. Epub 2015 Feb 7.","Alousi AM","Biol Blood Marrow Transplant","2015","2015/02/11","PMC4825327","NIHMS770960","10.1016/j.bbmt.2015.01.026"
"31702882","Pretransplant active disease status and HLA class II mismatching are associated with increased incidence and severity of cytokine release syndrome after haploidentical transplantation with posttransplant cyclophosphamide","Mariotti J, Taurino D, Marino F, Bramanti S, Sarina B, Morabito L, De Philippis C, Di Vito C, Mavilio D, Carlo-Stella C, Della Porta M, Santoro A, Castagna L.","Cancer Med. 2020 Jan;9(1):52-61. doi: 10.1002/cam4.2607. Epub 2019 Nov 8.","Mariotti J","Cancer Med","2020","2019/11/09","PMC6943086","","10.1002/cam4.2607"
"31586527","[Haploidentical hematopoietic stem cell transplant: How to choose the best donor? Guidelines from the Francophone Society of Bone Marrow Transplantation and Cellular Therapy (SFGM-TC)]","Dubois V, Amokrane K, Beguin Y, Bruno B, Chevallier P, Delbos F, Devillier R, Giannoli C, Guidicelli G, Harif M, Loiseau P, Rouzaire PO, Varlet P, Yakoub-Agha I, Nguyen S.","Bull Cancer. 2020 Jan;107(1S):S72-S84. doi: 10.1016/j.bulcan.2019.07.011. Epub 2019 Oct 2.","Dubois V","Bull Cancer","2020","2019/10/07","","","10.1016/j.bulcan.2019.07.011"
"30915500","Reduced dose of post-transplantation cyclophosphamide compared to ATG for graft-versus-host disease prophylaxis in recipients of mismatched unrelated donor hematopoietic cell transplantation: a single-center study","Soltermann Y, Heim D, Medinger M, Baldomero H, Halter JP, Gerull S, Arranto C, Passweg JR, Kleber M.","Ann Hematol. 2019 Jun;98(6):1485-1493. doi: 10.1007/s00277-019-03673-3. Epub 2019 Mar 26.","Soltermann Y","Ann Hematol","2019","2019/03/28","","","10.1007/s00277-019-03673-3"
"34245928","Early Post-Transplantation Serum Ferritin Level Predicts Survival in Recipients of Haploidentical Stem Cell Transplantation Using Post-Transplantation Cyclophosphamide as Graft-versus-Host Disease Prophylaxis","Jullien M, Orvain C, Berceanu A, Couturier MA, Guillaume T, Peterlin P, Garnier A, Bourgeois AL, Klemencie M, Schmidt A, Hunault M, Daguindau E, Roussel X, Delepine P, Guillerm G, Giltat A, François S, Thepot S, Gouill SL, Béné MC, Chevallier P.","Transplant Cell Ther. 2021 Oct;27(10):861.e1-861.e7. doi: 10.1016/j.jtct.2021.06.032. Epub 2021 Jul 7.","Jullien M","Transplant Cell Ther","2021","2021/07/10","","","10.1016/j.jtct.2021.06.032"
"31677215","Incidence, features, and outcomes of cytomegalovirus DNAemia in unmanipulated haploidentical allogeneic hematopoietic stem cell transplantation with post-transplantation cyclophosphamide","Huntley D, Giménez E, Pascual MJ, Hernández-Boluda JC, Gago B, Vázquez L, Piñana JL, García M, Pérez A, Serrano D, Hernández M, Albert E, Solano C, Navarro D.","Transpl Infect Dis. 2020 Feb;22(1):e13206. doi: 10.1111/tid.13206. Epub 2019 Nov 15.","Huntley D","Transpl Infect Dis","2020","2019/11/03","","","10.1111/tid.13206"
"38071080","[Research Progress of Post-Transplant Cyclophosphamide Combined with Antithymocyte Globulin in Preventing GVHD after Hematopoietic Stem Cell Transplantation --Review]","Wu MJ, Ye PP.","Zhongguo Shi Yan Xue Ye Xue Za Zhi. 2023 Dec;31(6):1899-1904. doi: 10.19746/j.cnki.issn.1009-2137.2023.06.047.","Wu MJ","Zhongguo Shi Yan Xue Ye Xue Za Zhi","2023","2023/12/09","","","10.19746/j.cnki.issn.1009-2137.2023.06.047"
"32371901","Uniform graft-versus-host disease prophylaxis with posttransplant cyclophosphamide, sirolimus, and mycophenolate mofetil following hematopoietic stem cell transplantation from haploidentical, matched sibling and unrelated donors","Montoro J, Piñana JL, Hernández-Boluda JC, Hernani R, Lorenzo I, Pérez A, Guerreiro M, Balaguer-Rosello A, Sanz GF, Carretero C, Albert E, Navarro D, Sanz MA, Solano C, Sanz J.","Bone Marrow Transplant. 2020 Nov;55(11):2147-2159. doi: 10.1038/s41409-020-0921-6. Epub 2020 May 5.","Montoro J","Bone Marrow Transplant","2020","2020/05/07","","","10.1038/s41409-020-0921-6"
"31913492","Incidence, Risk Factors, and Outcomes of Patients Who Develop Mucosal Barrier Injury-Laboratory Confirmed Bloodstream Infections in the First 100 Days After Allogeneic Hematopoietic Stem Cell Transplant","Dandoy CE, Kim S, Chen M, Ahn KW, Ardura MI, Brown V, Chhabra S, Diaz MA, Dvorak C, Farhadfar N, Flagg A, Ganguly S, Hale GA, Hashmi SK, Hematti P, Martino R, Nishihori T, Nusrat R, Olsson RF, Rotz SJ, Sung AD, Perales MA, Lindemans CA, Komanduri KV, Riches ML.","JAMA Netw Open. 2020 Jan 3;3(1):e1918668. doi: 10.1001/jamanetworkopen.2019.18668.","Dandoy CE","JAMA Netw Open","2020","2020/01/09","PMC6991246","","10.1001/jamanetworkopen.2019.18668"
"26001696","Post-transplantation Cyclophosphamide and Sirolimus after Haploidentical Hematopoietic Stem Cell Transplantation Using a Treosulfan-based Myeloablative Conditioning and Peripheral Blood Stem Cells","Cieri N, Greco R, Crucitti L, Morelli M, Giglio F, Levati G, Assanelli A, Carrabba MG, Bellio L, Milani R, Lorentino F, Stanghellini MT, De Freitas T, Marktel S, Bernardi M, Corti C, Vago L, Bonini C, Ciceri F, Peccatori J.","Biol Blood Marrow Transplant. 2015 Aug;21(8):1506-14. doi: 10.1016/j.bbmt.2015.04.025. Epub 2015 May 19.","Cieri N","Biol Blood Marrow Transplant","2015","2015/05/24","","","10.1016/j.bbmt.2015.04.025"
"31132455","Lower Graft-versus-Host Disease and Relapse Risk in Post-Transplant Cyclophosphamide-Based Haploidentical versus Matched Sibling Donor Reduced-Intensity Conditioning Transplant for Hodgkin Lymphoma","Ahmed S, Kanakry JA, Ahn KW, Litovich C, Abdel-Azim H, Aljurf M, Bacher VU, Bejanyan N, Cohen JB, Farooq U, Fuchs EJ, Bolaños-Meade J, Ghosh N, Herrera AF, Hossain NM, Inwards D, Kanate AS, Martino R, Munshi PN, Murthy H, Mussetti A, Nieto Y, Perales MA, Romee R, Savani BN, Seo S, Wirk B, Yared JA, Sureda A, Fenske TS, Hamadani M.","Biol Blood Marrow Transplant. 2019 Sep;25(9):1859-1868. doi: 10.1016/j.bbmt.2019.05.025. Epub 2019 May 25.","Ahmed S","Biol Blood Marrow Transplant","2019","2019/05/28","PMC6755039","NIHMS1530964","10.1016/j.bbmt.2019.05.025"
"31420852","Comparison of the clinical outcomes of hematologic malignancies after myeloablative haploidentical transplantation with G-CSF/ATG and posttransplant cyclophosphamide: results from the Chinese Bone Marrow Transplantation Registry Group (CBMTRG)","Tang F, Xu Y, Chen H, Xu L, Zhang X, Wang Y, Liu Q, Wu D, Huang X.","Sci China Life Sci. 2020 Apr;63(4):571-581. doi: 10.1007/s11427-019-9594-7. Epub 2019 Aug 14.","Tang F","Sci China Life Sci","2020","2019/08/18","","","10.1007/s11427-019-9594-7"
"32748216","Safety and efficacy of anti-programmed cell death-1 monoclonal antibodies before and after allogeneic hematopoietic cell transplantation for relapsed or refractory Hodgkin lymphoma: a multicenter retrospective study","Ito A, Kim SW, Matsuoka KI, Kawakita T, Tanaka T, Inamoto Y, Toubai T, Fujiwara SI, Fukaya M, Kondo T, Sugita J, Nara M, Katsuoka Y, Imai Y, Nakazawa H, Kawashima I, Sakai R, Ishii A, Onizuka M, Takemura T, Terakura S, Iida H, Nakamae M, Higuchi K, Tamura S, Yoshioka S, Togitani K, Kawano N, Suzuki R, Suzumiya J, Izutsu K, Teshima T, Fukuda T.","Int J Hematol. 2020 Nov;112(5):674-689. doi: 10.1007/s12185-020-02960-4. Epub 2020 Aug 3.","Ito A","Int J Hematol","2020","2020/08/05","","","10.1007/s12185-020-02960-4"
"31628924","Comparative effectiveness of busulfan/cyclophosphamide versus busulfan/fludarabine myeloablative conditioning for allogeneic hematopoietic cell transplantation in acute myeloid leukemia and myelodysplastic syndrome","Patel SS, Rybicki L, Pohlman B, Bolwell B, Gerds AT, Hamilton BK, Hanna R, Kalaycio M, Majhail NS, Sobecks R.","Hematol Oncol Stem Cell Ther. 2020 Sep;13(3):160-165. doi: 10.1016/j.hemonc.2019.09.002. Epub 2019 Oct 11.","Patel SS","Hematol Oncol Stem Cell Ther","2020","2019/10/20","","","10.1016/j.hemonc.2019.09.002"
"32620146","Post-transplant cyclophosphamide versus antithymocyte globulin in patients with acute myeloid leukemia in first complete remission undergoing allogeneic stem cell transplantation from 10/10 HLA-matched unrelated donors","Brissot E, Labopin M, Moiseev I, Cornelissen JJ, Meijer E, Van Gorkom G, Rovira M, Ciceri F, Griskevicius L, Blaise D, Forcade E, Mistrik M, Mielke S, Bulabois CE, Niittyvuopio R, Deconinck E, Ruggeri A, Sanz J, Spyridonidis A, Savani B, Giebel S, Nagler A, Mohty M.","J Hematol Oncol. 2020 Jul 3;13(1):87. doi: 10.1186/s13045-020-00923-0.","Brissot E","J Hematol Oncol","2020","2020/07/05","PMC7333262","","10.1186/s13045-020-00923-0"
"30446741","Low-dose anti-thymocyte globulin plus low-dose posttransplant cyclophosphamide as graft-versus-host disease prophylaxis in haploidentical peripheral blood stem cell transplantation combined with unrelated cord blood for patients with hematologic malignancies: a prospective, phase II study","Yang J, Jiang J, Cai Y, Li S, Wan L, Zhu J, Liu H, Shao S, Bai H, Wang C, Song X.","Bone Marrow Transplant. 2019 Jul;54(7):1049-1057. doi: 10.1038/s41409-018-0382-3. Epub 2018 Nov 16.","Yang J","Bone Marrow Transplant","2019","2018/11/18","PMC6760546","","10.1038/s41409-018-0382-3"
"41573557","Allo-HCT with post-transplant cyclophosphamide in older adults: similar safety and a viable option compared to younger adults","Pinedo G, Suárez-Lledó M, Antonio M, Guardia L, Solé B, Charry P, Cid J, Lozano M, Pedraza A, Esteve J, Carreras E, Fernández-Avilés F, Martínez C, Rovira M, Salas MQ.","Front Immunol. 2026 Jan 7;16:1678899. doi: 10.3389/fimmu.2025.1678899. eCollection 2025.","Pinedo G","Front Immunol","2026","2026/01/23","PMC12819587","","10.3389/fimmu.2025.1678899"
"21925089","Treatment of hematological malignancies with nonmyeloablative, HLA-haploidentical bone marrow transplantation and high dose, post-transplantation cyclophosphamide","Munchel AT, Kasamon YL, Fuchs EJ.","Best Pract Res Clin Haematol. 2011 Sep;24(3):359-68. doi: 10.1016/j.beha.2011.05.001. Epub 2011 Jul 13.","Munchel AT","Best Pract Res Clin Haematol","2011","2011/09/20","PMC3204344","NIHMS311301","10.1016/j.beha.2011.05.001"
"28355720","[The clinical characteristics of adult hemophagocytic lymphohistiocytosis treated with haploidentical donor hematopoietic stem cell transplantation]","Fu L, Wei N, Wang JS, Wu L, Wang YN, Huang DY, Liu JL, Wang Z.","Zhonghua Nei Ke Za Zhi. 2017 Apr 1;56(4):273-278. doi: 10.3760/cma.j.issn.0578-1426.2017.04.007.","Fu L","Zhonghua Nei Ke Za Zhi","2017","2017/03/30","","","10.3760/cma.j.issn.0578-1426.2017.04.007"
"35438460","Successful HLA-haploidentical stem cell transplantation with post-transplant cyclophosphamide in an older patient with chronic active Epstein-Barr virus infection","Maegaki M, Kawamura K, Hara K, Hosoda R, Suzuki S, Hosoda Y, Imadome KI, Motokura T, Fukuda T.","Int J Hematol. 2022 Oct;116(4):630-634. doi: 10.1007/s12185-022-03345-5. Epub 2022 Apr 18.","Maegaki M","Int J Hematol","2022","2022/04/19","","","10.1007/s12185-022-03345-5"
"26284307","HLA haploidentical peripheral blood stem cell transplantation using reduced dose of posttransplantation cyclophosphamide for poor-prognosis or refractory leukemia and myelodysplastic syndrome","Nakamae H, Koh H, Katayama T, Nishimoto M, Hayashi Y, Nakashima Y, Nakane T, Nakamae M, Hirose A, Hino M.","Exp Hematol. 2015 Nov;43(11):921-929.e1. doi: 10.1016/j.exphem.2015.07.006. Epub 2015 Aug 15.","Nakamae H","Exp Hematol","2015","2015/08/19","","","10.1016/j.exphem.2015.07.006"
"24251680","Donor T-cell chimerism and early post-transplant cytomegalovirus viremia in patients treated with myeloablative allogeneic hematopoietic stem cell transplant","Taimur S, Askar M, Sobecks R, Rybicki L, Warshawsky I, Mossad S.","Transpl Infect Dis. 2014 Feb;16(1):61-6. doi: 10.1111/tid.12163. Epub 2013 Nov 20.","Taimur S","Transpl Infect Dis","2014","2013/11/21","","","10.1111/tid.12163"
"22522568","Ultra-short course sirolimus contributes to effective GVHD prophylaxis after reduced-intensity allogeneic hematopoietic cell transplantation","Fløisand Y, Brinch L, Gedde-Dahl T, Tjønnfjord GE, Dybedal I, Holte H, Heldal D, Torfoss D, Aurlien E, Lauritzsen GF, Fosså A, Lehne G, Baggerød E, Kvalheim G, Egeland T, Bishop MR, Fowler DH, Kolstad A.","Bone Marrow Transplant. 2012 Dec;47(12):1552-7. doi: 10.1038/bmt.2012.63. Epub 2012 Apr 23.","Fløisand Y","Bone Marrow Transplant","2012","2012/04/24","PMC6980358","NIHMS1064795","10.1038/bmt.2012.63"
"28691152","Reduced BUCY 2 and G-CSF-primed bone marrow associates with low graft-versus-host-disease and transplant-related mortality in allogeneic HSCT","Leon Rodriguez E, Rivera Franco MM, Perez Alvarez SI.","Ann Hematol. 2017 Sep;96(9):1525-1531. doi: 10.1007/s00277-017-3056-0. Epub 2017 Jul 9.","Leon Rodriguez E","Ann Hematol","2017","2017/07/11","","","10.1007/s00277-017-3056-0"
"32428732","CTLA4Ig in an Extended Schedule along with Sirolimus Improves Outcome with a Distinct Pattern of Immune Reconstitution Following Post-Transplantation Cyclophosphamide-Based Haploidentical Transplantation for Hemoglobinopathies","Jaiswal SR, Bhakuni P, Aiyer HM, Soni M, Bansal S, Chakrabarti S.","Biol Blood Marrow Transplant. 2020 Aug;26(8):1469-1476. doi: 10.1016/j.bbmt.2020.05.005. Epub 2020 May 17.","Jaiswal SR","Biol Blood Marrow Transplant","2020","2020/05/20","","","10.1016/j.bbmt.2020.05.005"
"29367429","Flt-3L Expansion of Recipient CD8α(+) Dendritic Cells Deletes Alloreactive Donor T Cells and Represents an Alternative to Posttransplant Cyclophosphamide for the Prevention of GVHD","Markey KA, Kuns RD, Browne DJ, Gartlan KH, Robb RJ, Martins JP, Henden AS, Minnie SA, Cheong M, Koyama M, Smyth MJ, Steptoe RJ, Belz GT, Brocker T, Degli-Esposti MA, Lane SW, Hill GR.","Clin Cancer Res. 2018 Apr 1;24(7):1604-1616. doi: 10.1158/1078-0432.CCR-17-2148. Epub 2018 Jan 24.","Markey KA","Clin Cancer Res","2018","2018/01/26","","","10.1158/1078-0432.CCR-17-2148"
"27217372","Haploidentical transplantation in children with unmanipulated peripheral blood stem cell graft: The need to look beyond post-transplantation cyclophosphamide in younger children","Jaiswal SR, Chakrabarti A, Chatterjee S, Ray K, Chakrabarti S.","Pediatr Transplant. 2016 Aug;20(5):675-82. doi: 10.1111/petr.12724. Epub 2016 May 24.","Jaiswal SR","Pediatr Transplant","2016","2016/05/25","","","10.1111/petr.12724"
"27522040","Comparative Outcomes after Haploidentical or Unrelated Donor Bone Marrow or Blood Stem Cell Transplantation in Adult Patients with Hematological Malignancies","Baker M, Wang H, Rowley SD, Cai L, Pecora AL, Skarbnik A, Vesole DH, Adler-Brecher B, Kim D, Donato ML.","Biol Blood Marrow Transplant. 2016 Nov;22(11):2047-2055. doi: 10.1016/j.bbmt.2016.08.003. Epub 2016 Aug 10.","Baker M","Biol Blood Marrow Transplant","2016","2016/08/14","","","10.1016/j.bbmt.2016.08.003"
"28554856","Beneficial Role of Low-Dose Antithymocyte Globulin in Unrelated Stem Cell Transplantation for Adult Patients with Acquired Severe Aplastic Anemia: Reduction of Graft-versus-Host Disease and Improvement of Graft-versus-Host Disease-Free, Failure-Free Survival Rate","Park SS, Kwak DH, Jeon YW, Yoon JH, Lee SE, Cho BS, Eom KS, Kim YJ, Kim HJ, Lee S, Min CK, Cho SG, Kim DW, Min WS, Lee JW.","Biol Blood Marrow Transplant. 2017 Sep;23(9):1498-1508. doi: 10.1016/j.bbmt.2017.05.026. Epub 2017 May 26.","Park SS","Biol Blood Marrow Transplant","2017","2017/05/31","","","10.1016/j.bbmt.2017.05.026"
"30009980","Reduced-Intensity Conditioning and Dual T Lymphocyte Suppression with Antithymocyte Globulin and Post-Transplant Cyclophosphamide as Graft-versus-Host Disease Prophylaxis in Haploidentical Hematopoietic Stem Cell Transplants for Hematological Malignancies","Law AD, Salas MQ, Lam W, Michelis FV, Thyagu S, Kim DDH, Lipton JH, Kumar R, Messner H, Viswabandya A.","Biol Blood Marrow Transplant. 2018 Nov;24(11):2259-2264. doi: 10.1016/j.bbmt.2018.07.008. Epub 2018 Aug 7.","Law AD","Biol Blood Marrow Transplant","2018","2018/07/17","PMC7110605","","10.1016/j.bbmt.2018.07.008"
"29544522","Post-transplant cyclophosphamide for graft-versus-host disease prophylaxis in HLA matched sibling or matched unrelated donor transplant for patients with acute leukemia, on behalf of ALWP-EBMT","Ruggeri A, Labopin M, Bacigalupo A, Afanasyev B, Cornelissen JJ, Elmaagacli A, Itälä-Remes M, Blaise D, Meijer E, Koc Y, Milpied N, Schouten HC, Kroeger N, Mohty M, Nagler A.","J Hematol Oncol. 2018 Mar 15;11(1):40. doi: 10.1186/s13045-018-0586-4.","Ruggeri A","J Hematol Oncol","2018","2018/03/17","PMC5855999","","10.1186/s13045-018-0586-4"
"30770870","Evaluation of infectious complications after haploidentical hematopoietic stem cell transplantation with post-transplant cyclophosphamide following reduced-intensity and myeloablative conditioning: a study on behalf of the Francophone Society of Stem Cell Transplantation and Cellular Therapy (SFGM-TC)","Fayard A, Daguenet E, Blaise D, Chevallier P, Labussière H, Berceanu A, Yakoub-Agha I, Socié G, Charbonnier A, Suarez F, Huynh A, Mercier M, Bulabois CE, Lioure B, Chantepie S, Beguin Y, Bourhis JH, Malfuson JV, Clément L, Peffault de la Tour R, Cornillon J.","Bone Marrow Transplant. 2019 Oct;54(10):1586-1594. doi: 10.1038/s41409-019-0475-7. Epub 2019 Feb 15.","Fayard A","Bone Marrow Transplant","2019","2019/02/17","","","10.1038/s41409-019-0475-7"
"29330396","Comparable survival using a CMV-matched or a mismatched donor for CMV+ patients undergoing T-replete haplo-HSCT with PT-Cy for acute leukemia: a study of behalf of the infectious diseases and acute leukemia working parties of the EBMT","Cesaro S, Crocchiolo R, Tridello G, Knelange N, Van Lint MT, Koc Y, Ciceri F, Gülbas Z, Tischer J, Afanasyev B, Bruno B, Castagna L, Blaise D, Mohty M, Irrera G, Diez-Martin JL, Pierelli L, Pioltelli P, Arat M, Delia M, Fagioli F, Ehninger G, Aljurf M, Carella AM, Ozdogu H, Mikulska M, Ljungman P, Nagler A, Styczynski J.","Bone Marrow Transplant. 2018 Apr;53(4):422-430. doi: 10.1038/s41409-017-0016-1. Epub 2018 Jan 12.","Cesaro S","Bone Marrow Transplant","2018","2018/01/14","","","10.1038/s41409-017-0016-1"
"29536560","Haploidentical transplantation outcomes for secondary acute myeloid leukemia: Acute Leukemia Working Party (ALWP) of the European Society for Blood and Marrow Transplantation (EBMT) study","Li Z, Labopin M, Ciceri F, Blaise D, Tischer J, Ehninger G, Van Lint MT, Koc Y, Santarone S, Forcade E, Castagna L, Polge E, Mailhol A, Ruggeri A, Mohty M, Savani BN, Nagler A.","Am J Hematol. 2018 Jun;93(6):769-777. doi: 10.1002/ajh.25087. Epub 2018 Apr 11.","Li Z","Am J Hematol","2018","2018/03/15","","","10.1002/ajh.25087"
"24315842","Fludarabine and exposure-targeted busulfan compares favorably with busulfan/cyclophosphamide-based regimens in pediatric hematopoietic cell transplantation: maintaining efficacy with less toxicity","Bartelink IH, van Reij EM, Gerhardt CE, van Maarseveen EM, de Wildt A, Versluys B, Lindemans CA, Bierings MB, Boelens JJ.","Biol Blood Marrow Transplant. 2014 Mar;20(3):345-53. doi: 10.1016/j.bbmt.2013.11.027. Epub 2013 Dec 4.","Bartelink IH","Biol Blood Marrow Transplant","2014","2013/12/10","","","10.1016/j.bbmt.2013.11.027"
"28131632","CD56-enriched donor cell infusion after post-transplantation cyclophosphamide for haploidentical transplantation of advanced myeloid malignancies is associated with prompt reconstitution of mature natural killer cells and regulatory T cells with reduced incidence of acute graft versus host disease: A pilot study","Jaiswal SR, Zaman S, Nedunchezhian M, Chakrabarti A, Bhakuni P, Ahmed M, Sharma K, Rawat S, O'donnell P, Chakrabarti S.","Cytotherapy. 2017 Apr;19(4):531-542. doi: 10.1016/j.jcyt.2016.12.006. Epub 2017 Jan 25.","Jaiswal SR","Cytotherapy","2017","2017/01/30","","","10.1016/j.jcyt.2016.12.006"
"28039079","Post-Transplant Cyclophosphamide and Tacrolimus-Mycophenolate Mofetil Combination Prevents Graft-versus-Host Disease in Allogeneic Peripheral Blood Hematopoietic Cell Transplantation from HLA-Matched Donors","Carnevale-Schianca F, Caravelli D, Gallo S, Coha V, D'Ambrosio L, Vassallo E, Fizzotti M, Nesi F, Gioeni L, Berger M, Polo A, Gammaitoni L, Becco P, Giraudo L, Mangioni M, Sangiolo D, Grignani G, Rota-Scalabrini D, Sottile A, Fagioli F, Aglietta M.","Biol Blood Marrow Transplant. 2017 Mar;23(3):459-466. doi: 10.1016/j.bbmt.2016.12.636. Epub 2016 Dec 27.","Carnevale-Schianca F","Biol Blood Marrow Transplant","2017","2017/01/01","","","10.1016/j.bbmt.2016.12.636"
"28549771","Calcineurin and mTOR Inhibitor-Free Post-Transplantation Cyclophosphamide and Bortezomib Combination for Graft-versus-Host Disease Prevention after Peripheral Blood Allogeneic Hematopoietic Stem Cell Transplantation: A Phase I/II Study","Al-Homsi AS, Cole K, Muilenburg M, Goodyke A, Abidi M, Duffner U, Williams S, Parker J, Abdel-Mageed A.","Biol Blood Marrow Transplant. 2017 Oct;23(10):1651-1657. doi: 10.1016/j.bbmt.2017.05.024. Epub 2017 May 23.","Al-Homsi AS","Biol Blood Marrow Transplant","2017","2017/05/28","","","10.1016/j.bbmt.2017.05.024"
"36352810","Idiopathic Pneumonia Syndrome Refractory to Ruxolitinib after Post-Transplant Cyclophosphamide-based Haploidentical Hematopoietic Stem Cell Transplantation: Lung Pathological Findings from an Autopsy Case","Matsumoto K, Fujishita K, Matsuda M, Oka S, Fujisawa Y, Imai T, Machida T.","Acta Med Okayama. 2022 Oct;76(5):609-615. doi: 10.18926/AMO/64044.","Matsumoto K","Acta Med Okayama","2022","2022/11/10","","","10.18926/AMO/64044"
"25064745","Calcineurin inhibitor--free graft-versus-host disease prophylaxis with post-transplantation cyclophosphamide and brief-course sirolimus following reduced-intensity peripheral blood stem cell transplantation","Solomon SR, Sanacore M, Zhang X, Brown S, Holland K, Morris LE, Bashey A.","Biol Blood Marrow Transplant. 2014 Nov;20(11):1828-34. doi: 10.1016/j.bbmt.2014.07.020. Epub 2014 Jul 23.","Solomon SR","Biol Blood Marrow Transplant","2014","2014/07/28","","","10.1016/j.bbmt.2014.07.020"
"28802588","T cell costimulation blockade promotes transplantation tolerance in combination with sirolimus and post-transplantation cyclophosphamide for haploidentical transplantation in children with severe aplastic anemia","Jaiswal SR, Bhakuni P, Zaman S, Bansal S, Bharadwaj P, Bhargava S, Chakrabarti S.","Transpl Immunol. 2017 Aug;43-44:54-59. doi: 10.1016/j.trim.2017.07.004. Epub 2017 Aug 9.","Jaiswal SR","Transpl Immunol","2017","2017/08/14","","","10.1016/j.trim.2017.07.004"
"29702970","A new intensive conditioning regimen for allogeneic hematopoietic stem cell transplantation in patients with refractory or relapsed acute myeloid leukemia","Wang J, Zhao J, Fei X, Yin Y, Cheng H, Zhang W, Gu J, Yang F, Yang Y, Xue S, Tian Z, He J, Zhang S, Wang X.","Medicine (Baltimore). 2018 Apr;97(17):e0228. doi: 10.1097/MD.0000000000010228.","Wang J","Medicine (Baltimore)","2018","2018/04/29","PMC5944519","","10.1097/MD.0000000000010228"
"25703164","OCTET-CY: a phase II study to investigate the efficacy of post-transplant cyclophosphamide as sole graft-versus-host prophylaxis after allogeneic peripheral blood stem cell transplantation","Holtick U, Chemnitz JM, Shimabukuro-Vornhagen A, Theurich S, Chakupurakal G, Krause A, Fiedler A, Luznik L, Hellmich M, Wolf D, Hallek M, von Bergwelt-Baildon M, Scheid C.","Eur J Haematol. 2016 Jan;96(1):27-35. doi: 10.1111/ejh.12541. Epub 2015 Mar 16.","Holtick U","Eur J Haematol","2016","2015/02/24","PMC4844370","NIHMS775664","10.1111/ejh.12541"
"20685256","Successful engraftment with fludarabine, cyclophosphamide, and thymoglobulin conditioning regimen in unrelated transplantation for severe aplastic anemia: A phase II prospective multicenter study","Kang HJ, Shin HY, Park JE, Chung NG, Cho B, Kim HK, Kim SY, Lee YH, Lim YT, Yoo KH, Sung KW, Koo HH, Im HJ, Seo JJ, Park SK, Ahn HS; Korean Society of Pediatric Hematology-Oncology.","Biol Blood Marrow Transplant. 2010 Nov;16(11):1582-8. doi: 10.1016/j.bbmt.2010.05.010. Epub 2010 May 26.","Kang HJ","Biol Blood Marrow Transplant","2010","2010/08/06","","","10.1016/j.bbmt.2010.05.010"
"25636379","Single-Agent High-Dose Cyclophosphamide for Graft-versus-Host Disease Prophylaxis in Human Leukocyte Antigen-Matched Reduced-Intensity Peripheral Blood Stem Cell Transplantation Results in an Unacceptably High Rate of Severe Acute Graft-versus-Host Disease","Bradstock KF, Bilmon I, Kwan J, Micklethwaite K, Blyth E, Deren S, Bayley A, Gebski V, Gottlieb D.","Biol Blood Marrow Transplant. 2015 May;21(5):941-4. doi: 10.1016/j.bbmt.2015.01.020. Epub 2015 Jan 27.","Bradstock KF","Biol Blood Marrow Transplant","2015","2015/02/01","","","10.1016/j.bbmt.2015.01.020"
"23450467","In vivo T-cell depletion with alemtuzumab in allogeneic hematopoietic stem cell transplantation: Combined results of two studies on aplastic anemia and HLA-mismatched haploidentical transplantation","Kanda Y, Oshima K, Kako S, Fukuda T, Uchida N, Miyamura K, Kondo Y, Nakao S, Nagafuji K, Miyamoto T, Kurokawa M, Okoshi Y, Chiba S, Ohashi Y, Takaue Y, Taniguchi S.","Am J Hematol. 2013 Apr;88(4):294-300. doi: 10.1002/ajh.23392. Epub 2013 Feb 28.","Kanda Y","Am J Hematol","2013","2013/03/02","","","10.1002/ajh.23392"
"26853343","Factors Influencing Pulmonary Toxicity in Children Undergoing Allogeneic Hematopoietic Stem Cell Transplantation in the Setting of Total Body Irradiation-Based Myeloablative Conditioning","Abugideiri M, Nanda RH, Butker C, Zhang C, Kim S, Chiang KY, Butker E, Khan MK, Haight AE, Chen Z, Esiashvili N.","Int J Radiat Oncol Biol Phys. 2016 Feb 1;94(2):349-59. doi: 10.1016/j.ijrobp.2015.10.054. Epub 2015 Oct 31.","Abugideiri M","Int J Radiat Oncol Biol Phys","2016","2016/02/09","","","10.1016/j.ijrobp.2015.10.054"
"29555313","A Comparison of the Myeloablative Conditioning Regimen Fludarabine/Busulfan with Cyclophosphamide/Total Body Irradiation, for Allogeneic Stem Cell Transplantation in the Modern Era: A Cohort Analysis","Gooptu M, Kim HT, Ho VT, Alyea EP, Koreth J, Armand P, Ritz J, Nikiforow S, Glotzbecker BE, Nageshwar P, Soiffer RJ, Antin JH, Cutler CS.","Biol Blood Marrow Transplant. 2018 Aug;24(8):1733-1740. doi: 10.1016/j.bbmt.2018.03.011. Epub 2018 Mar 16.","Gooptu M","Biol Blood Marrow Transplant","2018","2018/03/21","","","10.1016/j.bbmt.2018.03.011"
"40819683","The Impact of Isolated HLA-DQB1 Mismatch and Donor Age in Unrelated Donor Hematopoietic Cell Transplantation with Post-Transplant Cyclophosphamide","Mehta RS, Aljawai YM, Kebriaei P, Olson A, Oran B, Rondon G, Rezvani K, Champlin RE, Shpall EJ.","Transplant Cell Ther. 2025 Nov;31(11):920.e1-920.e14. doi: 10.1016/j.jtct.2025.08.011. Epub 2025 Aug 15.","Mehta RS","Transplant Cell Ther","2025","2025/08/17","","","10.1016/j.jtct.2025.08.011"
"28573314","Reduced toxicity, myeloablative HLA-haploidentical hematopoietic stem cell transplantation with post-transplantation cyclophosphamide for sickle cell disease","Wiebking V, Hütker S, Schmid I, Immler S, Feuchtinger T, Albert MH.","Ann Hematol. 2017 Aug;96(8):1373-1377. doi: 10.1007/s00277-017-3030-x. Epub 2017 Jun 1.","Wiebking V","Ann Hematol","2017","2017/06/03","","","10.1007/s00277-017-3030-x"
"30033639","Thiotepa, busulfan and fludarabine compared to busulfan and cyclophosphamide as conditioning regimen for allogeneic stem cell transplant from matched siblings and unrelated donors for acute myeloid leukemia","Saraceni F, Beohou E, Labopin M, Arcese W, Bonifazi F, Stepensky P, Aljurf M, Bruno B, Pioltelli P, Passweg J, Sociè G, Santarone S, Yakoub-Agha I, Lanza F, Savani BN, Mohty M, Nagler A; Acute Leukemia Working Party (ALWP) of the European Society for Blood and Marrow Transplantation (EBMT).","Am J Hematol. 2018 Oct;93(10):1211-1219. doi: 10.1002/ajh.25225. Epub 2018 Aug 15.","Saraceni F","Am J Hematol","2018","2018/07/24","","","10.1002/ajh.25225"
"39755976","Donor C1 Group KIR-ligand inferiority is linked to increased mortality in haploidentical hematopoietic stem cell transplantation with post-transplant cyclophosphamide","Nikoloudis A, Bauhofer A, Griessl L, Habermehl A, Groiss C, Binder M, Milanov R, Bauer T, Buxhofer-Ausch V, Aichinger C, Hasengruber P, Kaynak E, Wipplinger D, Strassl I, Stiefel O, Petzer A, Rumpold H, Machherndl-Spandl S, Weltermann A, Clausen J.","Cytotherapy. 2025 Apr;27(4):457-464. doi: 10.1016/j.jcyt.2024.12.003. Epub 2024 Dec 24.","Nikoloudis A","Cytotherapy","2025","2025/01/05","","","10.1016/j.jcyt.2024.12.003"
"40258995","Feasibility and efficacy of partial replacement of post transplantation cyclophosphamide with bendamustine on day +4 for graft versus host disease prophylaxis in patients undergoing allogeneic hematopoietic cell transplantation","Nair V, Kathrotiya M, Shirure V, Bhise S, Kheni S, Patel J, Motwani N, Shah D, Sukhwal G, Paranjape C, Nair V, Warman A, Patrikar S, Yanamandra U.","Bone Marrow Transplant. 2025 Jul;60(7):994-1001. doi: 10.1038/s41409-025-02581-7. Epub 2025 Apr 21.","Nair V","Bone Marrow Transplant","2025","2025/04/21","","","10.1038/s41409-025-02581-7"
"27272446","Haploidentical hematopoietic stem cell transplantation in children with high-risk hematologic malignancies: outcomes with two different strategies for GvHD prevention. Ex vivo T-cell depletion and post-transplant cyclophosphamide: 10 years of experience at a single center","Dufort G, Castillo L, Pisano S, Castiglioni M, Carolina P, Andrea I, Simon E, Zuccolo S, Schelotto M, Morosini F, Pereira I, Amarillo P, Silveira A, Guerrero L, Ferreira V, Tiscornia A, Mezzano R, Lemos F, Boggia B, Quarnetti A, Decaro J, Dabezies A.","Bone Marrow Transplant. 2016 Oct;51(10):1354-1360. doi: 10.1038/bmt.2016.161. Epub 2016 Jun 6.","Dufort G","Bone Marrow Transplant","2016","2016/06/09","","","10.1038/bmt.2016.161"
"25267759","Multi-institutional study of post-transplantation cyclophosphamide as single-agent graft-versus-host disease prophylaxis after allogeneic bone marrow transplantation using myeloablative busulfan and fludarabine conditioning","Kanakry CG, O'Donnell PV, Furlong T, de Lima MJ, Wei W, Medeot M, Mielcarek M, Champlin RE, Jones RJ, Thall PF, Andersson BS, Luznik L.","J Clin Oncol. 2014 Nov 1;32(31):3497-505. doi: 10.1200/JCO.2013.54.0625. Epub 2014 Sep 29.","Kanakry CG","J Clin Oncol","2014","2014/10/01","PMC4209101","","10.1200/JCO.2013.54.0625"
"29100905","Post-Transplant Cyclophosphamide as Sole Graft-versus-Host Disease Prophylaxis Is Feasible in Patients Undergoing Peripheral Blood Stem Cell Transplantation for Severe Aplastic Anemia Using Matched Sibling Donors","George B, Pn N, Devasia AJ, Kulkarni U, Korula A, Lakshmi KM, Abraham A, Srivastava A, Mathews V.","Biol Blood Marrow Transplant. 2018 Mar;24(3):494-500. doi: 10.1016/j.bbmt.2017.10.034. Epub 2017 Oct 31.","George B","Biol Blood Marrow Transplant","2018","2017/11/05","","","10.1016/j.bbmt.2017.10.034"
"23980086","Allogeneic hematopoietic stem-cell transplantation for acute myeloid leukemia in remission: comparison of intravenous busulfan plus cyclophosphamide (Cy) versus total-body irradiation plus Cy as conditioning regimen--a report from the acute leukemia working party of the European group for blood and marrow transplantation","Nagler A, Rocha V, Labopin M, Unal A, Ben Othman T, Campos A, Volin L, Poire X, Aljurf M, Masszi T, Socie G, Sengelov H, Michallet M, Passweg J, Veelken H, Yakoub-Agha I, Shimoni A, Mohty M.","J Clin Oncol. 2013 Oct 1;31(28):3549-56. doi: 10.1200/JCO.2013.48.8114. Epub 2013 Aug 26.","Nagler A","J Clin Oncol","2013","2013/08/28","","","10.1200/JCO.2013.48.8114"
"39627110","Incidence and impact of invasive fungal infection comparing post-transplant cyclophosphamide with cyclosporine plus methotrexate GVHD prophylaxis in allogeneic HSCT","Liu YC, Lin TA, Fan NW, Ko PS, Wang HY, Tsai CK, Chien SH, Liu CJ, Hsiao LT.","J Microbiol Immunol Infect. 2025 Apr;58(2):226-232. doi: 10.1016/j.jmii.2024.11.012. Epub 2024 Nov 29.","Liu YC","J Microbiol Immunol Infect","2025","2024/12/03","","","10.1016/j.jmii.2024.11.012"
"21549217","Intravenous busulfan-cyclophosphamide as a preparative regimen before allogeneic hematopoietic stem cell transplantation for adult patients with acute lymphoblastic leukemia","Tang W, Wang L, Zhao WL, Chen YB, Shen ZX, Hu J.","Biol Blood Marrow Transplant. 2011 Oct;17(10):1555-61. doi: 10.1016/j.bbmt.2011.04.003. Epub 2011 Apr 16.","Tang W","Biol Blood Marrow Transplant","2011","2011/05/10","","","10.1016/j.bbmt.2011.04.003"
"22079471","A Phase I study of gemtuzumab ozogamicin (GO) in combination with busulfan and cyclophosphamide (Bu/Cy) and allogeneic stem cell transplantation in children with poor-risk CD33+ AML: a new targeted immunochemotherapy myeloablative conditioning (MAC) regimen","Satwani P, Bhatia M, Garvin JH Jr, George D, Dela Cruz F, Le Gall J, Jin Z, Schwartz J, Duffy D, van de Ven C, Foley S, Hawks R, Morris E, Baxter-Lowe LA, Cairo MS.","Biol Blood Marrow Transplant. 2012 Feb;18(2):324-9. doi: 10.1016/j.bbmt.2011.11.007. Epub 2011 Nov 9.","Satwani P","Biol Blood Marrow Transplant","2012","2011/11/15","","","10.1016/j.bbmt.2011.11.007"
"39482353","Post-transplant cyclophosphamide separates graft-versus host disease and graft versus leukemia effects after HLA-matched stem-cell transplantation for acute myeloid leukemia","Shimoni A, Peczynski C, Labopin M, Kulagin A, Meijer E, Cornelissen J, Choi G, Sanz J, Rovira M, Van Gorkom G, Kröger N, Koc Y, Vydra J, Diez-Martin JL, Solano C, Patel A, Chiusolo P, Ciceri F, Nagler A, Mohty M.","Leukemia. 2025 Jan;39(1):222-228. doi: 10.1038/s41375-024-02445-x. Epub 2024 Oct 31.","Shimoni A","Leukemia","2025","2024/11/01","PMC11717700","","10.1038/s41375-024-02445-x"
"23394705","Busulfan plus fludarabine as a myeloablative conditioning regimen compared with busulfan plus cyclophosphamide for acute myeloid leukemia in first complete remission undergoing allogeneic hematopoietic stem cell transplantation: a prospective and multicenter study","Liu H, Zhai X, Song Z, Sun J, Xiao Y, Nie D, Zhang Y, Huang F, Zhou H, Fan Z, Tu S, Li Y, Guo X, Yu G, Liu Q.","J Hematol Oncol. 2013 Feb 8;6:15. doi: 10.1186/1756-8722-6-15.","Liu H","J Hematol Oncol","2013","2013/02/12","PMC3571894","","10.1186/1756-8722-6-15"
"39419176","Total Marrow and Lymphoid Irradiation (TMLI) Is Associated with Good Early Outcomes in Patients Undergoing Matched Sibling Donor and Haplo-identical Transplants for Acute Lymphoblastic Leukemia","Naik Y, Kulkarni U, Lionel S, Selvarajan S, Devasia AJ, Korula A, Lakshmi KM, Aboobacker FN, Balakrishnan R, Backianathan S, Mathews V, Abraham A, George B.","Transplant Cell Ther. 2025 Jan;31(1):22.e1-22.e10. doi: 10.1016/j.jtct.2024.10.007. Epub 2024 Oct 16.","Naik Y","Transplant Cell Ther","2025","2024/10/17","","","10.1016/j.jtct.2024.10.007"
"25765556","Short Course of Post-Transplantation Cyclophosphamide and Bortezomib for Graft-versus-Host Disease Prevention after Allogeneic Peripheral Blood Stem Cell Transplantation Is Feasible and Yields Favorable Results: A Phase I Study","Al-Homsi AS, Cole K, Bogema M, Duffner U, Williams S, Mageed A.","Biol Blood Marrow Transplant. 2015 Jul;21(7):1315-20. doi: 10.1016/j.bbmt.2015.02.008. Epub 2015 Mar 9.","Al-Homsi AS","Biol Blood Marrow Transplant","2015","2015/03/14","","","10.1016/j.bbmt.2015.02.008"
"36919727","Salvage Human Leukocyte Antigen-Haploidentical Hematopoietic Cell Transplant With Posttransplant Cyclophosphamide for Graft Failure in a Patient With Chronic Active Epstein-Barr Virus Infection","Nakaya Y, Koh H, Harada N, Okamura H, Misugi T, Suekane T, Tachibana D, Kimura H, Hino M, Nakamae H.","Exp Clin Transplant. 2023 Feb;21(2):184-188. doi: 10.6002/ect.2022.0322.","Nakaya Y","Exp Clin Transplant","2023","2023/03/15","","","10.6002/ect.2022.0322"
"26453586","Haploidentical Hematopoietic Cell Transplantation with Post-Transplant Cyclophosphamide in a Patient with Chronic Granulomatous Disease and Active Infection: A First Report","Parta M, Hilligoss D, Kelly C, Kwatemaa N, Theobald N, Malech H, Kang EM.","J Clin Immunol. 2015 Oct;35(7):675-80. doi: 10.1007/s10875-015-0204-y. Epub 2015 Oct 9.","Parta M","J Clin Immunol","2015","2015/10/11","PMC6317348","NIHMS985644","10.1007/s10875-015-0204-y"
"34711391","Post-Transplant Cyclophosphamide for Graft Versus Host Disease Prophylaxis in Alternative Donor Stem Cell Transplantation: Immune Reconstitution and Infection Risk","Nagler A.","Transplant Cell Ther. 2021 Nov;27(11):883-884. doi: 10.1016/j.jtct.2021.09.023.","Nagler A","Transplant Cell Ther","2021","2021/10/29","","","10.1016/j.jtct.2021.09.023"
"40367189","Successful Unmanipulated Haploidentical Hematopoietic Stem Cell Transplant With Post-transplant Cyclophosphamide in a Child With Down Syndrome and Myelodysplastic Syndrome","Choed-Amphai C, Dror Y, Cada M, Schechter T, Krueger J, Ali M, Chopra Y.","J Pediatr Hematol Oncol. 2025 Jul 1;47(5):e199-e202. doi: 10.1097/MPH.0000000000003051. Epub 2025 May 12.","Choed-Amphai C","J Pediatr Hematol Oncol","2025","2025/05/14","","","10.1097/MPH.0000000000003051"
"39426858","[Setting up haploidentical hematopoietic cell transplantation in low- and middle-income countries: The Recommendations of the Francophone Society of Bone Marrow and Cellular Therapy (SFGM-TC)]","Hamzy F, Chevallier P, Bruno B, Coiteux V, El Kababri M, Ibrahim A, Oudrhiri A, Yakoub-Agha I, Bekadja MA.","Bull Cancer. 2025 Jan;112(1S):S146-S156. doi: 10.1016/j.bulcan.2024.09.001. Epub 2024 Oct 18.","Hamzy F","Bull Cancer","2025","2024/10/19","","","10.1016/j.bulcan.2024.09.001"
"41513527","Single Center Retrospective Comparison of Post-Transplant Cyclophosphamide and Standard Graft-Versus-Host Disease Prophylaxis in Matched Donor Allogeneic Transplantation","Kim H, Merchant A, Darrah J, Sasine J, Lee H, Vescio R, Oveisi D, McGalliard B, Linhares Y, Rejali A, Van Strein P, Klapper E, Hekimian B, Chute J, Paquette R, Merin N.","Transplant Proc. 2026 Jan-Feb;58(1):207-218. doi: 10.1016/j.transproceed.2025.12.008. Epub 2026 Jan 8.","Kim H","Transplant Proc","2026","2026/01/09","","","10.1016/j.transproceed.2025.12.008"
"40222937","Salvage HLA-haploidentical Peripheral Blood Stem Cell Transplantation Using Post-transplant Cyclophosphamide for Recurrent Hemophagocytic Lymphohistiocytosis-associated Graft Failure after Cord Blood Transplantations","Sato K, Komaba W, Oka S, Kazama S, Ishikawa R, Morikawa T, Kitahara M, Kazumoto H, Kaiume H, Ueki T, Hiroshima Y, Sumi M, Kobayashi H.","Intern Med. 2025 Oct 15;64(20):3012-3019. doi: 10.2169/internalmedicine.5159-24. Epub 2025 Apr 12.","Sato K","Intern Med","2025","2025/04/13","PMC12589169","","10.2169/internalmedicine.5159-24"
"30543769","Epstein-Barr viremia and post-transplant lymphoproliferative disorders in patients undergoing haploidentical stem cell transplantation with post-transplant cyclophosphamide","Mohyuddin GR, Roller J, Shune L, Lin T, Dias A, Ganguly S, Abhyankar S, McGuirk J, Singh A.","Hematol Oncol Stem Cell Ther. 2019 Sep;12(3):171-173. doi: 10.1016/j.hemonc.2018.11.002. Epub 2018 Dec 9.","Mohyuddin GR","Hematol Oncol Stem Cell Ther","2019","2018/12/14","","","10.1016/j.hemonc.2018.11.002"
"41131404","Low-dose post-transplant cyclophosphamide in combination with low-dose alemtuzumab for graft-versus-host-disease prevention in mismatched unrelated allogeneic stem cell transplantation is associated with improved outcomes and reduced toxicity","Lazana I, Gkirkas K, Konstantellos I, Chatzidimitriou C, Karagiannidou A, Gkolfinopoulou G, Stamouli M, Chondropoulos S, Tsirigotis P.","Bone Marrow Transplant. 2026 Jan;61(1):59-66. doi: 10.1038/s41409-025-02736-6. Epub 2025 Oct 23.","Lazana I","Bone Marrow Transplant","2026","2025/10/23","","","10.1038/s41409-025-02736-6"
"31527822","Successful treatment of refractory CMV colitis after haploidentical HSCT with post-transplant cyclophosphamide using CD45RA(+) depleted donor lymphocyte infusion","Park HJ, Hong KT, Yun SO, Ahn HY, Choi JY, Shin HY, Kang HJ.","Bone Marrow Transplant. 2020 Aug;55(8):1674-1676. doi: 10.1038/s41409-019-0685-z. Epub 2019 Sep 16.","Park HJ","Bone Marrow Transplant","2020","2019/09/19","","","10.1038/s41409-019-0685-z"
"41193726","Use of bone marrow cells is associated with improved outcomes when compared to peripheral blood stem cell after haplo-identical transplants with post transplant cyclophosphamide, a study from of the CTIWP-EBMT","Rocha V, Labopin M, Raiola AM, Devillier R, Bramanti S, Ciceri F, Diez-Martin JL, Koc Y, Tischer J, Sica S, Mohty M, Gülbas Z, Kulagin A, Corral LL, Galimard JE, Sureda A, Ruggeri A; from the Cellular Therapy & Immunobiology Working Party of the European Society for Blood and Marrow Transplantation.","Bone Marrow Transplant. 2026 Jan;61(1):75-81. doi: 10.1038/s41409-025-02735-7. Epub 2025 Nov 5.","Rocha V","Bone Marrow Transplant","2026","2025/11/05","","","10.1038/s41409-025-02735-7"
"41504156","Posttransplant Cyclophosphamide-Based Haploidentical Transplantation, With MMF 30 mg/kg, Compared With Unrelated Donor Transplantation With ATG 6 mg/kg, With Bone Marrow or Peripheral Blood Stem Cell Grafts","Arcuri LJ, Lermontov SP, Ribeiro CO.","Eur J Haematol. 2026 Feb;116(2):142-147. doi: 10.1111/ejh.70054. Epub 2025 Oct 20.","Arcuri LJ","Eur J Haematol","2026","2026/01/08","","","10.1111/ejh.70054"
"33249426","Post-transplant cyclophosphamide demonstrates lower non-relapse mortality and better graft-versus-host disease/relapse-free survival compared with antithymocyte globulin in unrelated donor hematopoietic stem cell transplantation. A single-center experience","Berro M, Rivas M, Trucco J, Paganini I, Ravchina I, Kusminsky G.","Bone Marrow Transplant. 2021 Apr;56(4):986-988. doi: 10.1038/s41409-020-01146-0. Epub 2020 Nov 28.","Berro M","Bone Marrow Transplant","2021","2020/11/29","","","10.1038/s41409-020-01146-0"
"27443287","Cytomegalovirus viremia, disease, and impact on relapse in T-cell replete peripheral blood haploidentical hematopoietic cell transplantation with post-transplant cyclophosphamide","Goldsmith SR, Slade M, DiPersio JF, Westervelt P, Lawrence SJ, Uy GL, Abboud CN, Vij R, Schroeder MA, Fehniger TA, Dubberke ER, Trinkaus K, Romee R.","Haematologica. 2016 Nov;101(11):e465-e468. doi: 10.3324/haematol.2016.149880. Epub 2016 Jul 21.","Goldsmith SR","Haematologica","2016","2016/07/23","PMC5394884","","10.3324/haematol.2016.149880"
"27595288","Impact of haploidentical hematopoietic cell transplantation conditioning intensity on the incidence and severity of post-transplantation viral infections","Raj RV, Hari P, Pasquini M, Epperla N, D'Souza A, Fenske T, Shaw BE, Rizzo JD, Drobyski W, Hamadani M.","Bone Marrow Transplant. 2016 Dec;51(12):1602-1604. doi: 10.1038/bmt.2016.216. Epub 2016 Sep 5.","Raj RV","Bone Marrow Transplant","2016","2016/09/06","","","10.1038/bmt.2016.216"
"32140894","Risk factors associated with early viral reactivation following haploidentical hematopoietic cell transplantation with post-transplant cyclophosphamide: a pilot study","Baskett J, Culos KA, Satyanarayana G, Patel D, Engelhardt B, Savani B, Jagasia M, Kassim AA, Gatwood KS.","Ann Hematol. 2020 May;99(5):1137-1139. doi: 10.1007/s00277-020-03972-0. Epub 2020 Mar 6.","Baskett J","Ann Hematol","2020","2020/03/07","","","10.1007/s00277-020-03972-0"
"29197110","Macrophage activation syndrome and post-transplant microangiopathy following haploidentical bone marrow transplantation for sickle cell anemia","Davies JOJ, Hart AC, De La Fuente J, Bain BJ.","Am J Hematol. 2018 Aug;93(4):588-589. doi: 10.1002/ajh.24995. Epub 2017 Dec 18.","Davies JOJ","Am J Hematol","2018","2017/12/03","","","10.1002/ajh.24995"
"40350274","[Campylobacter lari bacteremia during treatment of pure red cell aplasia following major ABO-mismatched hematopoietic stem cell transplantation]","Yoshimaru R, Nakamura H, Guo YM, Chi SG, Minami Y, Ainoda Y, Okinaka K, Yuda J.","Rinsho Ketsueki. 2025;66(4):238-243. doi: 10.11406/rinketsu.66.238.","Yoshimaru R","Rinsho Ketsueki","2025","2025/05/11","","","10.11406/rinketsu.66.238"
"32504863","A Case Series of Post-Transplantation Cyclophosphamide in Unrelated Donor Hematopoietic Cell Transplantation for Aplastic Anemia","Arcuri LJ, Nabhan SK, Loth G, Atta EH, Oliveira M, Nichele S, Araujo RC, Bonfim C.","Biol Blood Marrow Transplant. 2020 Sep;26(9):e222-e226. doi: 10.1016/j.bbmt.2020.05.023. Epub 2020 Jun 3.","Arcuri LJ","Biol Blood Marrow Transplant","2020","2020/06/07","","","10.1016/j.bbmt.2020.05.023"
"33967276","Salvage HLA-haploidentical hematopoietic stem cell transplantation with post-transplant cyclophosphamide for graft failure in non-malignant disorders","Albert MH, Sirin M, Hoenig M, Hauck F, Schuetz C, Bhattacharyya R, Stepensky P, Jacoby E, Güngör T, Beier R, Schulz A.","Bone Marrow Transplant. 2021 Sep;56(9):2248-2258. doi: 10.1038/s41409-021-01323-9. Epub 2021 May 9.","Albert MH","Bone Marrow Transplant","2021","2021/05/10","PMC8106764","","10.1038/s41409-021-01323-9"
"26637725","Use of alternative donors for allogeneic stem cell transplantation","Anasetti C.","Hematology Am Soc Hematol Educ Program. 2015;2015:220-4. doi: 10.1182/asheducation-2015.1.220.","Anasetti C","Hematology Am Soc Hematol Educ Program","2015","2015/12/06","","","10.1182/asheducation-2015.1.220"
"41654429","Nonmyeloablative Allogeneic Stem Cell Transplantation With Postcyclophosphamide in a Case of Acute Lymphoblastic Leukemia Complicated by Ventricular Septal Defect","Tsutsumi Y, Ito S, Suzuki T, Kikuchi R, Aoyagi H, Gibo H, Teshima T.","Transplant Proc. 2026 Mar;58(2):385-391. doi: 10.1016/j.transproceed.2026.01.002. Epub 2026 Feb 6.","Tsutsumi Y","Transplant Proc","2026","2026/02/07","","","10.1016/j.transproceed.2026.01.002"
"39011776","Cyclophosphamide and horse anti-thymocyte globulin versus fludarabine, reduced cyclophosphamide and rabbit anti-thymocyte globulin conditioning regimen for allogeneic hematopoietic stem cell transplantation from matched sibling donors in patients with acquired aplastic anemia","Ben Abdeljelil N, Ben Yaiche I, Ouerghi R, Torjemane L, Belloumi D, Turki I, Mekni S, Kanoun RY, Ben Othman T, Ladeb S.","Expert Rev Hematol. 2024 Aug;17(8):527-538. doi: 10.1080/17474086.2024.2381572. Epub 2024 Jul 23.","Ben Abdeljelil N","Expert Rev Hematol","2024","2024/07/16","","","10.1080/17474086.2024.2381572"
"34174469","Post-transplant Cyclophosphamide Versus Thymoglobulin in HLA-Mismatched Unrelated Donor Transplant for Acute Myelogenous Leukemia and Myelodysplastic Syndrome","Modi D, Kondrat K, Kim S, Deol A, Ayash L, Ratanatharathorn V, Uberti JP.","Transplant Cell Ther. 2021 Sep;27(9):760-767. doi: 10.1016/j.jtct.2021.06.018. Epub 2021 Jun 23.","Modi D","Transplant Cell Ther","2021","2021/06/26","","","10.1016/j.jtct.2021.06.018"
"35767142","Outcomes of salvage haploidentical transplantation using posttransplant cyclophosphamide for graft failure following allogeneic hematopoietic stem cell transplantation","Harada K, Najima Y, Kato M, Fuji S, Shinohara A, Nakamae H, Toyosaki M, Ashiarai M, Onizuka M, Hashii Y, Ichinohe T, Atsuta Y, Nakasone H.","Int J Hematol. 2022 Nov;116(5):744-753. doi: 10.1007/s12185-022-03405-w. Epub 2022 Jun 29.","Harada K","Int J Hematol","2022","2022/06/29","","","10.1007/s12185-022-03405-w"
"33739471","Outcome of T-cell-replete haploidentical stem cell transplantation improves with time in adults with acute lymphoblastic leukemia: A study from the Acute Leukemia Working Party of the European Society for Blood and Marrow Transplantation","Nagler A, Labopin M, Koc Y, Angelucci E, Tischer J, Arat M, Pioltelli P, Bernasconi P, Chiusolo P, Diez-Martin JL, Sanz J, Ciceri F, Peric Z, Giebel S, Canaani J, Mohty M.","Cancer. 2021 Jul 15;127(14):2507-2514. doi: 10.1002/cncr.33522. Epub 2021 Mar 19.","Nagler A","Cancer","2021","2021/03/19","","","10.1002/cncr.33522"
"34196132","Busulfan-containing conditioning regimens in allogeneic hematopoietic stem cell transplantation for acute lymphoblastic leukemia: A Taiwan observational study","Wang YH, Tien FM, Tsai CH, Huang HH, Liu JH, Liao XW, Tang JL, Yao M, Ko BS.","Cancer Rep (Hoboken). 2022 Mar;5(3):e1488. doi: 10.1002/cnr2.1488. Epub 2021 Jun 30.","Wang YH","Cancer Rep (Hoboken)","2022","2021/07/01","PMC8955073","","10.1002/cnr2.1488"
"31782875","Early viral reactivation despite excellent immune reconstitution following haploidentical Bone marrow transplant with post-transplant cytoxan for sickle cell disease","Patel DA, Dhedin N, Chen H, Karnik L, Gatwood K, Culos K, Mohan S, Engelhardt BG, Kitko C, Connelly J, Satyanarayana G, Jagasia M, De La Fuente J, Kassim A.","Transpl Infect Dis. 2020 Feb;22(1):e13222. doi: 10.1111/tid.13222. Epub 2019 Dec 19.","Patel DA","Transpl Infect Dis","2020","2019/11/30","PMC10260348","NIHMS1902364","10.1111/tid.13222"
"36401208","Impact of posttransplant cyclophosphamide on the outcome of patients undergoing unrelated single-unit umbilical cord blood transplantation for pediatric acute leukemia","Li XY, Zhan LP, Liu DD, Han XW, Chen H, Wu ZZ, Wang Y, Que LP, Wu XJ, Liu S, Wang KM, Huang SL, Fang JP, Huang K, Xu HG.","BMC Cancer. 2022 Nov 18;22(1):1190. doi: 10.1186/s12885-022-10309-9.","Li XY","BMC Cancer","2022","2022/11/19","PMC9675180","","10.1186/s12885-022-10309-9"
"31128325","Thiotepa, Fludarabine, and Busulfan Conditioning Regimen before T Cell-Replete Haploidentical Transplantation with Post-Transplant Cyclophosphamide for Acute Myeloid Leukemia: A Bicentric Experience of 100 Patients","Pagliardini T, Castagna L, Harbi S, Porta MD, Rey J, Fürst S, Bramanti S, Saillard C, Legrand F, Maisano V, Faucher C, Granata A, Hospital MA, Lining W, Weiller PJ, Calmels B, Charbonnier A, Lemarie C, Chabannon C, Vey N, Mokart D, Blaise D, Devillier R.","Biol Blood Marrow Transplant. 2019 Sep;25(9):1803-1809. doi: 10.1016/j.bbmt.2019.05.014. Epub 2019 May 22.","Pagliardini T","Biol Blood Marrow Transplant","2019","2019/05/26","","","10.1016/j.bbmt.2019.05.014"
"38212671","How adoptive transfer of components of the donor immune system boosts GvL and prevents GvHD in HLA-haploidentical hematopoietic transplantation for acute leukemia","Velardi A, Mancusi A, Ruggeri L, Pierini A.","Bone Marrow Transplant. 2024 Mar;59(3):301-305. doi: 10.1038/s41409-024-02199-1. Epub 2024 Jan 11.","Velardi A","Bone Marrow Transplant","2024","2024/01/11","","","10.1038/s41409-024-02199-1"
"39731457","Efficacy and safety of low-dose TBI combined MAC regimen for HSCT in high-risk AML patients with active disease","Chen C, Fan Y, Xu Y, Xie Y, Chen K, Huang X, Gao D, Tan J, Liu L, Qian S, Shi P.","Ann Med. 2025 Dec;57(1):2446692. doi: 10.1080/07853890.2024.2446692. Epub 2024 Dec 28.","Chen C","Ann Med","2025","2024/12/28","PMC11703510","","10.1080/07853890.2024.2446692"
"33855694","Excellent overall and chronic graft-versus-host-disease-free event-free survival in Fanconi anaemia patients undergoing matched related- and unrelated-donor bone marrow transplantation using alemtuzumab-Flu-Cy: the UK experience","Bernard F, Uppungunduri CRS, Meyer S, Cummins M, Patrick K, James B, Skinner R, Tewari S, Carpenter B, Wynn R, Veys P, Amrolia P; UK Paediatric BMT group.","Br J Haematol. 2021 May;193(4):804-813. doi: 10.1111/bjh.17418. Epub 2021 Apr 14.","Bernard F","Br J Haematol","2021","2021/04/15","","","10.1111/bjh.17418"
"29373243","Haploidentical stem cell transplantation in a boy with chronic granulomatous disease","Regueiro-García A, Fariña-Nogueira S, Porto-Arceo JÁ, Couselo-Sánchez JM.","Allergol Immunopathol (Madr). 2018 Jul-Aug;46(4):385-388. doi: 10.1016/j.aller.2017.09.020. Epub 2018 Jan 17.","Regueiro-García A","Allergol Immunopathol (Madr)","2018","2018/01/27","","","10.1016/j.aller.2017.09.020"
"27377900","Reduced-Intensity Conditioning with Fludarabine, Cyclophosphamide, and Rituximab Is Associated with Improved Outcomes Compared with Fludarabine and Busulfan after Allogeneic Stem Cell Transplantation for B Cell Malignancies","Kennedy VE, Savani BN, Greer JP, Kassim AA, Engelhardt BG, Goodman SA, Sengsayadeth S, Chinratanalab W, Jagasia M.","Biol Blood Marrow Transplant. 2016 Oct;22(10):1801-1807. doi: 10.1016/j.bbmt.2016.06.029. Epub 2016 Jul 1.","Kennedy VE","Biol Blood Marrow Transplant","2016","2016/07/06","","","10.1016/j.bbmt.2016.06.029"
"27916512","Impact of Conditioning Regimen on Outcomes for Children with Acute Myeloid Leukemia Undergoing Transplantation in First Complete Remission. An Analysis on Behalf of the Pediatric Disease Working Party of the European Group for Blood and Marrow Transplantation","Lucchini G, Labopin M, Beohou E, Dalissier A, Dalle JH, Cornish J, Zecca M, Samarasinghe S, Gibson B, Locatelli F, Bertrand Y, Abdel-Rahman F, Socie G, Sundin M, Lankester A, Sedlacek P, Hamladji RM, Heilmann C, Afanasyev B, Hough R, Peters C, Bader P, Veys P.","Biol Blood Marrow Transplant. 2017 Mar;23(3):467-474. doi: 10.1016/j.bbmt.2016.11.022. Epub 2016 Dec 1.","Lucchini G","Biol Blood Marrow Transplant","2017","2016/12/06","","","10.1016/j.bbmt.2016.11.022"
"35179653","Hemorrhagic cystitis in allogeneic stem cell transplantation: a role for age and prostatic hyperplasia","Galli E, Sorà F, Di Gianfrancesco L, Giammarco S, Metafuni E, Limongiello MA, Innocenti I, Autore F, Laurenti L, Chiusolo P, Bacigalupo A, Sica S.","Support Care Cancer. 2022 Jun;30(6):4953-4959. doi: 10.1007/s00520-022-06916-8. Epub 2022 Feb 18.","Galli E","Support Care Cancer","2022","2022/02/18","PMC9046315","","10.1007/s00520-022-06916-8"
"26477761","[Control study of melphalan instead of cyclophosphamide as a myeloablative conditioning regimen for allogeneic hematopoietic stem cell transplantation for treatment of myeloid malignancies]","Zhang Y, Huang Y, Wei J, Yan Z, He Y, Ma Q, Yang D, Feng S, Han M, Jiang E.","Zhonghua Xue Ye Xue Za Zhi. 2015 Oct;36(10):835-9. doi: 10.3760/cma.j.issn.0253-2727.2015.10.006.","Zhang Y","Zhonghua Xue Ye Xue Za Zhi","2015","2015/10/20","PMC7364934","","10.3760/cma.j.issn.0253-2727.2015.10.006"
"38716596","[Efficacy of allogeneic hematopoietic stem cell transplantation based on a total body irradiation conditioning treatment regimen for adult acute lymphocytic leukemia]","Xiao QQ, Yu XL, Song XC, Hou YX, Deng L, Li WJ, Zhou F.","Zhonghua Xue Ye Xue Za Zhi. 2024 Mar 14;45(3):249-256. doi: 10.3760/cma.j.cn121090-20230822-00084.","Xiao QQ","Zhonghua Xue Ye Xue Za Zhi","2024","2024/05/08","PMC11078666","","10.3760/cma.j.cn121090-20230822-00084"
"29197681","T Cell-Replete Haploidentical Transplantation with Post-Transplantation Cyclophosphamide for Hodgkin Lymphoma Relapsed after Autologous Transplantation: Reduced Incidence of Relapse and of Chronic Graft-versus-Host Disease Compared with HLA-Identical Related Donors","Mariotti J, Devillier R, Bramanti S, Sarina B, Furst S, Granata A, Faucher C, Harbi S, Morabito L, Chabannon C, Carlo-Stella C, Bouabdallah R, Santoro A, Blaise D, Castagna L.","Biol Blood Marrow Transplant. 2018 Mar;24(3):627-632. doi: 10.1016/j.bbmt.2017.11.030. Epub 2017 Nov 29.","Mariotti J","Biol Blood Marrow Transplant","2018","2017/12/04","","","10.1016/j.bbmt.2017.11.030"
"32314807","Impact of type of reduced-intensity conditioning regimen on the outcomes of allogeneic haematopoietic cell transplantation in classical Hodgkin lymphoma","Ahmed S, Ghosh N, Ahn KW, Khanal M, Litovich C, Mussetti A, Chhabra S, Cairo M, Mei M, William B, Nathan S, Bejanyan N, Olsson RF, Dahi PB, van der Poel M, Steinberg A, Kanakry J, Cerny J, Farooq U, Seo S, Kharfan-Dabaja MA, Sureda A, Fenske TS, Hamadani M.","Br J Haematol. 2020 Aug;190(4):573-582. doi: 10.1111/bjh.16664. Epub 2020 Apr 21.","Ahmed S","Br J Haematol","2020","2020/04/22","PMC7575614","NIHMS1597010","10.1111/bjh.16664"
"30679826","The new refined minnesota risk score for acute graft-versus-host disease predicts overall survival and non-relapse mortality after T cell-replete haploidentical stem cell transplant with post-transplant cyclophosphamide","Mariotti J, Granata A, Bramanti S, Devillier R, Furst S, Sarina B, Harbi S, Legrand F, Faucher C, Weiller PJ, Chabannon C, Carlo-Stella C, Santoro A, Blaise D, Castagna L.","Bone Marrow Transplant. 2019 Jul;54(7):1164-1167. doi: 10.1038/s41409-019-0453-0. Epub 2019 Jan 24.","Mariotti J","Bone Marrow Transplant","2019","2019/01/26","","","10.1038/s41409-019-0453-0"
"39243311","Addition of ruxolitinib and decitabine to modified busulfan/cyclophosphamide conditioning regimen for prophylaxis relapse in high-risk acute myeloid leukemia: the phase 2 prospective study","Wei Y, Qian K, Le N, Wang L, Li F, Luan S, Wang L, Jin X, Peng B, Wang N, Dou L, Liu D.","Ann Hematol. 2024 Nov;103(11):4707-4719. doi: 10.1007/s00277-024-05972-w. Epub 2024 Sep 7.","Wei Y","Ann Hematol","2024","2024/09/07","","","10.1007/s00277-024-05972-w"
"37788792","Reduced-Intensity Compared to Nonmyeloablative Conditioning in Patients with Non-Hodgkin Lymphoma Undergoing Allogeneic Hematopoietic Stem Cell Transplantation","Nath K, Peterson K, Brown S, Devlin S, Rodriguez N, Barker J, Giralt S, Gyurkocza B, Jakubowski A, Papadopoulos E, Ponce D, Scordo M, Shah G, Perales MA, Sauter C, Lin A, Dahi PB.","Transplant Cell Ther. 2024 Jan;30(1):81-92. doi: 10.1016/j.jtct.2023.09.022. Epub 2023 Oct 1.","Nath K","Transplant Cell Ther","2024","2023/10/03","PMC10842498","NIHMS1941918","10.1016/j.jtct.2023.09.022"
"36254468","Outcomes of allogeneic haematopoietic stem cell transplantation with intensity-modulated total body irradiation by helical tomotherapy: a 2-year prospective follow-up study","Konishi T, Ogawa H, Najima Y, Hashimoto S, Kito S, Atsuta Y, Wada A, Adachi H, Konuma R, Kishida Y, Nagata A, Yamada Y, Kaito S, Mukae J, Marumo A, Noguchi Y, Shingai N, Toya T, Igarashi A, Shimizu H, Kobayashi T, Ohashi K, Doki N, Murofushi KN.","Ann Med. 2022 Dec;54(1):2616-2625. doi: 10.1080/07853890.2022.2125171.","Konishi T","Ann Med","2022","2022/10/18","PMC9624256","","10.1080/07853890.2022.2125171"
"35398328","Total Marrow and Lymphoid Irradiation with Post-Transplantation Cyclophosphamide for Patients with AML in Remission","Stein AS, Al Malki MM, Yang D, Palmer JM, Tsai NC, Aldoss I, Ali H, Aribi A, Artz A, Dandapani S, Farol L, Hui S, Liu A, Nakamura R, Pullarkat V, Radany E, Rosenthal J, Salhotra A, Sanchez JF, Spielberger R, Marcucci G, Forman SJ, Wong J.","Transplant Cell Ther. 2022 Jul;28(7):368.e1-368.e7. doi: 10.1016/j.jtct.2022.03.025. Epub 2022 Apr 6.","Stein AS","Transplant Cell Ther","2022","2022/04/10","PMC9253081","NIHMS1796300","10.1016/j.jtct.2022.03.025"
"40901473","Ruxolitinib and decitabine plus a busulfan-cyclophosphamide conditioning regimen for relapse prophylaxis in patients with high-risk acute myeloid leukemia or myelodysplastic syndromes","Wei Y, Luan S, Wang L, Wang L, Li F, Jin X, Yang R, Qian K, Peng B, Tang J, Zhang H, Dou L, Liu D.","Front Immunol. 2025 Aug 18;16:1586512. doi: 10.3389/fimmu.2025.1586512. eCollection 2025.","Wei Y","Front Immunol","2025","2025/09/03","PMC12399409","","10.3389/fimmu.2025.1586512"
"26758318","[Treatment of Gaucher disease with allogeneic hematopoietic stem cell transplantation: report of three cases and review of literatures]","Tang X, Luan Z, Wu N, Zhang B, Jing Y, Du H, Lu W, Xu S.","Zhonghua Er Ke Za Zhi. 2015 Nov;53(11):810-6.","Tang X","Zhonghua Er Ke Za Zhi","2015","2016/01/14","","",""
"26759101","[Outcomes of allogeneic hematopoietic stem cell transplantation for 18 patients with paroxysmal nocturnal haemoglobinuria]","Chen F, Wu D, Tang X, Miao M, Fu C, Qiu H, Jin Z, Xue S, Ma X, Sun A, Chang W, Ruan C.","Zhonghua Xue Ye Xue Za Zhi. 2015 Dec;36(12):1005-10. doi: 10.3760/cma.j.issn.0253-2727.2015.12.005.","Chen F","Zhonghua Xue Ye Xue Za Zhi","2015","2016/01/14","PMC7342317","","10.3760/cma.j.issn.0253-2727.2015.12.005"
"34404530","Bone marrow transplantation for acquired aplastic anemia: What's new","Bacigalupo A, Benintende G.","Best Pract Res Clin Haematol. 2021 Jun;34(2):101284. doi: 10.1016/j.beha.2021.101284. Epub 2021 Jul 7.","Bacigalupo A","Best Pract Res Clin Haematol","2021","2021/08/18","","","10.1016/j.beha.2021.101284"
"34425261","Nonmyeloablative, HLA-Mismatched Unrelated Peripheral Blood Transplantation with High-Dose Post-Transplantation Cyclophosphamide","Rappazzo KC, Zahurak M, Bettinotti M, Ali SA, Ambinder AJ, Bolaños-Meade J, Borrello I, Dezern AE, Gladstone D, Gocke C, Fuchs E, Huff CA, Imus PH, Jain T, Luznik L, Rahmat L, Swinnen LJ, Wagner-Johnston N, Jones RJ, Ambinder RF.","Transplant Cell Ther. 2021 Nov;27(11):909.e1-909.e6. doi: 10.1016/j.jtct.2021.08.013. Epub 2021 Aug 20.","Rappazzo KC","Transplant Cell Ther","2021","2021/08/23","PMC8717359","NIHMS1734831","10.1016/j.jtct.2021.08.013"
"38527841","[Single non-blood-related umbilical cord blood transplantation using a reduced-intensity conditioning regimen for the treatment of severe aplastic anemia]","Wu Y, Tang BL, Song KD, Sun GY, Pan TZ, Huang AJ, Yan BB, Zhu XY.","Zhonghua Xue Ye Xue Za Zhi. 2024 Jan 14;45(1):68-73. doi: 10.3760/cma.j.issn.0253-2727.121090-20230928-00146.","Wu Y","Zhonghua Xue Ye Xue Za Zhi","2024","2024/03/25","PMC10951129","","10.3760/cma.j.issn.0253-2727.121090-20230928-00146"
"34514596","Allogeneic hematopoietic cell transplantation in patients with myelodysplastic syndrome using treosulfan based compared to other reduced-intensity or myeloablative conditioning regimens. A report of the chronic malignancies working party of the EBMT","Shimoni A, Robin M, Iacobelli S, Beelen D, Mufti GJ, Ciceri F, Bethge W, Volin L, Blaise D, Ganser A, Luft T, Chevallier P, Schwerdtfeger R, Koster L, de Witte T, Kröger N, Nagler A, Yakoub-Agha I.","Br J Haematol. 2021 Nov;195(3):417-428. doi: 10.1111/bjh.17817. Epub 2021 Sep 12.","Shimoni A","Br J Haematol","2021","2021/09/13","","","10.1111/bjh.17817"
"32640311","Fludarabine, Campath, and Low-Dose Cyclophosphamide (FCC(low)) with or without TBI Conditioning Results in Excellent Transplant Outcomes in Children with Severe Aplastic Anemia","Shah RM, Truong TH, Leaker MT, Wright NAM, Le D, Steele M, Bruce AAK, Desai S, Guilcher GMT, Lewis V.","Biol Blood Marrow Transplant. 2020 Oct;26(10):1900-1905. doi: 10.1016/j.bbmt.2020.06.027. Epub 2020 Jul 5.","Shah RM","Biol Blood Marrow Transplant","2020","2020/07/09","","","10.1016/j.bbmt.2020.06.027"
"34262142","Cytokine release syndrome after haploidentical hematopoietic cell transplantation: an international multicenter analysis","Abboud R, Wan F, Mariotti J, Arango M, Castagna L, Romee R, Hamadani M, Chhabra S.","Bone Marrow Transplant. 2021 Nov;56(11):2763-2770. doi: 10.1038/s41409-021-01403-w. Epub 2021 Jul 14.","Abboud R","Bone Marrow Transplant","2021","2021/07/15","","","10.1038/s41409-021-01403-w"
"32857869","NK cell alloreactivity in acute myeloid leukemia in the post-transplant cyclophosphamide era","Van Elssen CHMJ, Ciurea SO.","Am J Hematol. 2020 Dec;95(12):1590-1598. doi: 10.1002/ajh.25983. Epub 2020 Sep 28.","Van Elssen CHMJ","Am J Hematol","2020","2020/08/29","","","10.1002/ajh.25983"
"34403790","Feasibility and Efficacy of a Pharmacokinetics-Guided Busulfan Conditioning Regimen for Allogeneic Stem Cell Transplantation with Post-Transplantation Cyclophosphamide as Graft-versus-Host Disease Prophylaxis in Adult Patients with Hematologic Malignancies","Bramanti S, De Philippis C, Bartoli A, Giordano L, Mariotti J, Sarina B, Mannina D, Valli V, De Gregori S, Roperti M, Pieri G, Castagna L.","Transplant Cell Ther. 2021 Nov;27(11):912.e1-912.e6. doi: 10.1016/j.jtct.2021.08.006. Epub 2021 Aug 14.","Bramanti S","Transplant Cell Ther","2021","2021/08/17","","","10.1016/j.jtct.2021.08.006"
"26872138","Comparison of Haploidentical Hematopoietic Stem Cell Transplantation and Immunosuppressive Therapy for the Treatment of Acquired Severe Aplastic Anemia in Pediatric Patients","Zhang Y, Guo Z, Liu XD, He XP, Yang K, Chen P, Chen HR.","Am J Ther. 2017 Mar/Apr;24(2):e196-e201. doi: 10.1097/MJT.0000000000000366.","Zhang Y","Am J Ther","2017","2016/02/13","","","10.1097/MJT.0000000000000366"
"28126963","Plasma-derived proteomic biomarkers in human leukocyte antigen-haploidentical or human leukocyte antigen-matched bone marrow transplantation using post-transplantation cyclophosphamide","Kanakry CG, Bakoyannis G, Perkins SM, McCurdy SR, Vulic A, Warren EH, Daguindau E, Olmsted T, Mumaw C, Towlerton AMH, Cooke KR, O'Donnell PV, Symons HJ, Paczesny S, Luznik L.","Haematologica. 2017 May;102(5):932-940. doi: 10.3324/haematol.2016.152322. Epub 2017 Jan 25.","Kanakry CG","Haematologica","2017","2017/01/28","PMC5477612","","10.3324/haematol.2016.152322"
"20736079","Fludarabine-based conditioning chemotherapy for allogeneic hematopoietic stem cell transplantation in acquired severe aplastic anemia","Al-Zahrani H, Nassar A, Al-Mohareb F, Al-Sharif F, Mohamed S, Al-Anazi K, Patel M, Rasheed W, Saleh AJ, Bakr M, Ahmed S, Ibrahim K, Hussain F, Elkum N, Elhassan T, Nurgat Z, Chaudhri N, Aljurf M.","Biol Blood Marrow Transplant. 2011 May;17(5):717-22. doi: 10.1016/j.bbmt.2010.08.013. Epub 2010 Aug 22.","Al-Zahrani H","Biol Blood Marrow Transplant","2011","2010/08/26","","","10.1016/j.bbmt.2010.08.013"
"40434956","Busulfan-cyclophosphamide vs fludarabine-busulfan for allogeneic transplant in acute myeloid leukemia","N BA, R Y K, S M, I T, I BY, R O, D B, L T, S L, T BO.","Future Oncol. 2025 Jun;21(15):1887-1894. doi: 10.1080/14796694.2025.2507563. Epub 2025 May 28.","N BA","Future Oncol","2025","2025/05/28","PMC12150614","","10.1080/14796694.2025.2507563"
"37163349","PTCy, abatacept, and a short course of tacrolimus for GVHD prevention after haploidentical transplantation","Al-Homsi AS, Cirrone F, Wo S, Cole K, Suarez-Londono JA, Gardner SL, Hsu J, Stocker K, Bruno B, Goldberg JD, Levinson BA, Abdul-Hay M.","Blood Adv. 2023 Jul 25;7(14):3604-3611. doi: 10.1182/bloodadvances.2023010545.","Al-Homsi AS","Blood Adv","2023","2023/05/10","PMC10368845","","10.1182/bloodadvances.2023010545"
"41871072","Nonmyeloablative pentostatin-cyclophosphamide preconditioning improves rates of engraftment in adults undergoing haploidentical HCT for sickle cell disease","Limerick E, Hsieh M, Queen J, Grecco ML, Varga J, Brooks J, Coles W, Jeffries N, Fitzhugh CD.","PLoS One. 2026 Mar 23;21(3):e0332282. doi: 10.1371/journal.pone.0332282. eCollection 2026.","Limerick E","PLoS One","2026","2026/03/23","PMC13008046","","10.1371/journal.pone.0332282"
"25034142","Tolerability and efficacy of busulfan and fludarabine as allogeneic pretransplant conditioning therapy in acute myeloid leukemia: comparison with busulfan and cyclophosphamide regimen","Fedele R, Messina G, Martinello T, Gallo GA, Pontari A, Moscato T, Console G, Dattola A, Princi D, Cuzzola M, Alati C, Ronco F, Molica S, Irrera G, Martino M.","Clin Lymphoma Myeloma Leuk. 2014 Dec;14(6):493-500. doi: 10.1016/j.clml.2014.04.006. Epub 2014 Jun 11.","Fedele R","Clin Lymphoma Myeloma Leuk","2014","2014/07/19","","","10.1016/j.clml.2014.04.006"
"30778805","Haploidentical Stem Cell Transplantation with Post-Transplant Cyclophosphamide for Primary Immune Deficiency Disorders in Children: Challenges and Outcome from a Tertiary Care Center in South India","Uppuluri R, Sivasankaran M, Patel S, Swaminathan VV, Ramanan KM, Ravichandran N, Ramakrishnan B, Jayakumar I, Vaidhyanathan L, Raj R.","J Clin Immunol. 2019 Feb;39(2):182-187. doi: 10.1007/s10875-019-00600-z. Epub 2019 Feb 18.","Uppuluri R","J Clin Immunol","2019","2019/02/20","PMC7100782","","10.1007/s10875-019-00600-z"
"33108457","Class II HLA mismatch improves outcomes following haploidentical transplantation with posttransplant cyclophosphamide","Solomon SR, Aubrey MT, Zhang X, Jackson KC, Morris LE, Holland HK, Solh MM, Bashey A.","Blood Adv. 2020 Oct 27;4(20):5311-5321. doi: 10.1182/bloodadvances.2020003110.","Solomon SR","Blood Adv","2020","2020/10/27","PMC7594387","","10.1182/bloodadvances.2020003110"
"27159177","Busulfan-based reduced intensity conditioning regimens for haploidentical transplantation in relapsed/refractory Hodgkin lymphoma: Spanish multicenter experience","Gayoso J, Balsalobre P, Pascual MJ, Castilla-Llorente C, López-Corral L, Kwon M, Serrano D, Piñana JL, Herrera P, Ferrá C, Pascual C, Heras I, Montesinos P, Zabalza A, Bento L, Figuera A, Buño I, Díez-Martín JL.","Bone Marrow Transplant. 2016 Oct;51(10):1307-1312. doi: 10.1038/bmt.2016.115. Epub 2016 May 9.","Gayoso J","Bone Marrow Transplant","2016","2016/05/10","","","10.1038/bmt.2016.115"
"38499049","Efficacy and safety of cladribine in combination with busulfan and cyclophosphamide as an intensive conditioning regimen preceding allogeneic hematopoietic stem cell transplantation in relapsed or refractory acute myeloid leukemia","Xiao F, Guo H, Yan X, Qi M, Zhang J.","Transpl Immunol. 2024 Jun;84:102037. doi: 10.1016/j.trim.2024.102037. Epub 2024 Mar 16.","Xiao F","Transpl Immunol","2024","2024/03/18","","","10.1016/j.trim.2024.102037"
"40578533","Dynamics of monocytic myeloid-derived suppressor cell recovery and interleukin-10 production on graft-versus-host disease and cytomegalovirus reactivation after allogeneic hematopoietic cell transplantation","Thammahong A, Wudhikarn K, Rojnuckarin P, Kansuwan P, Bunworasate U, Chanswangphuwana C.","Transpl Immunol. 2025 Sep;92:102263. doi: 10.1016/j.trim.2025.102263. Epub 2025 Jun 25.","Thammahong A","Transpl Immunol","2025","2025/06/27","","","10.1016/j.trim.2025.102263"
"36945951","A single-center experience of haploidentical stem cell transplantation in hematological malignancies","Malkan ÜY, Göker H, Demiroğlu H, Tekin F, Akdemir NB, Karakulak EA, Sayınalp N, Haznedaroğlu İC, Özcebe Oİ, Büyükaşık Y.","Turk J Med Sci. 2023 Feb;53(1):352-359. doi: 10.55730/1300-0144.5591. Epub 2023 Feb 22.","Malkan ÜY","Turk J Med Sci","2023","2023/03/22","PMC10388032","","10.55730/1300-0144.5591"
"25573308","[Efficacies of hematopoietic stem cell transplantation for severe aplastic anemia: a report of 43 patients]","Wang X, Jin S, Liu L, Chen S, Zhang X, Jin Z, Miao M, Tang X, Fu Z, Han Y, Ma X, Chen F, Qiu H, Sun A, Wu D.","Zhonghua Yi Xue Za Zhi. 2014 Nov 4;94(40):3140-4.","Wang X","Zhonghua Yi Xue Za Zhi","2014","2015/01/10","","",""
"34274491","A Phase I/II Multicenter Trial of HLA-Haploidentical PBSCT with PTCy for Aggressive Adult T Cell Leukemia/Lymphoma","Tanaka T, Nakamae H, Ito A, Fuji S, Hirose A, Eto T, Henzan H, Takase K, Yamasaki S, Makiyama J, Moriuchi Y, Choi I, Nakano N, Hiramoto N, Kato K, Sato T, Sawayama Y, Kim SW, Inoue Y, Inamoto Y, Fukuda T.","Transplant Cell Ther. 2021 Nov;27(11):928.e1-928.e7. doi: 10.1016/j.jtct.2021.07.010. Epub 2021 Jul 15.","Tanaka T","Transplant Cell Ther","2021","2021/07/18","","","10.1016/j.jtct.2021.07.010"
"34826107","Epstein-Barr virus-related lymphoproliferative disorders in T-cell repleted haploidentical transplantation with post-transplant cyclophosphamide","Uygun V, Özsan N, Daloğlu H, Öztürkmen S, Yalçın K, Karasu G, Yeşilipek A.","Int J Hematol. 2022 Apr;115(4):600-604. doi: 10.1007/s12185-021-03267-8. Epub 2021 Nov 26.","Uygun V","Int J Hematol","2022","2021/11/26","","","10.1007/s12185-021-03267-8"
"24242024","Substitution of cyclophosphamide in the modified BuCy regimen with fludarabine is associated with increased incidence of severe pneumonia: a prospective, randomized study","Liu DH, Xu LP, Zhang XH, Wang Y, Yan CH, Wang JZ, Wang FR, Sun YQ, Ji Y, Zhang YY, Liu KY, Huang XJ.","Int J Hematol. 2013 Dec;98(6):708-15. doi: 10.1007/s12185-013-1460-3. Epub 2013 Nov 17.","Liu DH","Int J Hematol","2013","2013/11/19","","","10.1007/s12185-013-1460-3"
"37749039","[Efficacy and safety of TBI+rATG-based conditioning regimen for haploidentical allogeneic hematopoietic stem cell transplantation in 11 cases of chemotherapy-resistant advanced peripheral T-cell lymphoma]","Xu R, Li S, Liu HX, Wei DL, Jiang Y, Wang JJ, Liu SS, Wang C, Zhu J.","Zhonghua Xue Ye Xue Za Zhi. 2023 Jul 14;44(7):578-581. doi: 10.3760/cma.j.issn.0253-2727.2023.07.010.","Xu R","Zhonghua Xue Ye Xue Za Zhi","2023","2023/09/25","PMC10509615","","10.3760/cma.j.issn.0253-2727.2023.07.010"
"22526363","A randomized comparison of cyclophosphamide vs. reduced dose cyclophosphamide plus fludarabine for allogeneic hematopoietic cell transplantation in patients with aplastic anemia and hypoplastic myelodysplastic syndrome","Kim H, Lee JH, Joo YD, Bae SH, Hyun MS, Lee JH, Kim DY, Lee WS, Ryoo HM, Kim MK, Park JH, Lee KH; Cooperative Study Group A for Hematology (COSAH).","Ann Hematol. 2012 Sep;91(9):1459-69. doi: 10.1007/s00277-012-1462-x. Epub 2012 Apr 18.","Kim H","Ann Hematol","2012","2012/04/25","","","10.1007/s00277-012-1462-x"
"28087456","Phase I Trial of Total Marrow and Lymphoid Irradiation Transplantation Conditioning in Patients with Relapsed/Refractory Acute Leukemia","Stein A, Palmer J, Tsai NC, Al Malki MM, Aldoss I, Ali H, Aribi A, Farol L, Karanes C, Khaled S, Liu A, O'Donnell M, Parker P, Pawlowska A, Pullarkat V, Radany E, Rosenthal J, Sahebi F, Salhotra A, Sanchez JF, Schultheiss T, Spielberger R, Thomas SH, Snyder D, Nakamura R, Marcucci G, Forman SJ, Wong J.","Biol Blood Marrow Transplant. 2017 Apr;23(4):618-624. doi: 10.1016/j.bbmt.2017.01.067. Epub 2017 Jan 10.","Stein A","Biol Blood Marrow Transplant","2017","2017/01/15","PMC5382014","NIHMS853791","10.1016/j.bbmt.2017.01.067"
"26710693","[Sequential intensified conditioning followed by graft-versus-leukemia induction could prevent relapse of refractory acute myeloid leukemia after allogeneic hematopoietic stem cell transplantation]","Xuan L, Fan Z, Zhang Y, Huang F, Dai M, Li Y, Nie D, Lin D, Jiang Q, Sun J, Xiao Y, Liu Q.","Zhonghua Yi Xue Za Zhi. 2015 Jun 23;95(24):1915-20.","Xuan L","Zhonghua Yi Xue Za Zhi","2015","2015/12/30","","",""
"31786646","Unmanipulated haploidentical hematopoietic stem cell transplantation using very low-dose antithymocyte globulin and methylprednisolone in adults with relapsed/refractory acute leukemia","Konishi T, Doki N, Nagata A, Yamada Y, Takezaki T, Kaito S, Kurosawa S, Sakaguchi M, Harada K, Yasuda S, Yoshioka K, Inamoto K, Toya T, Igarashi A, Najima Y, Kobayashi T, Kakihana K, Sakamaki H, Ohashi K.","Ann Hematol. 2020 Jan;99(1):147-155. doi: 10.1007/s00277-019-03865-x. Epub 2019 Nov 30.","Konishi T","Ann Hematol","2020","2019/12/02","","","10.1007/s00277-019-03865-x"
"32562858","Severity of Cytokine Release Syndrome and Its Association with Infections after T Cell-Replete Haploidentical Related Donor Transplantation","Abid MB, Hamadani M, Szabo A, Hari PN, Graham MB, Frank MO, Collier WS, Abedin S, Jerkins JH, Pasquini MC, Runaas L, Shah NN, Chhabra S.","Biol Blood Marrow Transplant. 2020 Sep;26(9):1670-1678. doi: 10.1016/j.bbmt.2020.06.006. Epub 2020 Jun 17.","Abid MB","Biol Blood Marrow Transplant","2020","2020/06/21","","","10.1016/j.bbmt.2020.06.006"
"21518925","Alemtuzumab with fludarabine and cyclophosphamide reduces chronic graft-versus-host disease after allogeneic stem cell transplantation for acquired aplastic anemia","Marsh JC, Gupta V, Lim Z, Ho AY, Ireland RM, Hayden J, Potter V, Koh MB, Islam MS, Russell N, Marks DI, Mufti GJ, Pagliuca A.","Blood. 2011 Aug 25;118(8):2351-7. doi: 10.1182/blood-2010-12-327536. Epub 2011 Apr 25.","Marsh JC","Blood","2011","2011/04/27","","","10.1182/blood-2010-12-327536"
"33836879","Haploidentical Transplantation with Modified Post-transplantation Cyclophosphamide for Patients with Primary Aplastic Anemia: A Multicenter Experience","Li Y, Wang N, Li L, Cao Y, Xu J, Wang J, Huang L, Wang L, Zou L, Wang H, Xiao Y, Wei J, Zhang Y.","Transplant Cell Ther. 2021 Apr;27(4):331.e1-331.e7. doi: 10.1016/j.jtct.2021.01.018. Epub 2021 Jan 24.","Li Y","Transplant Cell Ther","2021","2021/04/10","","","10.1016/j.jtct.2021.01.018"
"40516921","Comparative Study of Bu/Cy/ATG and Flu/Cy/ATG Conditioning Regimens for Unrelated Donor Hematopoietic Stem Cell Transplantation in Severe Aplastic Anemia","Wu L, Chen X, Zhou M, Mo W, Zhou R, Li Y, Xu S, Wang C, Pan S, Zhou W, Deng T, Zhang Y, Zhang Y, Wang S.","Transplant Cell Ther. 2025 Oct;31(10):808.e1-808.e13. doi: 10.1016/j.jtct.2025.06.014. Epub 2025 Jul 4.","Wu L","Transplant Cell Ther","2025","2025/06/14","","","10.1016/j.jtct.2025.06.014"
"39117736","Safety and efficacy of G-CSF after allogeneic hematopoietic cell transplantation using post-transplant cyclophosphamide: clinical and in vitro examination of endothelial activation","Escribano-Serrat S, Pedraza A, Suárez-Lledó M, Charry P, De Moner B, Martinez-Sanchez J, Ramos A, Ventosa-Capell H, Moreno C, Guardia L, Monge-Escartín I, Riu G, Carcelero E, Cid J, Lozano M, Gómez P, García E, Martín L, Carreras E, Fernández-Avilés F, Martínez C, Rovira M, Salas MQ, Díaz-Ricart M.","Bone Marrow Transplant. 2024 Oct;59(10):1466-1476. doi: 10.1038/s41409-024-02388-y. Epub 2024 Aug 8.","Escribano-Serrat S","Bone Marrow Transplant","2024","2024/08/08","","","10.1038/s41409-024-02388-y"
"38183299","Risk factors for hemorrhagic cystitis after allogeneic hematopoietic stem cell transplantation in a letermovir-exposed CMV-free population receiving PTCy","Galli E, Metafuni E, Gandi C, Limongiello MA, Giammarco S, Mattozzi A, Santangelo R, Bacigalupo A, Sorà F, Chiusolo P, Sica S.","Eur J Haematol. 2024 Apr;112(4):577-584. doi: 10.1111/ejh.14147. Epub 2024 Jan 6.","Galli E","Eur J Haematol","2024","2024/01/06","","","10.1111/ejh.14147"
"38879608","Efficacy and safety of outpatient fludarabine, cyclophosphamide, and rituximab based allogeneic hematopoietic cell transplantation in adults with severe aplastic anemia","Gilmore RM, Abernathy K, Shultes K, Eplin DD, Orton L, Kassim A, Sengsayadeth S, Chinratanalab W, Kim TK, Dholaria B, Jayani RV, Savani BN, McNeer E, Choi L, Gatwood K.","Bone Marrow Transplant. 2024 Sep;59(9):1275-1279. doi: 10.1038/s41409-024-02323-1. Epub 2024 Jun 15.","Gilmore RM","Bone Marrow Transplant","2024","2024/06/15","PMC11368812","","10.1038/s41409-024-02323-1"
"30951841","Unrelated Donor Peripheral Blood Stem Cell Transplantation for Patients with β-Thalassemia Major Based on a Novel Conditioning Regimen","Sun L, Wang N, Chen Y, Tang L, Xing C, Lu N, Shi Y, Ma Y, Lin F, Yu K, Feng J.","Biol Blood Marrow Transplant. 2019 Aug;25(8):1592-1596. doi: 10.1016/j.bbmt.2019.03.028. Epub 2019 Apr 2.","Sun L","Biol Blood Marrow Transplant","2019","2019/04/06","","","10.1016/j.bbmt.2019.03.028"
"25543496","[Efficacy analysis of haploidentical allogeneic hematopoietic stem cell transplantation in patients with Philadelphia chromosome-positive acute lymphoblastic leukemia]","Zhou J, Zhou HX, Zhang R, Wu DP.","Zhongguo Shi Yan Xue Ye Xue Za Zhi. 2014 Dec;22(6):1678-83. doi: 10.7534/j.issn.1009-2137.2014.06.033.","Zhou J","Zhongguo Shi Yan Xue Ye Xue Za Zhi","2014","2014/12/30","","","10.7534/j.issn.1009-2137.2014.06.033"
"24660868","Experts' considerations on HLA-haploidentical stem cell transplantation","Patriarca F, Luznik L, Medeot M, Zecca M, Bacigalupo A, Di Bartolomeo P, Arcese W, Corradini P, Ciceri F, Vago L, Kanakry CG, Fleischhauer K, Martelli MF, Bosi A, Rambaldi A, Cesaro S, Russo D, Fanin R.","Eur J Haematol. 2014 Sep;93(3):187-97. doi: 10.1111/ejh.12322. Epub 2014 Apr 26.","Patriarca F","Eur J Haematol","2014","2014/03/26","","","10.1111/ejh.12322"
"37479752","Haploidentical transplant with posttransplant cyclophosphamide vs matched related and unrelated donor transplant in acute myeloid leukemia and myelodysplastic neoplasm","Rieger MJ, Stolz SM, Müller AM, Schwotzer R, Nair G, Schneidawind D, Manz MG, Schanz U.","Bone Marrow Transplant. 2023 Oct;58(10):1121-1129. doi: 10.1038/s41409-023-02042-z. Epub 2023 Jul 21.","Rieger MJ","Bone Marrow Transplant","2023","2023/07/21","PMC10555825","","10.1038/s41409-023-02042-z"
"34142935","Risk Assessment for BK Virus-Associated Hemorrhagic Cystitis After Pediatric Hematopoietic Stem Cell Transplant: A Single-Center Retrospective Cross-Sectional Study","Karagun BS, Aygunes U, Eken A, Akbas T, Melek E, Antmen B.","Exp Clin Transplant. 2024 Nov;22(11):875-882. doi: 10.6002/ect.2021.0104. Epub 2021 Jun 17.","Karagun BS","Exp Clin Transplant","2024","2021/06/18","","","10.6002/ect.2021.0104"
"29515253","Clinical-scale manufacturing of γδ T cells for protection against infection and disease recurrence following haploidentical peripheral blood stem cell transplantation and cyclophosphamide gvhd prophylaxis","Lamb LS, Pillai S, Langford S, Bowersock J, Stasi AD, Saad A.","Bone Marrow Transplant. 2018 Jun;53(6):766-769. doi: 10.1038/s41409-018-0130-8. Epub 2018 Mar 7.","Lamb LS","Bone Marrow Transplant","2018","2018/03/09","","","10.1038/s41409-018-0130-8"
"34838785","Outcome of Haploidentical Peripheral Blood Allografts Using Post-Transplantation Cyclophosphamide Compared to Matched Sibling and Unrelated Donor Bone Marrow Allografts in Pediatric Patients with Hematologic Malignancies: A Single-Center Analysis","Srinivasan A, Raffa E, Wall DA, Schechter T, Ali M, Chopra Y, Kung R, Chiang KY, Krueger J.","Transplant Cell Ther. 2022 Mar;28(3):158.e1-158.e9. doi: 10.1016/j.jtct.2021.11.009. Epub 2021 Nov 25.","Srinivasan A","Transplant Cell Ther","2022","2021/11/28","","","10.1016/j.jtct.2021.11.009"
"32750422","Impact of Anti-CMV IgG Titers and CD34 Count Prior to Hematopoietic Stem Cell Transplantation from Alternative Donors on CMV reactivation","Arcuri LJ, Schirmer M, Colares M, Maradei S, Tavares R, Moreira MCR, Araujo RC, Lerner D, Pacheco AGF.","Biol Blood Marrow Transplant. 2020 Nov;26(11):e275-e279. doi: 10.1016/j.bbmt.2020.07.034. Epub 2020 Aug 1.","Arcuri LJ","Biol Blood Marrow Transplant","2020","2020/08/05","","","10.1016/j.bbmt.2020.07.034"
"41846916","Evaluation of cyclophosphamide for steroid-refractory hepatic acute graft-vs-host disease after allogeneic hematopoietic stem cell transplantation","Lu N, Zheng Y, Guo W, Zheng X, Feng D, Cao Y, Zhang R, Zhai W, Yang D, Wei J, He Y, Pang A, Feng S, Han M, Jiang E.","Front Immunol. 2026 Mar 2;17:1678723. doi: 10.3389/fimmu.2026.1678723. eCollection 2026.","Lu N","Front Immunol","2026","2026/03/18","PMC12989407","","10.3389/fimmu.2026.1678723"
"31804748","Allogeneic hematopoietic stem cell transplantation for aplastic anemia with pre-transplant conditioning using fludarabine, reduced-dose cyclophosphamide, and low-dose thymoglobulin: A KSGCT prospective study","Kako S, Kanda Y, Onizuka M, Aotsuka N, Usuki K, Tachibana T, Kobayashi T, Kato J, Yano S, Shimizu H, Shono K, Tanaka M, Tsukamoto S, Mori T, Yamazaki E, Najima Y, Hangaishi A, Hoshino T, Watanabe R, Matsumoto K, Okamoto S; for Kanto Study Group for Cell Therapy (KSGCT).","Am J Hematol. 2020 Mar;95(3):251-257. doi: 10.1002/ajh.25693. Epub 2019 Dec 19.","Kako S","Am J Hematol","2020","2019/12/06","","","10.1002/ajh.25693"
"28782395","Myeloablative busulfan/cytoxan conditioning versus reduced-intensity fludarabine/melphalan conditioning for allogeneic hematopoietic stem cell transplant in patients with acute myelogenous leukemia","Dhere V, Edelman S, Waller EK, Langston A, Graiser M, Connolly EC, Switchenko JM, Esiashvili N, Khan MK.","Leuk Lymphoma. 2018 Apr;59(4):837-843. doi: 10.1080/10428194.2017.1361027. Epub 2017 Aug 7.","Dhere V","Leuk Lymphoma","2018","2017/08/08","PMC5841460","NIHMS946259","10.1080/10428194.2017.1361027"
"36693927","Cytomegalovirus breakthrough and resistance during letermovir prophylaxis","Perchetti GA, Biernacki MA, Xie H, Castor J, Joncas-Schronce L, Ueda Oshima M, Kim Y, Jerome KR, Sandmaier BM, Martin PJ, Boeckh M, Greninger AL, Zamora D.","Bone Marrow Transplant. 2023 Apr;58(4):430-436. doi: 10.1038/s41409-023-01920-w. Epub 2023 Jan 24.","Perchetti GA","Bone Marrow Transplant","2023","2023/01/24","PMC12802852","NIHMS2042310","10.1038/s41409-023-01920-w"
"30824040","Three prophylaxis regimens (tacrolimus, mycophenolate mofetil, and cyclophosphamide; tacrolimus, methotrexate, and bortezomib; or tacrolimus, methotrexate, and maraviroc) versus tacrolimus and methotrexate for prevention of graft-versus-host disease with haemopoietic cell transplantation with reduced-intensity conditioning: a randomised phase 2 trial with a non-randomised contemporaneous control group (BMT CTN 1203)","Bolaños-Meade J, Reshef R, Fraser R, Fei M, Abhyankar S, Al-Kadhimi Z, Alousi AM, Antin JH, Arai S, Bickett K, Chen YB, Damon LE, Efebera YA, Geller NL, Giralt SA, Hari P, Holtan SG, Horowitz MM, Jacobsohn DA, Jones RJ, Liesveld JL, Logan BR, MacMillan ML, Mielcarek M, Noel P, Pidala J, Porter DL, Pusic I, Sobecks R, Solomon SR, Weisdorf DJ, Wu J, Pasquini MC, Koreth J.","Lancet Haematol. 2019 Mar;6(3):e132-e143. doi: 10.1016/S2352-3026(18)30221-7.","Bolaños-Meade J","Lancet Haematol","2019","2019/03/03","PMC6503965","NIHMS1523086","10.1016/S2352-3026(18)30221-7"
"26926370","[The curative efficacy of unrelated umbilical cord blood stem cells transplantation in intensified myeloablative conditioned patients with acute lymphoblastic leukemia]","Tang B, Zheng C, Liu H, Zhu X, Geng L, Wang X, Ding K, Yao W, Tong J, Song K, Zhang L, Qiang P, Zhang X, Sun Z.","Zhonghua Nei Ke Za Zhi. 2016 Mar;55(3):191-5. doi: 10.3760/cma.j.issn.0578-1426.2016.03.007.","Tang B","Zhonghua Nei Ke Za Zhi","2016","2016/03/02","","","10.3760/cma.j.issn.0578-1426.2016.03.007"
"37164292","Cytomegalovirus Infection Post-Allogeneic Stem Cell Transplantation: Experience from a Country with High Seropositivity","Iftikhar R, Farhan M, Khan M, Chaudhry QUN, Ghafoor T, Shahbaz N, Khan MA, Khattak TA, Rehman J, Humayun S, Majeed A.","Transplant Cell Ther. 2023 Aug;29(8):521.e1-521.e7. doi: 10.1016/j.jtct.2023.04.023. Epub 2023 May 8.","Iftikhar R","Transplant Cell Ther","2023","2023/05/10","","","10.1016/j.jtct.2023.04.023"
"39333693","TBI/Cy followed by auto-HSCT is a good choice next to allo-HSCT for patients with T-LBL/ALL","Mao J, Ge J, Ding S, Sun Z, Nan F, Yu H, Ding J, Wang X, Liu Z, Zhang M, Fu X.","Sci Rep. 2024 Sep 27;14(1):22356. doi: 10.1038/s41598-024-72897-9.","Mao J","Sci Rep","2024","2024/09/27","PMC11437004","","10.1038/s41598-024-72897-9"
"26999460","The patient's CMV serological status affects clinical outcome after T-cell replete haplo-HSCT and post-transplant cyclophosphamide","Crocchiolo R, Castagna L, Furst S, Devillier R, Sarina B, Bramanti S, El-Cheikh J, Granata A, Harbi S, Morabito L, Faucher C, Rimondo A, Girardi D, Mohty B, Calmels B, Carlo-Stella C, Chabannon C, Bouabdallah R, Santoro A, Vey N, Weiller PJ, Blaise D.","Bone Marrow Transplant. 2016 Aug;51(8):1134-6. doi: 10.1038/bmt.2016.69. Epub 2016 Mar 21.","Crocchiolo R","Bone Marrow Transplant","2016","2016/03/22","","","10.1038/bmt.2016.69"
"25807864","Thiotepa-based versus total body irradiation-based myeloablative conditioning prior to allogeneic stem cell transplantation for acute myeloid leukaemia in first complete remission: a retrospective analysis from the Acute Leukemia Working Party of the European Group for Blood and Marrow Transplantation","Eder S, Labopin M, Arcese W, Or R, Majolino I, Bacigalupo A, de Rosa G, Volin L, Beelen D, Veelken H, Schaap NP, Kuball J, Cornelissen J, Nagler A, Mohty M; Acute Leukemia Working Party.","Eur J Haematol. 2016 Jan;96(1):90-7. doi: 10.1111/ejh.12553. Epub 2015 Apr 21.","Eder S","Eur J Haematol","2016","2015/03/27","","","10.1111/ejh.12553"
"32227210","Checkpoint inhibition before haploidentical transplantation with posttransplant cyclophosphamide in Hodgkin lymphoma","De Philippis C, Legrand-Izadifar F, Bramanti S, Giordano L, Montes de Oca C, Duléry R, Bouabdallah R, Granata A, Devillier R, Mariotti J, Sarina B, Harbi S, Maisano V, Furst S, Pagliardini T, Weiller PJ, Lemarie C, Calmels B, Chabannon C, Santoro A, Mohty M, Blaise D, Castagna L.","Blood Adv. 2020 Apr 14;4(7):1242-1249. doi: 10.1182/bloodadvances.2019001336.","De Philippis C","Blood Adv","2020","2020/04/01","PMC7160255","","10.1182/bloodadvances.2019001336"
"26551778","T-replete haploidentical allogeneic transplantation using post-transplantation cyclophosphamide in advanced AML and myelodysplastic syndromes","Devillier R, Bramanti S, Fürst S, Sarina B, El-Cheikh J, Crocchiolo R, Granata A, Chabannon C, Morabito L, Harbi S, Faucher C, Santoro A, Weiller PJ, Vey N, Carlo-Stella C, Castagna L, Blaise D.","Bone Marrow Transplant. 2016 Feb;51(2):194-8. doi: 10.1038/bmt.2015.270. Epub 2015 Nov 9.","Devillier R","Bone Marrow Transplant","2016","2015/11/10","","","10.1038/bmt.2015.270"
"34954296","Risk Factors for Early Cytomegalovirus Reactivation and Impact of Early Cytomegalovirus Reactivation on Clinical Outcomes after T Cell-Replete Haploidentical Transplantation with Post-Transplantation Cyclophosphamide","Mariotti J, Legrand F, Furst S, Giordano L, Magri F, Richiardi L, Granata A, De Philippis C, Maisano V, Faraci D, Sarina B, Giaccone L, Harbi S, Mannina D, Valli V, Tordato F, Mineri R, Bramanti S, Santoro A, Bruno B, Devillier R, Blaise D, Castagna L.","Transplant Cell Ther. 2022 Mar;28(3):169.e1-169.e9. doi: 10.1016/j.jtct.2021.12.014. Epub 2021 Dec 23.","Mariotti J","Transplant Cell Ther","2022","2021/12/26","","","10.1016/j.jtct.2021.12.014"
"25879376","Non-total body irradiation myeloablative conditioning with intravenous busulfan and cyclophosphamide in hematopoietic stem cell transplantation for malignant infantile osteopetrosis","Behfar M, Dehghani SS, Hosseini AS, Jalali A, Hamidieh AA, Ghavamzadeh A.","Pediatr Transplant. 2015 Jun;19(4):422-7. doi: 10.1111/petr.12476. Epub 2015 Apr 16.","Behfar M","Pediatr Transplant","2015","2015/04/17","","","10.1111/petr.12476"
"29325312","[Outcomes of alternative donor allogeneic hematopoietic stem cell transplantation for Fanconi anemia: a five cases report]","Wang WJ, Sun YQ, Tang FF, Han TT, Mo XD, Wang JZ, Zhang XH, Huang XJ, Xu LP.","Zhonghua Nei Ke Za Zhi. 2018 Jan 1;57(1):54-56. doi: 10.3760/cma.j.issn.0578-1426.2018.01.010.","Wang WJ","Zhonghua Nei Ke Za Zhi","2018","2018/01/12","","","10.3760/cma.j.issn.0578-1426.2018.01.010"
"27480651","[Comparison of intensified myeloablative conditioning regime without antithymocytic globulin (ATG) with myeloablative conditioning regime for single-unit unrelated umbilical cord blood transplantation in hematological malignancies]","Sun ZM, Liu HL, Wu Y, Geng LQ, Zheng CC, Tang BL, Zhu XY, Tong J, Wang XB, Ding KY, Wan X, Zhang L, Yao W, Zhang XH, Han YS, Yang HZ, Liu X, Zhu WW, Wu JS, Wang ZY.","Zhonghua Yi Xue Za Zhi. 2016 Jul 26;96(28):2214-9. doi: 10.3760/cma.j.issn.0376-2491.2016.28.003.","Sun ZM","Zhonghua Yi Xue Za Zhi","2016","2016/08/03","","","10.3760/cma.j.issn.0376-2491.2016.28.003"
"30305499","[Treatment strategy for acquired aplastic anemia]","Yamazaki H.","Rinsho Ketsueki. 2018;59(10):1969-1978. doi: 10.11406/rinketsu.59.1969.","Yamazaki H","Rinsho Ketsueki","2018","2018/10/12","","","10.11406/rinketsu.59.1969"
"35083501","Effects of cyclophosphamide related genetic variants on clinical outcomes of adult hematopoietic cell transplant patients","Takahashi T, Pearson R, Cao Q, Scheibner A, Sanghavi K, Weisdorf D, Brunstein C, Rogosheske J, Bachanova V, Warlick ED, Wiseman A, Jacobson PA.","Cancer Chemother Pharmacol. 2022 Apr;89(4):543-549. doi: 10.1007/s00280-021-04389-w. Epub 2022 Jan 27.","Takahashi T","Cancer Chemother Pharmacol","2022","2022/01/27","","","10.1007/s00280-021-04389-w"
"25824692","Alternative donor hematopoietic cell transplantation for Fanconi anemia","MacMillan ML, DeFor TE, Young JA, Dusenbery KE, Blazar BR, Slungaard A, Zierhut H, Weisdorf DJ, Wagner JE.","Blood. 2015 Jun 11;125(24):3798-804. doi: 10.1182/blood-2015-02-626002. Epub 2015 Mar 30.","MacMillan ML","Blood","2015","2015/04/01","PMC4463740","","10.1182/blood-2015-02-626002"
"23274355","Allo-HSCT for acute leukemia of ambiguous lineage in adults: the comparison between standard conditioning and intensified conditioning regimens","Liu QF, Fan ZP, Wu MQ, Sun J, Wu XL, Xu D, Jiang QL, Zhang Y, Huang F, Wei YQ, Zhao J, Yu GP, Meng FY.","Ann Hematol. 2013 May;92(5):679-87. doi: 10.1007/s00277-012-1662-4. Epub 2012 Dec 30.","Liu QF","Ann Hematol","2013","2013/01/01","","","10.1007/s00277-012-1662-4"
"29790457","Comparison of Different Conditioning Regimens of Haploidentical Hematopoietic Stem Cell Transplant in Patients With Acute Myeloid Leukemia","Jiang Y, Fang X, Sui X, Liu X, Li Y, Wang X, Xu H, Zhang L, Wang X.","Exp Clin Transplant. 2018 Dec;16(6):736-744. doi: 10.6002/ect.2017.0100. Epub 2018 May 23.","Jiang Y","Exp Clin Transplant","2018","2018/05/24","","","10.6002/ect.2017.0100"
"21963618","Upfront allogeneic blood stem cell transplantation for patients with high-risk myelodysplastic syndrome or secondary acute myeloid leukemia using a FLAMSA-based high-dose sequential conditioning regimen","Saure C, Schroeder T, Zohren F, Groten A, Bruns I, Czibere A, Galonska L, Kondakci M, Weigelt C, Fenk R, Germing U, Haas R, Kobbe G.","Biol Blood Marrow Transplant. 2012 Mar;18(3):466-72. doi: 10.1016/j.bbmt.2011.09.006. Epub 2011 Sep 29.","Saure C","Biol Blood Marrow Transplant","2012","2011/10/04","","","10.1016/j.bbmt.2011.09.006"
"28494646","A Randomized Study Comparing Stem Cell Transplantation Versus Conventional Therapy for Low- and Intermediate-Risk Myelodysplastic Syndromes Patients","Yu ZP, Ding JH, Sun AN, Ge Z, Chen BA, Wu DP.","Stem Cells Dev. 2017 Aug 1;26(15):1132-1139. doi: 10.1089/scd.2017.0031. Epub 2017 Jun 12.","Yu ZP","Stem Cells Dev","2017","2017/05/13","","","10.1089/scd.2017.0031"
"35241283","Haploidentical hematopoietic stem cell transplantation in pediatric and adolescent patients: A study of the Spanish hematopoietic stem cell transplantation group (GETH)","Ochoa-Fernández B, Galán-Gómez V, Mestre C, González-Vicent M, Pascual A, Alonso L, Regueiro A, Plaza M, Pérez Hurtado JM, Benito A, Fuster JL, Bueno D, Mozo Y, Vicario JL, Balas A, Sisinni L, Díaz de Heredia C, Pérez-Martínez A.","Med Clin (Barc). 2022 Nov 11;159(9):411-419. doi: 10.1016/j.medcli.2022.01.009. Epub 2022 Feb 28.","Ochoa-Fernández B","Med Clin (Barc)","2022","2022/03/04","","","10.1016/j.medcli.2022.01.009"
"37626859","Autoimmune Limbic Encephalitis in Patients with Hematologic Malignancies after Haploidentical Hematopoietic Stem Cell Transplantation with Post-Transplant Cyclophosphamide","Heo BY, Lee MW, Choi S, Jung Y, Pham TTD, Jang Y, Park JH, Kang S, Koh JS, Jo DY, Kwon J, Song IC.","Cells. 2023 Aug 11;12(16):2049. doi: 10.3390/cells12162049.","Heo BY","Cells","2023","2023/08/26","PMC10453524","","10.3390/cells12162049"
"39002862","Allogeneic Hematopoietic Cell Transplant For Bone Marrow Failure or Myelodysplastic Syndrome in Dyskeratosis Congenita/Telomere Biology Disorders: Single-Center, Single-Arm, Open-Label Trial of Reduced-Intensity Conditioning Without Radiation","Dimitrov M, Merkle S, Cao Q, Tryon RK, Vercellotti GM, Holtan SG, Kao RL, Srikanthan M, Terezakis SA, Tolar J, Ebens CL.","Transplant Cell Ther. 2024 Oct;30(10):1005.e1-1005.e17. doi: 10.1016/j.jtct.2024.07.007. Epub 2024 Jul 11.","Dimitrov M","Transplant Cell Ther","2024","2024/07/13","","","10.1016/j.jtct.2024.07.007"
"23103678","Allo-SCT using BU, CY and melphalan for children with AML in second CR","Beier R, Albert MH, Bader P, Borkhardt A, Creutzig U, Eyrich M, Ehlert K, Gruhn B, Greil J, Handgretinger R, Holter W, Klingebiel T, Kremens B, Lang P, Mauz-Körholz C, Meisel R, Müller I, Peters C, Reinhardt D, Sedlacek P, Schulz A, Schuster FR, Schrauder A, Strahm B, Sykora KW, Wössmann W, Zimmermann M, Sauer MG.","Bone Marrow Transplant. 2013 May;48(5):651-6. doi: 10.1038/bmt.2012.204. Epub 2012 Oct 29.","Beier R","Bone Marrow Transplant","2013","2012/10/30","","","10.1038/bmt.2012.204"
"24317131","Impact on long-term OS of conditioning regimen in allogeneic BMT for children with AML in first CR: TBI+CY versus BU+CY: a report from the Société Française de Greffe de Moelle et de Thérapie Cellulaire","de Berranger E, Cousien A, Petit A, Peffault de Latour R, Galambrun C, Bertrand Y, Salmon A, Rialland F, Rohrlich PS, Vannier JP, Lutz P, Yakouben K, Duhamel A, Bruno B, Michel G, Dalle JH.","Bone Marrow Transplant. 2014 Mar;49(3):382-8. doi: 10.1038/bmt.2013.185. Epub 2013 Dec 9.","de Berranger E","Bone Marrow Transplant","2014","2013/12/10","","","10.1038/bmt.2013.185"
"21804612","Outcomes of a 1-day nonmyeloablative salvage regimen for patients with primary graft failure after allogeneic hematopoietic cell transplantation","Kanda J, Horwitz ME, Long GD, Gasparetto C, Sullivan KM, Chute JP, Morris A, Hennig T, Li Z, Chao NJ, Rizzieri DA.","Bone Marrow Transplant. 2012 May;47(5):700-5. doi: 10.1038/bmt.2011.158. Epub 2011 Aug 1.","Kanda J","Bone Marrow Transplant","2012","2011/08/02","PMC3214602","NIHMS308083","10.1038/bmt.2011.158"
"37335960","Busulfan Plus Fludarabine Compared With Busulfan Plus Cyclophosphamide for AML Undergoing HLA-Haploidentical Hematopoietic Cell Transplantation: A Multicenter Randomized Phase III Trial","Ling Y, Xuan L, Xu N, Huang F, Fan Z, Guo Z, Xu X, Liu H, Lin R, Yu S, Zhang H, Jin H, Wu M, Liu C, Liang X, Ou R, Zhang Y, Liu X, Qu H, Zhai X, Sun J, Zhao Y, Liu Q.","J Clin Oncol. 2023 Oct 10;41(29):4632-4642. doi: 10.1200/JCO.23.00101. Epub 2023 Jun 19.","Ling Y","J Clin Oncol","2023","2023/06/19","","","10.1200/JCO.23.00101"
"32342134","Absence of influence of peripheral blood CD34+ and CD3+ graft cell counts on outcomes after reduced-intensity conditioning transplantation using post-transplant cyclophosphamide","Garnier A, Guillaume T, Peterlin P, Le Bourgeois A, Mahé B, Dubruille V, Blin N, Touzeau C, Gastinne T, Lok A, Tessoulin B, Duquesne A, Eveillard M, Le Gouill S, Moreau P, Béné MC, Chevallier P.","Ann Hematol. 2020 Jun;99(6):1341-1350. doi: 10.1007/s00277-020-04031-4. Epub 2020 Apr 28.","Garnier A","Ann Hematol","2020","2020/04/29","","","10.1007/s00277-020-04031-4"
"21384251","Allogeneic haematopoietic stem cell transplantation as therapy for chronic granulomatous disease--single centre experience","Goździk J, Pituch-Noworolska A, Skoczeń S, Czogała W, Wędrychowicz A, Baran J, Krasowska-Kwiecień A, Wiecha O, Zembala M.","J Clin Immunol. 2011 Jun;31(3):332-7. doi: 10.1007/s10875-011-9513-y. Epub 2011 Mar 9.","Goździk J","J Clin Immunol","2011","2011/03/09","PMC3132392","","10.1007/s10875-011-9513-y"
"21658623","Allogeneic stem cell transplantation in follicular lymphoma","Khouri IF.","Best Pract Res Clin Haematol. 2011 Jun;24(2):271-7. doi: 10.1016/j.beha.2011.03.008. Epub 2011 May 5.","Khouri IF","Best Pract Res Clin Haematol","2011","2011/06/11","PMC4371582","NIHMS665151","10.1016/j.beha.2011.03.008"
"36097283","Incidence of subsequent malignancies after total body irradiation-based allogeneic HSCT in children with ALL - long-term follow-up from the prospective ALL-SCT 2003 trial","Eichinger A, Poetschger U, Glogova E, Bader P, Basu O, Beier R, Burkhardt B, Classen CF, Claviez A, Corbacioglu S, Deubzer HE, Greil J, Gruhn B, Güngör T, Kafa K, Kühl JS, Lang P, Lange BS, Meisel R, Müller I, Sauer MG, Schlegel PG, Schulz A, Stachel D, Strahm B, Wawer A, Peters C, Albert MH.","Leukemia. 2022 Nov;36(11):2567-2576. doi: 10.1038/s41375-022-01693-z. Epub 2022 Sep 12.","Eichinger A","Leukemia","2022","2022/09/13","PMC9613465","","10.1038/s41375-022-01693-z"
"32537680","Irradiation free conditioning regimen is associated with high relapse rate in Egyptian patients with acute lymphoblastic leukemia following allogeneic hematopoietic stem cell transplantation","Abdelaty MM, Gawaly A, Fathy GM, Kabbash I, Taha A.","J Egypt Natl Canc Inst. 2020 Jun 15;32(1):28. doi: 10.1186/s43046-020-00042-4.","Abdelaty MM","J Egypt Natl Canc Inst","2020","2020/06/16","","","10.1186/s43046-020-00042-4"
"34741096","Long-term survival with mixed chimerism in patients with AML and MDS transplanted after conditioning with targeted busulfan, fludarabine, and thymoglobulin","Yeh AC, O'Donnell PV, Schoch G, Martin PJ, McFarland C, McCune JS, Cooper JP, Doney K, Flowers MED, Sorror ML, Appelbaum FR, Storer BE, Gooley T, Deeg HJ.","Bone Marrow Transplant. 2022 Feb;57(2):198-206. doi: 10.1038/s41409-021-01518-0. Epub 2021 Nov 5.","Yeh AC","Bone Marrow Transplant","2022","2021/11/06","PMC9112834","NIHMS1797045","10.1038/s41409-021-01518-0"
"38537062","Late cytomegalovirus disease after hematopoietic cell transplantation: significance of novel transplantation techniques","Sadowska-Klasa A, Özkök S, Xie H, Leisenring W, Zamora D, Seo S, Sheldon J, Lee SJ, Jerome KR, Green ML, Boeckh M.","Blood Adv. 2024 Jul 23;8(14):3639-3651. doi: 10.1182/bloodadvances.2023012175.","Sadowska-Klasa A","Blood Adv","2024","2024/03/27","PMC11284709","","10.1182/bloodadvances.2023012175"
"25307958","""No donor""? Consider a haploidentical transplant","Ciurea SO, Bayraktar UD.","Blood Rev. 2015 Mar;29(2):63-70. doi: 10.1016/j.blre.2014.09.009. Epub 2014 Sep 30.","Ciurea SO","Blood Rev","2015","2014/10/14","PMC4379127","NIHMS663327","10.1016/j.blre.2014.09.009"
"30060329","[Clinical outcome of allogeneic hematopoietic stem cell transplantation with FLAG sequential busulfan/cyclophosphamide conditioning regimen for refractory/relapsed acute myeloid leukemia]","Liu W, Li Y, Qiu ZX, Yin Y, Sun YH, Xu WL, Wang Q, Liang ZY, Dong YJ, Wang LH, Cen QN, Wang MJ, Wang WS, Ou JP, Ren HY.","Zhonghua Nei Ke Za Zhi. 2018 Aug 1;57(8):576-581. doi: 10.3760/cma.j.issn.0578-1426.2018.08.008.","Liu W","Zhonghua Nei Ke Za Zhi","2018","2018/07/31","","","10.3760/cma.j.issn.0578-1426.2018.08.008"
"22364121","Successful treatment with pulse cyclophosphamide of a steroid-refractory hepatitic variant of liver acute graft-vs.-host disease in a child","Kawahara Y, Morimoto A, Masuzawa A, Ikeda T, Hayase T, Kashii Y, Nozaki Y, Kanai N, Momoi MY.","Pediatr Transplant. 2012 Nov;16(7):E315-9. doi: 10.1111/j.1399-3046.2012.01664.x. Epub 2012 Feb 26.","Kawahara Y","Pediatr Transplant","2012","2012/02/28","","","10.1111/j.1399-3046.2012.01664.x"
"21441957","Idarubicin-intensified BUCY2 regimens may lower relapse rate and improve survival in patients undergoing allo-SCT for high-risk hematological malignancies: a retrospective analysis","Hong M, Wu Q, Hu C, Fang J, You Y, Zhong Z, Zou P, Hu Y, Xia L.","Bone Marrow Transplant. 2012 Feb;47(2):196-202. doi: 10.1038/bmt.2011.66. Epub 2011 Mar 28.","Hong M","Bone Marrow Transplant","2012","2011/03/29","","","10.1038/bmt.2011.66"
"36066376","Umbilical cord blood: an undervalued and underutilized resource in allogeneic hematopoietic stem cell transplant and novel cell therapy applications","Shi PA, Luchsinger LL, Greally JM, Delaney CS.","Curr Opin Hematol. 2022 Nov 1;29(6):317-326. doi: 10.1097/MOH.0000000000000732. Epub 2022 Aug 29.","Shi PA","Curr Opin Hematol","2022","2022/09/06","PMC9547826","NIHMS1819150","10.1097/MOH.0000000000000732"
"28807769","Reduced-Intensity Haploidentical Bone Marrow Transplantation with Post-Transplant Cyclophosphamide for Solid Tumors in Pediatric and Young Adult Patients","Llosa NJ, Cooke KR, Chen AR, Gamper CJ, Klein OR, Zambidis ET, Luber B, Rosner G, Siegel N, Holuba MJ, Robey N, Hayashi M, Jones RJ, Fuchs E, Holdhoff M, Loeb DM, Symons HJ.","Biol Blood Marrow Transplant. 2017 Dec;23(12):2127-2136. doi: 10.1016/j.bbmt.2017.08.012. Epub 2017 Aug 12.","Llosa NJ","Biol Blood Marrow Transplant","2017","2017/08/16","PMC5986177","NIHMS965864","10.1016/j.bbmt.2017.08.012"
"33781529","Outpatient Haploidentical Stem Cell Transplantation Using Post-Transplant Cyclophosphamide Is Safe and Feasible","Colunga-Pedraza PR, Gómez-De León A, Rodríguez-Roque CS, Morcos-Sandino M, Colunga-Pedraza JE, Cantú-Rodriguez OG, Gutiérrez-Aguirre CH, Gómez-Almaguer D.","Transplant Cell Ther. 2021 Mar;27(3):259.e1-259.e6. doi: 10.1016/j.jtct.2020.12.006. Epub 2020 Dec 16.","Colunga-Pedraza PR","Transplant Cell Ther","2021","2021/03/30","","","10.1016/j.jtct.2020.12.006"
"37341460","Assessment of Stem Cell Transplant Eligibility in Recipients with Oral Foci of Infection: Appropriate Conditioning Regimens","Boga C, Sisli SN, Bahar AR, Tamer Y, Kasar M, Bascil S, Ozdogu H, Asma S, Demiroglu YZ, Yeral M.","Exp Clin Transplant. 2023 Aug;21(8):691-700. doi: 10.6002/ect.2022.0335. Epub 2023 Jun 13.","Boga C","Exp Clin Transplant","2023","2023/06/21","","","10.6002/ect.2022.0335"
"32554562","Comparison of total body irradiation versus non-total body irradiation containing regimens for de novo acute myeloid leukemia in children","Dandoy CE, Davies SM, Woo Ahn K, He Y, Kolb AE, Levine J, Bo-Subait S, Abdel-Azim H, Bhatt N, Chewning J, Gadalla S, Gloude N, Hayashi R, Lalefar NR, Law J, MacMillan M, O'Brien T, Prestidge T, Sharma A, Shaw P, Winestone L, Eapen M.","Haematologica. 2021 Jul 1;106(7):1839-1845. doi: 10.3324/haematol.2020.249458.","Dandoy CE","Haematologica","2021","2020/06/20","PMC8252927","","10.3324/haematol.2020.249458"
"24942362","Clofarabine/cyclophosphamide for debulking before stem cell transplantation","Rabitsch W, Böhm A, Bojic M, Schellongowski P, Wöhrer S, Sliwa T, Keil F, Worel N, Greinix H, Hauswirth A, Kalhs P, Jaeger U, Valent P, Sperr WR.","Eur J Clin Invest. 2014 Aug;44(8):775-83. doi: 10.1111/eci.12294.","Rabitsch W","Eur J Clin Invest","2014","2014/06/20","","","10.1111/eci.12294"
"26860636","Feasibility and Outcome of Haploidentical Hematopoietic Stem Cell Transplantation with Post-Transplant High-Dose Cyclophosphamide for Children and Adolescents with Hematologic Malignancies: An AIEOP-GITMO Retrospective Multicenter Study","Berger M, Lanino E, Cesaro S, Zecca M, Vassallo E, Faraci M, De Bortoli M, Barat V, Prete A, Fagioli F.","Biol Blood Marrow Transplant. 2016 May;22(5):902-9. doi: 10.1016/j.bbmt.2016.02.002. Epub 2016 Feb 6.","Berger M","Biol Blood Marrow Transplant","2016","2016/02/11","","","10.1016/j.bbmt.2016.02.002"
"20608964","Progress in allogeneic transplantation for multiple myeloma","Gahrton G.","Eur J Haematol. 2010 Oct;85(4):279-89. doi: 10.1111/j.1600-0609.2010.01495.x.","Gahrton G","Eur J Haematol","2010","2010/07/09","","","10.1111/j.1600-0609.2010.01495.x"
"25661259","Clinical comparison of weight- and age-based strategy of dose administration in children receiving intravenous busulfan for hematopoietic stem cell transplantation","Gürlek Gökçebay D, Azik F, Ozbek N, Isik P, Avci Z, Tavil B, Kara A, Tunc B.","Pediatr Transplant. 2015 May;19(3):307-15. doi: 10.1111/petr.12430. Epub 2015 Feb 9.","Gürlek Gökçebay D","Pediatr Transplant","2015","2015/02/10","","","10.1111/petr.12430"
"38900303","Chidamide combined with a modified Bu-Cy conditioning regimen improves survival in patients with T-cell acute lymphoblastic leukemia/lymphoma undergoing allogeneic hematopoietic stem cell transplantation","Cao X, Li Z, Zhang Y, Cui Q, Dai H, Ma Y, Li M, Chen S, Yin J, Cui W, Chen J, Sun A, Qiu H, Chen S, Zhu X, Andersson BS, Wu D, Tang X.","Ann Hematol. 2024 Aug;103(8):3083-3093. doi: 10.1007/s00277-024-05849-y. Epub 2024 Jun 20.","Cao X","Ann Hematol","2024","2024/06/20","PMC11283404","","10.1007/s00277-024-05849-y"
"21699453","Allogeneic hematopoietic cell transplant for peripheral T-cell non-Hodgkin lymphoma results in long-term disease control","Zain J, Palmer JM, Delioukina M, Thomas S, Tsai NC, Nademanee A, Popplewell L, Gaal K, Senitzer D, Kogut N, O'Donnell M, Forman SJ.","Leuk Lymphoma. 2011 Aug;52(8):1463-73. doi: 10.3109/10428194.2011.574754. Epub 2011 Jun 24.","Zain J","Leuk Lymphoma","2011","2011/06/25","PMC3441144","NIHMS400248","10.3109/10428194.2011.574754"
"32715339","Cyclophosphamide for salvage therapy of chronic graft-versus-host disease: a retrospective analysis","Fante MA, Holler B, Weber D, Angstwurm K, Bergler T, Holler E, Edinger M, Herr W, Wertheimer T, Wolff D.","Ann Hematol. 2020 Sep;99(9):2181-2190. doi: 10.1007/s00277-020-04193-1. Epub 2020 Jul 26.","Fante MA","Ann Hematol","2020","2020/07/28","PMC7419371","","10.1007/s00277-020-04193-1"
"37356981","[Clinical analysis of 76 patients with severe aplastic anemia treated with haploid hematopoietic stem cell transplantation]","Zhang Y, Zhang GX, Pang AM, Yang DL, Zhang RL, Zhai WH, Wei JL, He Y, Jiang EL, Feng SZ, Han MZ.","Zhonghua Xue Ye Xue Za Zhi. 2023 Mar 14;44(3):202-210. doi: 10.3760/cma.j.issn.0253-2727.2023.03.005.","Zhang Y","Zhonghua Xue Ye Xue Za Zhi","2023","2023/06/25","PMC10119725","","10.3760/cma.j.issn.0253-2727.2023.03.005"
"22180425","Long-term follow up after allogeneic stem cell transplantation in patients with severe aplastic anemia after cyclophosphamide plus antithymocyte globulin conditioning","Konopacki J, Porcher R, Robin M, Bieri S, Cayuela JM, Larghero J, Xhaard A, Andreoli AL, Dhedin N, Petropoulou A, Rodriguez-Otero P, Ribaud P, Moins-Teisserenc H, Carmagnat M, Toubert A, Chalandon Y, Socie G, Peffault de Latour R.","Haematologica. 2012 May;97(5):710-6. doi: 10.3324/haematol.2011.050096. Epub 2011 Dec 16.","Konopacki J","Haematologica","2012","2011/12/20","PMC3342973","","10.3324/haematol.2011.050096"
"20139025","Long-term follow-up of an intensified myeloablative conditioning regimen with in vivo T cell depletion followed by allografting in patients with advanced multiple myeloma","Kröger N, Einsele H, Derigs G, Wandt H, Krüll A, Zander A.","Biol Blood Marrow Transplant. 2010 Jun;16(6):861-4. doi: 10.1016/j.bbmt.2010.01.018. Epub 2010 Feb 6.","Kröger N","Biol Blood Marrow Transplant","2010","2010/02/09","","","10.1016/j.bbmt.2010.01.018"
"25017764","Prognostic biomarkers for acute graft-versus-host disease risk after cyclophosphamide-fludarabine nonmyeloablative allotransplantation","Nelson RP Jr, Khawaja MR, Perkins SM, Elmore L, Mumaw CL, Orschell C, Paczesny S.","Biol Blood Marrow Transplant. 2014 Nov;20(11):1861-4. doi: 10.1016/j.bbmt.2014.06.039. Epub 2014 Jul 10.","Nelson RP Jr","Biol Blood Marrow Transplant","2014","2014/07/15","PMC4194218","NIHMS629845","10.1016/j.bbmt.2014.06.039"
"25318948","Successful treatment of Rituximab-resistant Epstein-Barr virus-associated post-transplant lymphoproliferative disorder using R-CHOP","Kuriyama T, Kawano N, Yamashita K, Ueda A.","J Clin Exp Hematop. 2014;54(2):149-53. doi: 10.3960/jslrt.54.149.","Kuriyama T","J Clin Exp Hematop","2014","2014/10/17","","","10.3960/jslrt.54.149"
"32469077","COVID-19 in bone marrow transplant recipients: reflecting on a single centre experience","Kanellopoulos A, Ahmed MZ, Kishore B, Lovell R, Horgan C, Paneesha S, Lloyd R, Salhan B, Giles H, Chauhan S, Venkatadasari I, Khakwani M, Murthy V, Xenou E, Dassanayake H, Srinath S, Kaparou M, Nikolousis E.","Br J Haematol. 2020 Jul;190(2):e67-e70. doi: 10.1111/bjh.16856. Epub 2020 Jun 23.","Kanellopoulos A","Br J Haematol","2020","2020/05/30","PMC7283684","","10.1111/bjh.16856"
"26200635","Idiopathic Pneumonia Syndrome and Thrombotic Microangiopathy Following Nonmyeloablative Haploidentical Peripheral Blood Stem Cell Transplantation and Posttransplant Cyclophosphamide: A Case Report","Liu WH, Chen WT, Fang LH, Chen RL.","Medicine (Baltimore). 2015 Jul;94(29):e1200. doi: 10.1097/MD.0000000000001200.","Liu WH","Medicine (Baltimore)","2015","2015/07/23","PMC4602997","","10.1097/MD.0000000000001200"
"41309435","Adenovirus infection in adult allogeneic hematopoietic stem cell transplant recipients: Systematic review and meta-analysis","Ullah N, Muccio M, Bartalucci C, Balletto E, Sepulcri C, Cerchiaro M, Bassetti M, Mikulska M.","Blood Rev. 2026 Jan;75:101352. doi: 10.1016/j.blre.2025.101352. Epub 2025 Nov 17.","Ullah N","Blood Rev","2026","2025/11/27","","","10.1016/j.blre.2025.101352"
"34777342","CMV Infection and CMV-Specific Immune Reconstitution Following Haploidentical Stem Cell Transplantation: An Update","Luo XH, Zhu Y, Chen YT, Shui LP, Liu L.","Front Immunol. 2021 Oct 28;12:732826. doi: 10.3389/fimmu.2021.732826. eCollection 2021.","Luo XH","Front Immunol","2021","2021/11/15","PMC8580860","","10.3389/fimmu.2021.732826"
"34489555","Fludarabine/busulfan versus busulfan/cyclophosphamide as myeloablative conditioning for myelodysplastic syndrome: a propensity score-matched analysis","Kurosawa S, Shimomura Y, Itonaga H, Najima Y, Kobayashi T, Ozawa Y, Kanda Y, Kako S, Kawakita T, Matsuoka KI, Maruyama Y, Ota S, Nakazawa H, Imada K, Kanda J, Fukuda T, Atsuta Y, Aoki J.","Bone Marrow Transplant. 2021 Dec;56(12):3008-3015. doi: 10.1038/s41409-021-01447-y. Epub 2021 Sep 7.","Kurosawa S","Bone Marrow Transplant","2021","2021/09/07","","","10.1038/s41409-021-01447-y"
"33469191","Hematopoietic cell transplant in pediatric acute myeloid leukemia after similar upfront therapy; a comparison of conditioning regimens","Versluys AB, Boelens JJ, Pronk C, Lankester A, Bordon V, Buechner J, Ifversen M, Jackmann N, Sundin M, Vettenranta K, Abrahamsson J, Mellgren K.","Bone Marrow Transplant. 2021 Jun;56(6):1426-1432. doi: 10.1038/s41409-020-01201-w. Epub 2021 Jan 19.","Versluys AB","Bone Marrow Transplant","2021","2021/01/20","","","10.1038/s41409-020-01201-w"
"21460603","Cyclophosphamide plus total body irradiation compared with busulfan plus cyclophosphamide as a conditioning regimen prior to hematopoietic stem cell transplantation in patients with leukemia: a systematic review and meta-analysis","Gupta T, Kannan S, Dantkale V, Laskar S.","Hematol Oncol Stem Cell Ther. 2011;4(1):17-29. doi: 10.5144/1658-3876.2011.17.","Gupta T","Hematol Oncol Stem Cell Ther","2011","2011/04/05","","","10.5144/1658-3876.2011.17"
"22336644","Comparison of new flu-bu12-tg conditioning with the standard bu-cy myeloablative regimen in patients undergoing allogeneic stem cell transplantation for acute myeloid leukemia","Raida L, Tucek P, Faber E, Vondrakova J, Rusinakova Z, Skoumalova I, Hubacek J, Jarosova M, Katrincsakova B, Pikalova Z, Kurfurst P, Indrak K.","Biomed Pap Med Fac Univ Palacky Olomouc Czech Repub. 2011 Dec;155(4):327-32. doi: 10.5507/bp.2011.040.","Raida L","Biomed Pap Med Fac Univ Palacky Olomouc Czech Repub","2011","2012/02/17","","","10.5507/bp.2011.040"
"34656808","Bloodstream Infections and Outcomes Following Allogeneic Hematopoietic Cell Transplantation: A Single-Center Study","Carreira AS, Salas MQ, Remberger M, Basso IN, Law AD, Lam W, Pasic I, Kim D, Michelis FV, Viswabandya A, Gerbitz A, Lipton JH, Husain S, Kumar R, Mattsson J.","Transplant Cell Ther. 2022 Jan;28(1):50.e1-50.e8. doi: 10.1016/j.jtct.2021.10.008. Epub 2021 Oct 14.","Carreira AS","Transplant Cell Ther","2022","2021/10/17","","","10.1016/j.jtct.2021.10.008"
"36700195","Partially replacing cyclophosphamide with bendamustine in combination with cyclosporine A improves survival and reduces xenogeneic graft-versus-host-disease","Gilman KE, Cracchiolo MJ, Matiatos AP, Davini DW, Simpson RJ, Katsanis E.","Front Immunol. 2023 Jan 9;13:1045710. doi: 10.3389/fimmu.2022.1045710. eCollection 2022.","Gilman KE","Front Immunol","2023","2023/01/26","PMC9868157","","10.3389/fimmu.2022.1045710"
"35781894","Busulfan and cyclophosphamide-based conditioning regimen still holds the promise of being a safe and efficacious regimen for allogeneic transplantation in patients with transfusion-dependent thalassemia, even in high risk","Mehta P, Kapoor J, Singh A, Yadav N, Singh R, Halder R, Verma M, Agrawal N, Ahmed R, Bhurani D.","Eur J Haematol. 2022 Nov;109(5):447-457. doi: 10.1111/ejh.13825. Epub 2022 Jul 26.","Mehta P","Eur J Haematol","2022","2022/07/05","","","10.1111/ejh.13825"
"29981849","Favorable Outcome of Post-Transplantation Cyclophosphamide Haploidentical Peripheral Blood Stem Cell Transplantation with Targeted Busulfan-Based Myeloablative Conditioning Using Intensive Pharmacokinetic Monitoring in Pediatric Patients","Hong KT, Kang HJ, Choi JY, Hong CR, Cheon JE, Park JD, Park KD, Song SH, Yu KS, Jang IJ, Shin HY.","Biol Blood Marrow Transplant. 2018 Nov;24(11):2239-2244. doi: 10.1016/j.bbmt.2018.06.034. Epub 2018 Jul 6.","Hong KT","Biol Blood Marrow Transplant","2018","2018/07/09","","","10.1016/j.bbmt.2018.06.034"
"31468122","Reduced intensity conditioning regimens including alkylating chemotherapy do not alter survival outcomes after allogeneic hematopoietic cell transplantation in chronic lymphocytic leukemia compared to low-intensity non-myeloablative conditioning","Andersen NS, Bornhäuser M, Gramatzki M, Dreger P, Vitek A, Karas M, Michallet M, Moreno C, van Gelder M, Henseler A, de Wreede LC, Schönland S, Kröger N, Schetelig J; CLL subcommittee, Chronic Malignancies Working Party.","J Cancer Res Clin Oncol. 2019 Nov;145(11):2823-2834. doi: 10.1007/s00432-019-03014-x. Epub 2019 Aug 29.","Andersen NS","J Cancer Res Clin Oncol","2019","2019/08/31","PMC11810217","","10.1007/s00432-019-03014-x"
"31751770","Reduced-Toxicity (BuFlu) Conditioning Is Better Tolerated but Has a Higher Second Transplantation Rate Compared to Myeloablative Conditioning (BuCy) in Children with Inherited Metabolic Disorders","Gupta A, Downey M, Shanley R, Jennissen C, Miller WP, Lund TC, Orchard PJ, Smith AR.","Biol Blood Marrow Transplant. 2020 Mar;26(3):486-492. doi: 10.1016/j.bbmt.2019.11.014. Epub 2019 Nov 18.","Gupta A","Biol Blood Marrow Transplant","2020","2019/11/22","","","10.1016/j.bbmt.2019.11.014"
"37437765","Interaction Between High-Dose Intravenous Busulfan and Post-Transplantation Cyclophosphamide on Hemorrhagic Cystitis After Allogeneic Hematopoietic Cell Transplantation","Santos Carreira A, Salas MQ, Remberger M, Novitzky-Basso I, Law AD, Lam W, Pasic I, Mazzulli T, Cserti-Gazdewich C, Kim DDH, Michelis FV, Viswabandya A, Gerbitz A, Lipton JH, Kumar R, Hassan M, Mattsson J.","Transplant Cell Ther. 2023 Sep;29(9):581.e1-581.e8. doi: 10.1016/j.jtct.2023.07.007. Epub 2023 Jul 10.","Santos Carreira A","Transplant Cell Ther","2023","2023/07/12","","","10.1016/j.jtct.2023.07.007"
"33512419","A randomized phase 3 trial of autologous vs allogeneic transplantation as part of first-line therapy in poor-risk peripheral T-NHL","Schmitz N, Truemper L, Bouabdallah K, Ziepert M, Leclerc M, Cartron G, Jaccard A, Reimer P, Wagner E, Wilhelm M, Sanhes L, Lamy T, de Leval L, Rosenwald A, Roussel M, Kroschinsky F, Lindemann W, Dreger P, Viardot A, Milpied N, Gisselbrecht C, Wulf G, Gyan E, Gaulard P, Bay JO, Glass B, Poeschel V, Damaj G, Sibon D, Delmer A, Bilger K, Banos A, Haenel M, Dreyling M, Metzner B, Keller U, Braulke F, Friedrichs B, Nickelsen M, Altmann B, Tournilhac O.","Blood. 2021 May 13;137(19):2646-2656. doi: 10.1182/blood.2020008825.","Schmitz N","Blood","2021","2021/01/29","PMC9635528","","10.1182/blood.2020008825"
"23442062","Comparison of total body irradiation plus cyclophosphamide with busulfan plus cyclophosphamide as conditioning regimens in patients with acute lymphoblastic leukemia undergoing allogeneic hematopoietic stem cell transplant","Eroglu C, Pala C, Kaynar L, Yaray K, Aksozen MT, Bankir M, Zararsız G, Orhan O, Gündog M, Yıldız OG, Eser B, Cetin M, Unal A.","Leuk Lymphoma. 2013 Nov;54(11):2474-9. doi: 10.3109/10428194.2013.779691. Epub 2013 Mar 27.","Eroglu C","Leuk Lymphoma","2013","2013/02/28","","","10.3109/10428194.2013.779691"
"20548339","Order of application and liver toxicity in patients given BU and CY containing conditioning regimens for allogeneic hematopoietic SCT","Cantoni N, Gerull S, Heim D, Halter J, Bucher C, Buser A, Tsakiris DA, Passweg J, Tichelli A, Stern M, Gratwohl A.","Bone Marrow Transplant. 2011 Mar;46(3):344-9. doi: 10.1038/bmt.2010.137. Epub 2010 Jun 14.","Cantoni N","Bone Marrow Transplant","2011","2010/06/16","","","10.1038/bmt.2010.137"
"22631696","Phase II study of dose-modified busulfan by real-time targeting in allogeneic hematopoietic stem cell transplantation for myeloid malignancy","Kuwatsuka Y, Kohno A, Terakura S, Saito S, Shimada K, Yasuda T, Inamoto Y, Miyamura K, Sawa M, Murata M, Karasuno T, Taniguchi S, Nagafuji K, Atsuta Y, Suzuki R, Fukumoto M, Naoe T, Morishita Y; Nagoya Blood and Marrow Transplantation Group.","Cancer Sci. 2012 Sep;103(9):1688-94. doi: 10.1111/j.1349-7006.2012.02342.x. Epub 2012 Jul 16.","Kuwatsuka Y","Cancer Sci","2012","2012/05/29","PMC7659230","","10.1111/j.1349-7006.2012.02342.x"
"23270985","Conditioning with purine analogs leads to good engraftment rates of immunodepleted grafts for aplastic anemia","Novitzky N, Thomas V, du Toit C.","Biol Blood Marrow Transplant. 2013 Apr;19(4):584-8. doi: 10.1016/j.bbmt.2012.12.017. Epub 2012 Dec 25.","Novitzky N","Biol Blood Marrow Transplant","2013","2012/12/29","","","10.1016/j.bbmt.2012.12.017"
"23129746","Randomized trial of myeloablative conditioning regimens: busulfan plus cyclophosphamide versus busulfan plus fludarabine","Lee JH, Joo YD, Kim H, Ryoo HM, Kim MK, Lee GW, Lee JH, Lee WS, Park JH, Bae SH, Hyun MS, Kim DY, Kim SD, Min YJ, Lee KH.","J Clin Oncol. 2013 Feb 20;31(6):701-9. doi: 10.1200/JCO.2011.40.2362. Epub 2012 Nov 5.","Lee JH","J Clin Oncol","2013","2012/11/07","","","10.1200/JCO.2011.40.2362"
"35088350","Risk factors and prognosis of non-infectious pulmonary complications after allogeneic hematopoietic stem cell transplantation","Onizuka M, Fujii N, Nakasone H, Ogata M, Atsuta Y, Suzuki R, Uchida N, Ohashi K, Ozawa Y, Eto T, Ikegame K, Nakamae H, Inoue M, Fukuda T; Transplant Complications Working Group of the Japan Society for Hematopoietic Cell Transplantation.","Int J Hematol. 2022 Apr;115(4):534-544. doi: 10.1007/s12185-021-03282-9. Epub 2022 Jan 28.","Onizuka M","Int J Hematol","2022","2022/01/28","","","10.1007/s12185-021-03282-9"
"32717620","Review of conditioning regimens for haplo-identical donor transplants using post-transplant cyclophosphamide in recipients of G-CSF mobilised peripheral stem cell","Patil S, Potter V, Mohty M.","Cancer Treat Rev. 2020 Sep;89:102071. doi: 10.1016/j.ctrv.2020.102071. Epub 2020 Jul 15.","Patil S","Cancer Treat Rev","2020","2020/07/28","","","10.1016/j.ctrv.2020.102071"
"34375618","Comparison of hematopoietic cell transplant conditioning regimens for hemophagocytic lymphohistiocytosis disorders","Marsh RA, Hebert K, Kim S, Dvorak CC, Aquino VM, Baker KS, Chellapandian D, Dávila Saldaña B, Duncan CN, Eckrich MJ, Georges GE, Olson TS, Pulsipher MA, Shenoy S, Stenger E, Lugt MV, Yu LC, Gennery AR, Eapen M.","J Allergy Clin Immunol. 2022 Mar;149(3):1097-1104.e2. doi: 10.1016/j.jaci.2021.07.031. Epub 2021 Aug 8.","Marsh RA","J Allergy Clin Immunol","2022","2021/08/10","PMC8821728","NIHMS1731505","10.1016/j.jaci.2021.07.031"
"28954343","[Improved outcome by optimized conditioning regimens with an increased dose of cyclophosphamide in allogeneic peripheral blood stem cell transplantation for severe aplastic anemia]","Huang Y, He Y, Liu X, Yang DL, Zhang RL, Jiang EL, Ma QL, Wei JL, Feng SZ, Han MZ.","Zhonghua Xue Ye Xue Za Zhi. 2017 Aug 14;38(8):662-666. doi: 10.3760/cma.j.issn.0253-2727.2017.08.003.","Huang Y","Zhonghua Xue Ye Xue Za Zhi","2017","2017/09/28","PMC7348241","","10.3760/cma.j.issn.0253-2727.2017.08.003"
"33965182","Outcomes of Unmanipulated Haploidentical Transplantation Using Post-Transplant Cyclophosphamide (PT-Cy) in Pediatric Patients With Acute Lymphoblastic Leukemia","Ruggeri A, Galimard JE, Paina O, Fagioli F, Tbakhi A, Yesilipek A, Navarro JMF, Faraci M, Hamladji RM, Skorobogatova E, Al-Seraihy A, Sundin M, Herrera C, Rifón J, Dalissier A, Locatelli F, Rocha V, Corbacioglu S.","Transplant Cell Ther. 2021 May;27(5):424.e1-424.e9. doi: 10.1016/j.jtct.2021.01.016. Epub 2021 Jan 21.","Ruggeri A","Transplant Cell Ther","2021","2021/05/09","","","10.1016/j.jtct.2021.01.016"
"30807822","Higher Reported Lung Dose Received During Total Body Irradiation for Allogeneic Hematopoietic Stem Cell Transplantation in Children With Acute Lymphoblastic Leukemia Is Associated With Inferior Survival: A Report from the Children's Oncology Group","Esiashvili N, Lu X, Ulin K, Laurie F, Kessel S, Kalapurakal JA, Merchant TE, Followill DS, Sathiaseelan V, Schmitter MK, Devidas M, Chen Y, Wall DA, Brown PA, Hunger SP, Grupp SA, Pulsipher MA.","Int J Radiat Oncol Biol Phys. 2019 Jul 1;104(3):513-521. doi: 10.1016/j.ijrobp.2019.02.034. Epub 2019 Feb 23.","Esiashvili N","Int J Radiat Oncol Biol Phys","2019","2019/02/27","PMC6548591","NIHMS1525832","10.1016/j.ijrobp.2019.02.034"
"34975916","Case Report: Fatal Complications of BK Virus-Hemorrhagic Cystitis and Severe Cytokine Release Syndrome Following BK Virus-Specific T-Cells","Holland EM, Gonzalez C, Levy E, Valera VA, Chalfin H, Klicka-Skeels J, Yates B, Kleiner DE, Hadigan C, Dave H, Shalabi H, Hickstein DD, Su HC, Grimley M, Freeman AF, Shah NN.","Front Immunol. 2021 Dec 17;12:801281. doi: 10.3389/fimmu.2021.801281. eCollection 2021.","Holland EM","Front Immunol","2021","2022/01/03","PMC8718506","","10.3389/fimmu.2021.801281"
"21848882","A comparison of immune reconstitution and graft-versus-host disease following myeloablative conditioning versus reduced toxicity conditioning and umbilical cord blood transplantation in paediatric recipients","Geyer MB, Jacobson JS, Freedman J, George D, Moore V, van de Ven C, Satwani P, Bhatia M, Garvin JH, Bradley MB, Harrison L, Morris E, Della-Latta P, Schwartz J, Baxter-Lowe LA, Cairo MS.","Br J Haematol. 2011 Oct;155(2):218-34. doi: 10.1111/j.1365-2141.2011.08822.x. Epub 2011 Aug 16.","Geyer MB","Br J Haematol","2011","2011/08/19","PMC3188698","NIHMS312134","10.1111/j.1365-2141.2011.08822.x"
"27076240","[HLA-haploidentical hematopoietic stem cell transplantation: current status and future perspectives]","Fujimoto K, Sugita J, Teshima T.","Rinsho Ketsueki. 2016 Mar;57(3):288-97. doi: 10.11406/rinketsu.57.288.","Fujimoto K","Rinsho Ketsueki","2016","2016/04/15","","","10.11406/rinketsu.57.288"
"33841425","Clinical Utility of the Detection of the Loss of the Mismatched HLA in Relapsed Hematological Patients After Haploidentical Stem Cell Transplantation With High-Dose Cyclophosphamide","Muñiz P, Kwon M, Carbonell D, Chicano M, Bailén R, Oarbeascoa G, Suárez-González J, Andrés-Zayas C, Menárguez J, Dorado N, Gómez-Centurión I, Anguita J, Díez-Martín JL, Martínez-Laperche C, Buño I.","Front Immunol. 2021 Mar 25;12:642087. doi: 10.3389/fimmu.2021.642087. eCollection 2021.","Muñiz P","Front Immunol","2021","2021/04/12","PMC8027082","","10.3389/fimmu.2021.642087"
"40864202","BK virus kinetics and associated cystitis/urethritis symptoms after PTCy-based allogeneic hematopoietic cell transplant","Dimitrova D, Xue E, Hyder MA, Choo-Wosoba H, Rechache K, Flomerfelt FA, Das S, McKeown C, Cusmano A, Sabina R, Kanakry JA, Kanakry CG.","Blood Adv. 2026 Jan 13;10(1):1-13. doi: 10.1182/bloodadvances.2025016589.","Dimitrova D","Blood Adv","2026","2025/08/27","PMC12803918","","10.1182/bloodadvances.2025016589"
"28604667","Single-agent GvHD prophylaxis with tacrolimus after post-transplant high-dose cyclophosphamide is a valid option for haploidentical transplantation in adults with hematological malignancies","Esquirol A, Pascual MJ, Ortiz M, Piñana JL, Ferra C, Garcia Cadenas I, Vilades I, Brunet S, Martino R, Sierra J.","Bone Marrow Transplant. 2017 Sep;52(9):1273-1279. doi: 10.1038/bmt.2017.111. Epub 2017 Jun 12.","Esquirol A","Bone Marrow Transplant","2017","2017/06/13","","","10.1038/bmt.2017.111"
"25255163","Favorable outcome of hematopoietic stem cell transplantation using a targeted once-daily intravenous busulfan-fludarabine-etoposide regimen in pediatric and infant acute lymphoblastic leukemia patients","Lee JW, Kang HJ, Kim S, Lee SH, Yu KS, Kim NH, Jang MK, Kim H, Song SH, Park JD, Park KD, Shin HY, Jang IJ, Ahn HS.","Biol Blood Marrow Transplant. 2015 Jan;21(1):190-5. doi: 10.1016/j.bbmt.2014.09.013. Epub 2014 Sep 22.","Lee JW","Biol Blood Marrow Transplant","2015","2014/09/26","","","10.1016/j.bbmt.2014.09.013"
"25432692","A modified busulfan and cyclophosphamide preparative regimen for allogeneic transplantation in myeloid malignancies","Cai X, Wei J, He Y, Yang D, Jiang E, Huang Y, Han M, Feng S.","Int J Clin Pharm. 2015 Feb;37(1):44-52. doi: 10.1007/s11096-014-0036-5. Epub 2014 Nov 29.","Cai X","Int J Clin Pharm","2015","2014/11/30","","","10.1007/s11096-014-0036-5"
"20841930","[A modified myeloablative conditioning regimen for allogeneic hematopoietic stem cell transplantation, consisting of intravenous busulfan, cyclophosphamide and total lymphoid irradiation, in advanced leukemia]","Nakamae H, Terada Y, Nakane T, Koh H, Nakamae M, Aimoto R, Hirose A, Hayashi Y, Nishimoto M, Inoue E, Yoshimura T, Inoue A, Koh KR, Yamane T, Hino M.","Gan To Kagaku Ryoho. 2010 Sep;37(9):1691-5.","Nakamae H","Gan To Kagaku Ryoho","2010","2010/09/16","","",""
"20062098","Etoposide induces more severe mucositis than CY when added to TBI as conditioning in allograft recipients receiving CsA and MTX","Hoyt R, Ritchie DS, Wirth A, Szer J, Grigg AP.","Bone Marrow Transplant. 2010 Sep;45(9):1457-62. doi: 10.1038/bmt.2009.365. Epub 2010 Jan 11.","Hoyt R","Bone Marrow Transplant","2010","2010/01/12","","","10.1038/bmt.2009.365"
"23291027","[A comparison of toxicity and efficacy between busulfan plus fludarabine and busulfan plus cyclophosphamide for allogeneic hematopoietic stem cell transplantation in acute myeloid leukemia]","Liu H, Fan ZP, Jiang QL, Huang F, Zhou HS, Zhang X, Yu GP, Wu MQ, Sun J, Liu QF.","Zhonghua Nei Ke Za Zhi. 2012 Nov;51(11):880-4.","Liu H","Zhonghua Nei Ke Za Zhi","2012","2013/01/08","","",""
"26055139","Virus infection in HLA-haploidentical hematopoietic stem cell transplantation: incidence in the context of immune recovery in two different transplantation settings","Tischer J, Engel N, Fritsch S, Prevalsek D, Hubmann M, Schulz C, Zoellner AK, Bücklein V, Reibke R, Mumm F, Rieger CT, Hill W, Ledderose G, Stemmler HJ, Köhnke T, Jäger G, Kolb HJ, Schmid C, Moosmann A, Hausmann A.","Ann Hematol. 2015 Oct;94(10):1677-88. doi: 10.1007/s00277-015-2423-y. Epub 2015 Jun 10.","Tischer J","Ann Hematol","2015","2015/06/10","","","10.1007/s00277-015-2423-y"
"27159171","Haploidentical HCT using an αβ T-cell-depleted graft with targeted αβ(+) cells by add-back after a reduced intensity preparative regimen containing low-dose TBI","Im HJ, Koh KN, Suh JK, Lee SW, Choi ES, Jang S, Kwon SW, Park CJ, Seo JJ.","Bone Marrow Transplant. 2016 Sep;51(9):1217-22. doi: 10.1038/bmt.2016.114. Epub 2016 May 9.","Im HJ","Bone Marrow Transplant","2016","2016/05/10","","","10.1038/bmt.2016.114"
"34543769","Lower Incidence of Cytomegalovirus Reactivation Following Post-Transplantation Cyclophosphamide HLA-Mismatched Unrelated Donor Transplantation","Camargo JF, Ebisu Y, Jimenez-Jimenez A, Natori Y, Moroz I, Morris MI, Alencar M, Anderson AD, Lekakis L, Beitinjaneh A, Goodman M, Wang T, Pereira D, Komanduri KV.","Transplant Cell Ther. 2021 Dec;27(12):1017.e1-1017.e7. doi: 10.1016/j.jtct.2021.09.006. Epub 2021 Sep 17.","Camargo JF","Transplant Cell Ther","2021","2021/09/20","","","10.1016/j.jtct.2021.09.006"
"32393841","Bone marrow versus mobilized peripheral blood stem cell graft in T-cell-replete haploidentical transplantation in acute lymphoblastic leukemia","Nagler A, Dholaria B, Labopin M, Savani BN, Angelucci E, Koc Y, Arat M, Pioltelli P, Sica S, Gülbas Z, Tischer J, Bernasconi P, Pavlu J, Socié G, Blaise D, Rigacci L, Martino M, Diez-Martin JL, Perić Z, Giebel S, Mohty M.","Leukemia. 2020 Oct;34(10):2766-2775. doi: 10.1038/s41375-020-0850-9. Epub 2020 May 11.","Nagler A","Leukemia","2020","2020/05/13","","","10.1038/s41375-020-0850-9"
"27428881","Occurrence, risk factors and outcome of adenovirus infection in adult recipients of allogeneic hematopoietic stem cell transplantation","Hubmann M, Fritsch S, Zoellner AK, Prevalsek D, Engel N, Bücklein V, Mumm F, Schulz C, Stemmler HJ, Jäger G, Ledderose G, Kolb HJ, Hausmann A, Hiddemann W, Moosmann A, Tischer J.","J Clin Virol. 2016 Sep;82:33-40. doi: 10.1016/j.jcv.2016.07.002. Epub 2016 Jul 10.","Hubmann M","J Clin Virol","2016","2016/07/19","","","10.1016/j.jcv.2016.07.002"
"29869673","Long-term outcomes of total body irradiation plus cyclophosphamide versus busulfan plus cyclophosphamide as conditioning regimen for acute lymphoblastic leukemia: a comparative study","Sakellari I, Gavriilaki E, Chatziioannou K, Papathanasiou M, Mallouri D, Batsis I, Bousiou Z, Bouziana S, Constantinou V, Douka V, Apostolou C, Iskas M, Lalayanni C, Athanasiadou A, Sotiropoulos D, Yannaki E, Gianouzakos V, Anagnostopoulos A.","Ann Hematol. 2018 Oct;97(10):1987-1994. doi: 10.1007/s00277-018-3383-9. Epub 2018 Jun 5.","Sakellari I","Ann Hematol","2018","2018/06/06","","","10.1007/s00277-018-3383-9"
"24985173","[Effect of BU and CY versus TBI and CY as conditioning regimens on the efficacy of haploidentical stem cell transplantation in patients with hematologic malignancy]","Shao Q, Han D, Liu D, Zheng X, Dong L, Wang Z, Ding L, Yan H, Wang H, Duan L.","Zhonghua Xue Ye Xue Za Zhi. 2014 Jun;35(6):505-10. doi: 10.3760/cma.j.issn.0253-2727.2014.06.007.","Shao Q","Zhonghua Xue Ye Xue Za Zhi","2014","2014/07/03","","","10.3760/cma.j.issn.0253-2727.2014.06.007"
"32715815","High incidence but low mortality of EBV-reactivation and PTLD after alloHCT using ATG and PTCy for GVHD prophylaxis","Salas MQ, Prem S, Remberger M, Lam W, Kim DDH, Michelis FV, Al-Shaibani Z, Gerbitz A, Lipton JH, Viswabandya A, Kumar R, Kumar D, Mattsson J, Law AD.","Leuk Lymphoma. 2020 Dec;61(13):3198-3208. doi: 10.1080/10428194.2020.1797010. Epub 2020 Jul 25.","Salas MQ","Leuk Lymphoma","2020","2020/07/28","","","10.1080/10428194.2020.1797010"
"37578614","Haploidentical Stem Cell Transplantation with Post-transplantation Cyclophosphamide in High-Risk Chronic Granulomatous Disease Patient with Invasive Mucormycosis","Ruttens D, Philippet P; HSCT advisory team; Bucciol G, Meyts I.","J Clin Immunol. 2023 Nov;43(8):1758-1765. doi: 10.1007/s10875-023-01567-8. Epub 2023 Aug 14.","Ruttens D","J Clin Immunol","2023","2023/08/14","","","10.1007/s10875-023-01567-8"
"34547182","Impact of allogeneic stem cell transplantation comorbidity indexes after haplotransplant using post-transplant cyclophosphamide","Jullien M, Orvain C, Berceanu A, Couturier MA, Guillaume T, Peterlin P, Garnier A, Le Bourgeois A, Klemencie M, Schmidt A, Hunault M, Daguindau E, Roussel X, Delepine P, Guillerm G, Giltat A, François S, Thepot S, Le Gouill S, Béné MC, Chevallier P.","Cancer Med. 2021 Oct;10(20):7194-7202. doi: 10.1002/cam4.4262. Epub 2021 Sep 21.","Jullien M","Cancer Med","2021","2021/09/21","PMC8525117","","10.1002/cam4.4262"
"38726832","Human herpesvirus-6, HHV-8 and parvovirus B19 after allogeneic hematopoietic cell transplant: the lesser-known viral complications","Kampouri E, Little JS, Crocchiolo R, Hill JA.","Curr Opin Infect Dis. 2024 Aug 1;37(4):245-253. doi: 10.1097/QCO.0000000000001020. Epub 2024 May 6.","Kampouri E","Curr Opin Infect Dis","2024","2024/05/10","PMC11932445","","10.1097/QCO.0000000000001020"
"26806585","Proceedings from the Second Haploidentical Stem Cell Transplantation Symposium-Haplo2014, San Francisco, California, December 4, 2014","Al Malki MM, Horowitz M, Handgretinger R, Leung W, Roy DC, Huang XJ, Fuchs E, Locatelli F, Blaise D, Mineishi S, Martelli M, Miller J, June C, Ai HS, Luznik L, Mavilio D, Lugli E, van den Brink MRM, Champlin RE, Ciurea SO.","Biol Blood Marrow Transplant. 2016 Apr;22(4):594-604. doi: 10.1016/j.bbmt.2016.01.001. Epub 2016 Jan 13.","Al Malki MM","Biol Blood Marrow Transplant","2016","2016/01/26","PMC7104805","NIHMS1576615","10.1016/j.bbmt.2016.01.001"
"29523888","Comparison of outcomes following transplantation with T-replete HLA-haploidentical donors using post-transplant cyclophosphamide to matched related and unrelated donors for patients with AML and MDS aged 60 years or older","Bashey ZA, Zhang X, Brown S, Jackson K, Morris LE, Holland HK, Bashey A, Solomon SR, Solh M.","Bone Marrow Transplant. 2018 Jun;53(6):756-763. doi: 10.1038/s41409-018-0126-4. Epub 2018 Mar 9.","Bashey ZA","Bone Marrow Transplant","2018","2018/03/11","","","10.1038/s41409-018-0126-4"
"40227629","Post-Transplant Cyclophosphamide-Based Prophylaxis and Its Impact on Infectious Complications and Immune Reconstitution According to Donor Type","Merchán-Muñoz B, Suárez-Lledó M, Rodríguez-Lobato LG, Aiello TF, Gallardo-Pizarro A, Charry P, Cid J, Lozano M, Pedraza A, Martínez-Roca A, Guardia A, Guardia L, Moreno C, Carreras E, Rosiñol L, García-Vidal C, Fernández-Avilés F, Martínez C, Rovira M, Salas MQ.","Cancers (Basel). 2025 Mar 26;17(7):1109. doi: 10.3390/cancers17071109.","Merchán-Muñoz B","Cancers (Basel)","2025","2025/04/14","PMC11987969","","10.3390/cancers17071109"
"23253560","Prospective multicenter study of single-unit cord blood transplantation with myeloablative conditioning for adult patients with high-risk hematologic malignancies","Mori T, Tanaka M, Kobayashi T, Ohashi K, Fujisawa S, Yokota A, Fujita H, Nakaseko C, Sakura T, Nannya Y, Takahashi S, Kanamori H, Kanda Y, Sakamaki H, Okamoto S; Kanto Study Group for Cell Therapy.","Biol Blood Marrow Transplant. 2013 Mar;19(3):486-91. doi: 10.1016/j.bbmt.2012.12.007. Epub 2012 Dec 16.","Mori T","Biol Blood Marrow Transplant","2013","2012/12/21","","","10.1016/j.bbmt.2012.12.007"
"28390959","Fever after peripheral blood stem cell infusion in haploidentical transplantation with post-transplant cyclophosphamide","Arango M, Combariza JF.","Hematol Oncol Stem Cell Ther. 2017 Jun;10(2):79-84. doi: 10.1016/j.hemonc.2017.03.001. Epub 2017 Apr 3.","Arango M","Hematol Oncol Stem Cell Ther","2017","2017/04/10","","","10.1016/j.hemonc.2017.03.001"
"41396587","Thiotepa and Busulfan Combined With Cyclophosphamide Conditioning Regimen Plus Maintenance Therapy Improved the Disease-Free Survival of Patients With Relapsed/Refractory Hematologic Malignancies After Undergoing Allogeneic Transplantation","Chen S, Cui R, He Y, Ma Q, Zhang R, Chen X, Cao W, Wei J, Yang D, Pang A, Feng S, Han M, Zhai W, Jiang E.","Hematol Oncol. 2026 Jan;44(1):e70138. doi: 10.1002/hon.70138.","Chen S","Hematol Oncol","2026","2025/12/15","","","10.1002/hon.70138"
"38164654","Intensified conditioning regimens with total marrow irradiation/etoposide/cyclophosphamide and busulfan/etoposide/cyclophosphamide overcome the impact of pre-transplant minimal residual disease on outcomes in high-risk acute lymphoblastic leukemia patients in complete remission","Zhao X, Xu Z, Li Z, Zhou X, Hu Y, Wang H.","Cancer Med. 2024 Jan;13(1):e6897. doi: 10.1002/cam4.6897. Epub 2024 Jan 2.","Zhao X","Cancer Med","2024","2024/01/02","PMC10807553","","10.1002/cam4.6897"
"34534907","Radiation-Free myeloablative allogeneic hematopoietic stem cell transplantation for adult acute lymphoblastic leukemia: A comparison of outcomes between patients with and without central nervous system involvement","Esfandbod M, Enshaei M, Monzavi SM, Kabootari M, Behfar M, Hamidieh AA.","Leuk Res. 2021 Dec;111:106703. doi: 10.1016/j.leukres.2021.106703. Epub 2021 Sep 14.","Esfandbod M","Leuk Res","2021","2021/09/17","","","10.1016/j.leukres.2021.106703"
"34478910","Is Haploidentical Hematopoietic Cell Transplantation Using Post-Transplantation Cyclophosphamide Feasible in Sub-Saharan Africa?","du Toit JR, Mcdonald A, Brittain D, Cass M, Thomson J, Oosthuizen J, du Toit C, Seftel M, Louw VJ, Verburgh E.","Transplant Cell Ther. 2021 Dec;27(12):1002.e1-1002.e8. doi: 10.1016/j.jtct.2021.08.018. Epub 2021 Aug 31.","du Toit JR","Transplant Cell Ther","2021","2021/09/03","PMC10961300","NIHMS1920206","10.1016/j.jtct.2021.08.018"
"22796534","Different outcomes between cyclophosphamide plus horse or rabbit antithymocyte globulin for HLA-identical sibling bone marrow transplant in severe aplastic anemia","Atta EH, de Sousa AM, Schirmer MR, Bouzas LF, Nucci M, Abdelhay E.","Biol Blood Marrow Transplant. 2012 Dec;18(12):1876-82. doi: 10.1016/j.bbmt.2012.07.004. Epub 2012 Jul 11.","Atta EH","Biol Blood Marrow Transplant","2012","2012/07/17","","","10.1016/j.bbmt.2012.07.004"
"39508306","Bone marrow versus peripheral blood allogeneic haematopoietic stem cell transplantation for haematological malignancies in adults","Kiene S, Albrecht M, Theurich S, Scheid C, Skoetz N, Holtick U.","Cochrane Database Syst Rev. 2024 Nov 7;11(11):CD010189. doi: 10.1002/14651858.CD010189.pub3.","Kiene S","Cochrane Database Syst Rev","2024","2024/11/07","PMC11542152","","10.1002/14651858.CD010189.pub3"
"40133165","Haploidentical transplantation: An optimal platform for graft manipulation and cellular therapies","Astigarraga CC, Mpms K, Iovino L, Milano F.","Blood Rev. 2025 Jul;72:101286. doi: 10.1016/j.blre.2025.101286. Epub 2025 Mar 21.","Astigarraga CC","Blood Rev","2025","2025/03/25","","","10.1016/j.blre.2025.101286"
"21296675","Reduced-intensity allogeneic transplantation provides high event-free and overall survival in patients with advanced indolent B cell malignancies: CALGB 109901","Shea T, Johnson J, Westervelt P, Farag S, McCarty J, Bashey A, Isola L, Baxter-Lowe LA, Kelly M, Owzar K, Linker C; Cancer and Leukemia Group B.","Biol Blood Marrow Transplant. 2011 Sep;17(9):1395-403. doi: 10.1016/j.bbmt.2011.01.016. Epub 2011 Feb 3.","Shea T","Biol Blood Marrow Transplant","2011","2011/02/08","PMC3134602","NIHMS285608","10.1016/j.bbmt.2011.01.016"
"31048086","Impact of Preemptive Granulocyte Infusions During Febrile Neutropenia in Patients Colonized with Carbapenem-Resistant Gram-Negative Bacteria Undergoing Haploidentical Transplantation","Jaiswal SR, Bhakuni P, Bhagwati G, Joy A, Chakrabarti A, Chakrabarti S.","Biol Blood Marrow Transplant. 2019 Aug;25(8):1621-1628. doi: 10.1016/j.bbmt.2019.04.023. Epub 2019 May 22.","Jaiswal SR","Biol Blood Marrow Transplant","2019","2019/05/04","","","10.1016/j.bbmt.2019.04.023"
"38928087","Haploidentical HSCT in the Treatment of Pediatric Hematological Disorders","Marszołek A, Leśniak M, Sekunda A, Siwek A, Skiba Z, Lejman M, Zawitkowska J.","Int J Mol Sci. 2024 Jun 9;25(12):6380. doi: 10.3390/ijms25126380.","Marszołek A","Int J Mol Sci","2024","2024/06/27","PMC11204214","","10.3390/ijms25126380"
"38420726","First complete remission favours haploidentical haematopoietic stem cell transplantation with post-transplant cyclophosphamide over cord blood transplantation in acute lymphoblastic leukaemia","Jo T, Ueda T, Akahoshi Y, Kondo T, Uchida N, Tanaka M, Nakamae H, Doki N, Ota S, Sawa M, Ohigashi H, Maruyama Y, Takayama N, Nishida T, Hiramoto N, Katayama Y, Kanda Y, Ichinohe T, Atsuta Y, Arai Y; Japanese Society for Transplantation and Cellular Therapy (JSTCT).","Br J Haematol. 2024 May;204(5):1913-1919. doi: 10.1111/bjh.19372. Epub 2024 Feb 29.","Jo T","Br J Haematol","2024","2024/02/29","","","10.1111/bjh.19372"
"33819481","Feasibility and Efficacy of CD45RA+ Depleted Donor Lymphocytes Infusion After Haploidentical Transplantation With Post-Transplantation Cyclophosphamide in Patients With Hematological Malignancies","Castagna L, Valli V, Timofeeva I, Capizzuto R, Bramanti S, Mariotti J, De Philippis C, Sarina B, Mannina D, Giordano L, De Paoli F, van Beek JJP, Zaghi E, Calvi M, Vito CD, Mavilio D, Crocchiolo R, Lugli E.","Transplant Cell Ther. 2021 Jun;27(6):478.e1-478.e5. doi: 10.1016/j.jtct.2021.03.010. Epub 2021 Mar 11.","Castagna L","Transplant Cell Ther","2021","2021/04/05","","","10.1016/j.jtct.2021.03.010"
"26367236","Allogeneic stem cell transplantation after conditioning with treosulfan, etoposide and cyclophosphamide for patients with ALL: a phase II-study on behalf of the German Cooperative Transplant Study Group and ALL Study Group (GMALL)","Kröger N, Bornhäuser M, Stelljes M, Pichlmeier U, Trenschel R, Schmid C, Arnold R, Martin H, Heinzelmann M, Wolschke C, Meyer RG, Bethge W, Kobbe G, Ayuk F, Gökbuget N, Hölzer D, Zander A, Beelen D.","Bone Marrow Transplant. 2015 Dec;50(12):1503-7. doi: 10.1038/bmt.2015.202. Epub 2015 Sep 14.","Kröger N","Bone Marrow Transplant","2015","2015/09/15","","","10.1038/bmt.2015.202"
"27705929","A 5-day cytoreductive chemotherapy followed by haplo-identical hsct (FA5-BUCY) as a tumor-ablative regimen improved the survival of patients with advanced hematological malignancies","Yang T, Lin Q, Ren J, Chen P, Yuan X, Luo X, Liu T, Zheng J, Zheng Z, Zheng X, Chen X, Zhang L, Zheng H, Chen Z, Hua X, Le S, Li J, Chen Z, Hu J.","Oncotarget. 2016 Nov 29;7(48):78773-78786. doi: 10.18632/oncotarget.12383.","Yang T","Oncotarget","2016","2016/10/06","PMC5346676","","10.18632/oncotarget.12383"
"38964919","[The impact of donor human leukocyte antigen-Bw4 allele on natural killer cell reconstitution and transplant-related mortality in haploidentical transplantation]","Zhao M, Xu ZL, Yu XX, Ding YY, Chang YJ, Zhang XH, Liu KY, Huang XJ, Zhao XY.","Zhonghua Xue Ye Xue Za Zhi. 2024 May 14;45(5):453-461. doi: 10.3760/cma.j.cn.121090-20240314-00094.","Zhao M","Zhonghua Xue Ye Xue Za Zhi","2024","2024/07/04","PMC11270487","","10.3760/cma.j.cn.121090-20240314-00094"
"31478993","Alterations in NKG2A and NKG2C Subsets of Natural Killer Cells Following Epstein-Barr Virus Reactivation in CTLA4Ig-based Haploidentical Transplantation Is Associated With Increased Chronic Graft-Versus-Host Disease","Jaiswal SR, Bhakuni P, Bhagwati G, Aiyar HM, Chakrabarti A, Chakrabarti S.","Transplantation. 2020 Jan;104(1):e23-e30. doi: 10.1097/TP.0000000000002941.","Jaiswal SR","Transplantation","2020","2019/09/04","","","10.1097/TP.0000000000002941"
"24930759","Successful treatment of non-Hodgkin's lymphoma using R-CHOP in a patient with Wiskott-Aldrich syndrome followed by a reduced-intensity stem cell transplant","Koga Y, Takada H, Suminoe A, Ohga S, Hara T.","Pediatr Transplant. 2014 Sep;18(6):E208-11. doi: 10.1111/petr.12297. Epub 2014 Jun 14.","Koga Y","Pediatr Transplant","2014","2014/06/17","","","10.1111/petr.12297"
"30041010","Haploidentical Transplants with Post-Transplant Cyclophosphamide for Relapsed or Refractory Hodgkin Lymphoma: The Role of Comorbidity Index and Pretransplant Positron Emission Tomography","Marani C, Raiola AM, Morbelli S, Dominietto A, Ferrarazzo G, Avenoso D, Giannoni L, Varaldo R, Gualandi F, Grazia D, Lamparelli T, Bregante S, Van Lint MT, Ibatici A, Bovis F, Lemoli RM, Gobbi M, Bacigalupo A, Angelucci E.","Biol Blood Marrow Transplant. 2018 Dec;24(12):2501-2508. doi: 10.1016/j.bbmt.2018.07.025. Epub 2018 Jul 21.","Marani C","Biol Blood Marrow Transplant","2018","2018/07/25","","","10.1016/j.bbmt.2018.07.025"
"27607445","Hematopoietic stem cell transplantation for acquired aplastic anemia","Georges GE, Storb R.","Curr Opin Hematol. 2016 Nov;23(6):495-500. doi: 10.1097/MOH.0000000000000281.","Georges GE","Curr Opin Hematol","2016","2016/09/09","PMC5125541","NIHMS831023","10.1097/MOH.0000000000000281"
"26457908","Busulfan fludarabine vs busulfan cyclophosphamide as a preparative regimen before allogeneic hematopoietic cell transplantation: systematic review and meta-analysis","Ben-Barouch S, Cohen O, Vidal L, Avivi I, Ram R.","Bone Marrow Transplant. 2016 Feb;51(2):232-40. doi: 10.1038/bmt.2015.238. Epub 2015 Oct 12.","Ben-Barouch S","Bone Marrow Transplant","2016","2015/10/13","","","10.1038/bmt.2015.238"
"20578198","Long term follow-up of allogeneic stem cell transplantation in patients with myelodysplastic syndromes using busulfan, cytosine arabinoside, and cyclophosphamide","Atallah E, Abrams J, Ayash L, Bentley G, Abidi M, Ratanatharathorn V, Uberti J.","Am J Hematol. 2010 Aug;85(8):579-83. doi: 10.1002/ajh.21761.","Atallah E","Am J Hematol","2010","2010/06/26","PMC3800118","NIHMS513633","10.1002/ajh.21761"
"35108627","Post-Transplantation Cyclophosphamide After HLA Identical Compared to Haploidentical Donor Transplant in Acute Myeloid Leukemia: A Study on Behalf of GETH-TC","Bailén R, Pascual-Cascón MJ, Guerreiro M, López-Corral L, Chinea A, Bermúdez A, Sampol A, Heras I, García-Torres E, Torres M, Roca JR, Herruzo B, Sanz J, Fonseca M, Herrera P, Colorado M, Bento L, López-Godino O, Martín-Calvo C, Fernández-Caldas P, Marcos-Jubilar M, Sánchez-Ortega I, Solano C, Noriega V, Humala K, Oarbeascoa G, Díez-Martín JL, Kwon M; Grupo Español de Trasplante Hematopoyético y Terapia Celular (GETH).","Transplant Cell Ther. 2022 Apr;28(4):204.e1-204.e10. doi: 10.1016/j.jtct.2022.01.020. Epub 2022 Jan 31.","Bailén R","Transplant Cell Ther","2022","2022/02/02","","","10.1016/j.jtct.2022.01.020"
"33374035","Successful engraftment of haploidentical stem cell transplant with post-transplantation cyclophosphamide in a patient with adenosine deaminase deficiency","Medina D, Aristizabal AM, Madroñero T, Perez P, Patiño Niño J, Olaya M.","Pediatr Transplant. 2021 Sep;25(6):e13954. doi: 10.1111/petr.13954. Epub 2020 Dec 29.","Medina D","Pediatr Transplant","2021","2020/12/29","","","10.1111/petr.13954"
"32241847","A case of Epstein Barr virus-related post-transplant lymphoproliferative disorder after haploidentical allogeneic stem cell transplantation using post-transplantation cyclophosphamide","Hickey CL, Romee R, Nikiforow S, Dorfman D, Mazzeo M, Koreth J.","Haematologica. 2020 Jul;105(7):e379-e381. doi: 10.3324/haematol.2019.236067. Epub 2020 Apr 2.","Hickey CL","Haematologica","2020","2020/04/04","PMC7327621","","10.3324/haematol.2019.236067"
"28632322","Reduced-intensity conditioning allogeneic transplantation after salvage treatment with DT-PACE in myeloma patients relapsing early after autologous transplant","Randall K, Kaparou M, Xenou E, Paneesha S, Kishore B, Kanellopoulos A, Lovell R, Holder K, Suhr J, Baker L, Ryan L, Nikolousis E.","Eur J Haematol. 2017 Oct;99(4):300-305. doi: 10.1111/ejh.12917. Epub 2017 Jul 20.","Randall K","Eur J Haematol","2017","2017/06/21","","","10.1111/ejh.12917"
"31514253","Reduced-intensity conditioning allogeneic transplant with dual T-cell depletion in myelofibrosis","Salas MQ, Lam W, Law AD, Kim DDH, Michelis FV, Loach D, Al-Shaibani Z, Lipton JH, Kumar R, Mattsson J, Viswabandya A.","Eur J Haematol. 2019 Dec;103(6):597-606. doi: 10.1111/ejh.13327. Epub 2019 Sep 30.","Salas MQ","Eur J Haematol","2019","2019/09/13","","","10.1111/ejh.13327"
"20467226","[Female case of successful engraftment after PBSCT from her HLA-haploidentical son for severe aplastic anemia during maintenance peritoneal dialysis]","Rai S, Matsuda M, Yamairi N, Kazuta T, Iwanaga T, Aoyama M, Kawamura M, Hashimoto S, Itagaki N.","Rinsho Ketsueki. 2010 Apr;51(4):281-5.","Rai S","Rinsho Ketsueki","2010","2010/05/15","","",""
"33098041","Busulfan-cyclophosphamide versus cyclophosphamide-busulfan as conditioning regimen before allogeneic hematopoietic cell transplantation: a prospective randomized trial","Seydoux C, Medinger M, Gerull S, Halter J, Heim D, Chalandon Y, Levrat SM, Schanz U, Nair G, Ansari M, Simon P, Passweg JR, Cantoni N.","Ann Hematol. 2021 Jan;100(1):209-216. doi: 10.1007/s00277-020-04312-y. Epub 2020 Oct 23.","Seydoux C","Ann Hematol","2021","2020/10/24","PMC7782401","","10.1007/s00277-020-04312-y"
"33692531","Haploidentical peripheral blood stem cell transplantation with posttransplant cyclophosphamide for systemic Epstein-Barr virus-positive T-cell lymphoma of childhood","Imoto H, Yoshioka S, Hiramoto N, Morita-Fujita M, Yamashita D, Ishikawa T.","Bone Marrow Transplant. 2021 Jul;56(7):1743-1745. doi: 10.1038/s41409-021-01263-4. Epub 2021 Mar 10.","Imoto H","Bone Marrow Transplant","2021","2021/03/11","","","10.1038/s41409-021-01263-4"
"24419517","Allogeneic transplantation after reduced-intensity conditioning with fludarabine-CY for both indolent and aggressive lymphoid malignancies","Wondergem MJ, Dijkstra FS, Visser OJ, Zweegman S, Ossenkoppele GJ, Witte BI, Janssen JJ.","Bone Marrow Transplant. 2014 Apr;49(4):513-8. doi: 10.1038/bmt.2013.221. Epub 2014 Jan 13.","Wondergem MJ","Bone Marrow Transplant","2014","2014/01/15","","","10.1038/bmt.2013.221"
"24081656","Prospective cohort study comparing intravenous busulfan to total body irradiation in hematopoietic cell transplantation","Bredeson C, LeRademacher J, Kato K, Dipersio JF, Agura E, Devine SM, Appelbaum FR, Tomblyn MR, Laport GG, Zhu X, McCarthy PL, Ho VT, Cooke KR, Armstrong E, Smith A, Rizzo JD, Burkart JM, Pasquini MC.","Blood. 2013 Dec 5;122(24):3871-8. doi: 10.1182/blood-2013-08-519009. Epub 2013 Sep 30.","Bredeson C","Blood","2013","2013/10/02","PMC3854109","","10.1182/blood-2013-08-519009"
"32683127","Decitabine induction with myeloablative conditioning and allogeneic hematopoietic stem cell transplantation in high-risk patients with myeloid malignancies is associated with a high rate of infectious complications","D'Angelo CR, Hall A, Woo KM, Kim K, Longo W, Hematti P, Callander N, Kenkre VP, Mattison R, Juckett M.","Leuk Res. 2020 Sep;96:106419. doi: 10.1016/j.leukres.2020.106419. Epub 2020 Jul 8.","D'Angelo CR","Leuk Res","2020","2020/07/20","PMC7484445","NIHMS1613214","10.1016/j.leukres.2020.106419"
"40398621","Current Activity Trends and Outcomes in Hematopoietic Cell Transplantation and Cellular Therapy - A Report from the CIBMTR","Spellman SR, Xu K, Oloyede T, Ahn KW, Akhtar O, Bolon YT, Broglie L, Bloomquist J, Bupp C, Chen M, Devine SM, El-Jurdi N, Hamadani M, Hengen M, Huppler AH, Jaglowski S, Kuxhausen M, Lee SJ, Moskop A, Page KM, Pasquini MC, Perez W, Phelan R, Rizzo D, Saber W, Stefanski HE, Steinert P, Tuschl E, Visotcky A, Vogel R, Auletta JJ, Shaw BE, Allbee-Johnson M.","Transplant Cell Ther. 2025 Aug;31(8):505-532. doi: 10.1016/j.jtct.2025.05.014. Epub 2025 May 19.","Spellman SR","Transplant Cell Ther","2025","2025/05/21","PMC12302970","NIHMS2094936","10.1016/j.jtct.2025.05.014"
"19821825","Incidence and reasons for late failure after allogeneic haematopoietic cell transplantation following BuCy2 in acute myeloid leukaemia","Pant S, Hamadani M, Dodds AJ, Szer J, Crilley PA, Stevenson D, Phillips G, Elder P, Nivison-Smith I, Avalos BR, Penza S, Topolsky D, Sobecks R, Kalaycio M, Bolwell BJ, Copelan EA.","Br J Haematol. 2010 Feb;148(4):623-6. doi: 10.1111/j.1365-2141.2009.07947.x. Epub 2009 Oct 11.","Pant S","Br J Haematol","2010","2009/10/14","","","10.1111/j.1365-2141.2009.07947.x"
"19961944","Improved survival with inhibitory killer immunoglobulin receptor (KIR) gene mismatches and KIR haplotype B donors after nonmyeloablative, HLA-haploidentical bone marrow transplantation","Symons HJ, Leffell MS, Rossiter ND, Zahurak M, Jones RJ, Fuchs EJ.","Biol Blood Marrow Transplant. 2010 Apr;16(4):533-42. doi: 10.1016/j.bbmt.2009.11.022. Epub 2009 Dec 2.","Symons HJ","Biol Blood Marrow Transplant","2010","2009/12/08","PMC2848533","NIHMS171255","10.1016/j.bbmt.2009.11.022"
"31395850","Aplastic Anemia Preconditioned with Fludarabine, Cyclophosphamide, and Anti-Thymocyte Globulin","Yang D, Yang J, Hu X, Chen J, Gao L, Cheng H, Tang G, Luo Y, Zhang W, Wang J.","Ann Transplant. 2019 Aug 9;24:461-471. doi: 10.12659/AOT.915696.","Yang D","Ann Transplant","2019","2019/08/10","PMC6705177","","10.12659/AOT.915696"
"40085961","Impact of haplo-donor age on transplant outcomes: a comparative analysis of haploidentical vs cord blood transplantation","Nagayama T, Fujiwara SI, Nishiwaki S, Wada F, Uchida N, Tanaka M, Sakata-Yanagimoto M, Onizuka M, Ishiwata K, Hasegawa Y, Ota S, Doki N, Nakamae H, Nishida T, Kawakita T, Sawa M, Tokunaga M, Ishimaru F, Fukuda T, Kanda Y, Atsuta Y, Nakasone H.","Blood Adv. 2025 Jul 8;9(13):3226-3237. doi: 10.1182/bloodadvances.2024014938.","Nagayama T","Blood Adv","2025","2025/03/14","PMC12246605","","10.1182/bloodadvances.2024014938"
"35191140","Febrile neutropenia management and outcomes in hematopoietic cell transplantation for chronic granulomatous disease","Parta M, Cuellar-Rodriguez J, Gea-Banacloche J, Qin J, Kelly C, Zerbe CS, Holland SM, Malech HL, Kang EM.","Transpl Infect Dis. 2022 Apr;24(2):e13815. doi: 10.1111/tid.13815. Epub 2022 Mar 10.","Parta M","Transpl Infect Dis","2022","2022/02/22","PMC11024981","NIHMS1980595","10.1111/tid.13815"
"37554030","T-lymphocyte depleted transplants for inborn errors of immunity","Slatter MA, Maschan MA, Gennery AR.","Expert Rev Clin Immunol. 2023 Jul-Dec;19(11):1315-1324. doi: 10.1080/1744666X.2023.2245146. Epub 2023 Aug 9.","Slatter MA","Expert Rev Clin Immunol","2023","2023/08/09","","","10.1080/1744666X.2023.2245146"
"32417488","Hemorrhagic Cystitis after Haploidentical Transplantation with Post-Transplantation Cyclophosphamide: Protective Effect of MESNA Continuous Infusion","Arango M, Cardona D.","Biol Blood Marrow Transplant. 2020 Aug;26(8):1492-1496. doi: 10.1016/j.bbmt.2020.04.028. Epub 2020 May 15.","Arango M","Biol Blood Marrow Transplant","2020","2020/05/18","","","10.1016/j.bbmt.2020.04.028"
"23524638","Long-term survival after allogeneic haematopoietic cell transplantation for AML in remission: single-centre results after TBI-based myeloablative and non-myeloablative conditioning","Sengeløv H, Gerds TA, Brændstrup P, Kornblit B, Mortensen BK, Petersen SL, Vindeløv LL.","Bone Marrow Transplant. 2013 Sep;48(9):1185-91. doi: 10.1038/bmt.2013.38. Epub 2013 Mar 25.","Sengeløv H","Bone Marrow Transplant","2013","2013/03/26","","","10.1038/bmt.2013.38"
"30723110","PTCy-based haploidentical vs matched related or unrelated donor reduced-intensity conditioning transplant for DLBCL","Dreger P, Sureda A, Ahn KW, Eapen M, Litovich C, Finel H, Boumendil A, Gopal A, Herrera AF, Schmid C, Diez-Martin JL, Fuchs E, Bolaños-Meade J, Gooptu M, Al Malki MM, Castagna L, Ciurea SO, Dominietto A, Blaise D, Ciceri F, Tischer J, Corradini P, Montoto S, Robinson S, Gülbas Z, Hamadani M.","Blood Adv. 2019 Feb 12;3(3):360-369. doi: 10.1182/bloodadvances.2018027748.","Dreger P","Blood Adv","2019","2019/02/07","PMC6373757","","10.1182/bloodadvances.2018027748"
"37003931","Impact of Covid 19 pandemic on hematopoietic stem cell transplantation activities: Report from a single center","Giammarco S, Sica S, Metafuni E, Limongiello MA, Valentini CG, Sorà F, Marra JD, Bacigalupo A, Teofili L, Chiusolo P.","Transfus Apher Sci. 2023 Aug;62(4):103708. doi: 10.1016/j.transci.2023.103708. Epub 2023 Mar 29.","Giammarco S","Transfus Apher Sci","2023","2023/04/01","PMC10052870","","10.1016/j.transci.2023.103708"
"30243581","Outcomes of Haploidentical Transplantation in Patients with Relapsed Multiple Myeloma: An EBMT/CIBMTR Report","Sahebi F, Garderet L, Kanate AS, Eikema DJ, Knelange NS, Alvelo OFD, Koc Y, Blaise D, Bashir Q, Moraleda JM, Dreger P, Sanchez JF, Ciurea S, Schouten H, Shah NN, Verbeek M, Rösler W, Diez-Martin JL, Schoenland S, D'Souza A, Kröger N, Hari P.","Biol Blood Marrow Transplant. 2019 Feb;25(2):335-342. doi: 10.1016/j.bbmt.2018.09.018. Epub 2018 Sep 20.","Sahebi F","Biol Blood Marrow Transplant","2019","2018/09/24","PMC6339830","NIHMS1511105","10.1016/j.bbmt.2018.09.018"
"20708086","Acute kidney injury in patients with systemic sclerosis participating in hematopoietic cell transplantation trials in the United States","Hosing C, Nash R, McSweeney P, Mineishi S, Seibold J, Griffith LM, Shulman H, Goldmuntz E, Mayes M, Parikh CR, Crofford L, Keyes-Elstein L, Furst D, Steen V, Sullivan KM.","Biol Blood Marrow Transplant. 2011 May;17(5):674-81. doi: 10.1016/j.bbmt.2010.08.003. Epub 2010 Aug 11.","Hosing C","Biol Blood Marrow Transplant","2011","2010/08/17","PMC3012135","NIHMS233875","10.1016/j.bbmt.2010.08.003"
"21047561","Reduced-intensity conditioning followed by related allografts in hematologic malignancies: long-term outcomes most successful in indolent and aggressive non-Hodgkin lymphomas","Warlick ED, Tomblyn M, Cao Q, Defor T, Blazar BR, Macmillan M, Verneris M, Wagner J, Dusenbery K, Aurora M, Bachanova V, Brunstein C, Burns L, Cooley S, Kaufman D, Majhail NS, McClune B, McGlave P, Miller J, Oran B, Slungaard A, Vercellotti G, Weisdorf DJ.","Biol Blood Marrow Transplant. 2011 Jul;17(7):1025-32. doi: 10.1016/j.bbmt.2010.10.030. Epub 2010 Nov 1.","Warlick ED","Biol Blood Marrow Transplant","2011","2010/11/05","PMC4082980","NIHMS606203","10.1016/j.bbmt.2010.10.030"
"40930228","Haploidentical Versus Matched Sibling Donor HCT in Racially Diverse Pediatric and AYA Patients with Hematologic Malignancies: A Single-Center Comparison","Filioglou D, Kovacs K, Lafleur BJ, White LM, Katsanis E.","Transplant Cell Ther. 2025 Dec;31(12):1037.e1-1037.e14. doi: 10.1016/j.jtct.2025.09.014. Epub 2025 Sep 8.","Filioglou D","Transplant Cell Ther","2025","2025/09/10","","","10.1016/j.jtct.2025.09.014"
"28558762","Unmanipulated haploidentical stem cell transplantation in adults with acute lymphoblastic leukemia: a study on behalf of the Acute Leukemia Working Party of the EBMT","Santoro N, Ruggeri A, Labopin M, Bacigalupo A, Ciceri F, Gülbaş Z, Huang H, Afanasyev B, Arcese W, Wu D, Koc Y, Tischer J, Santarone S, Giebel S, Mohty M, Nagler A.","J Hematol Oncol. 2017 May 30;10(1):113. doi: 10.1186/s13045-017-0480-5.","Santoro N","J Hematol Oncol","2017","2017/06/01","PMC5450162","","10.1186/s13045-017-0480-5"
"41318843","Impact of donor selection in adverse-risk AML undergoing hematopoietic cell transplantation: A study from the EBMT Acute Leukemia Working Party","Villalba M, Ferhat AT, Gedde-Dahl T, Socie G, Huynh A, Blau IW, Yakoub-Agha I, Blaise D, Eder M, Forcade E, Fanin R, Passweg J, Crawley C, Stelljes M, Stölzel F, Kroeger N, Sengeloev H, Ceballos P, Labussiere-Wallet H, Poiré X, Esteve J, Savani B, Nagler A, Piemontese S, Sanz J, Mohty M, Ciceri F.","Bone Marrow Transplant. 2026 Feb;61(2):187-196. doi: 10.1038/s41409-025-02751-7. Epub 2025 Nov 29.","Villalba M","Bone Marrow Transplant","2026","2025/11/29","","","10.1038/s41409-025-02751-7"
"37067947","Human herpesvirus 6-specific T-cell immunity in allogeneic hematopoietic stem cell transplant recipients","Noviello M, Lorentino F, Xue E, Racca S, Furnari G, Valtolina V, Campodonico E, Dvir R, Lupo-Stanghellini MT, Giglio F, Piemontese S, Clerici D, Oltolini C, Tassi E, Beretta V, Farina F, Mannina D, Ardemagni A, Vago L, Bernardi M, Corti C, Peccatori J, Clementi M, Ciceri F, Bonini C, Greco R.","Blood Adv. 2023 Sep 26;7(18):5446-5457. doi: 10.1182/bloodadvances.2022009274.","Noviello M","Blood Adv","2023","2023/04/17","PMC10515312","","10.1182/bloodadvances.2022009274"
"34547770","Haploidentical vs sibling, unrelated, or cord blood hematopoietic cell transplantation for acute lymphoblastic leukemia","Wieduwilt MJ, Metheny L, Zhang MJ, Wang HL, Estrada-Merly N, Marks DI, Al-Homsi AS, Muffly L, Chao N, Rizzieri D, Gale RP, Gadalla SM, Cairo M, Mussetti A, Gore S, Bhatt VR, Patel SS, Michelis FV, Inamoto Y, Badawy SM, Copelan E, Palmisiano N, Kharfan-Dabaja MA, Lazarus HM, Ganguly S, Bredeson C, Diaz Perez MA, Cassaday R, Savani BN, Ballen K, Martino R, Wirk B, Bacher U, Aljurf M, Bashey A, Murthy HS, Yared JA, Aldoss I, Farhadfar N, Liu H, Abdel-Azim H, Waller EK, Solh M, Seftel MD, van der Poel M, Grunwald MR, Liesveld JL, Kamble RT, McGuirk J, Munker R, Cahn JY, Lee JW, Freytes CO, Krem MM, Winestone LE, Gergis U, Nathan S, Olsson RF, Verdonck LF, Sharma A, Ringdén O, Friend BD, Cerny J, Choe H, Chhabra S, Nishihori T, Seo S, George B, Baxter-Lowe LA, Hildebrandt GC, de Lima M, Litzow M, Kebriaei P, Hourigan CS, Abid MB, Weisdorf DJ, Saber W.","Blood Adv. 2022 Jan 11;6(1):339-357. doi: 10.1182/bloodadvances.2021004916.","Wieduwilt MJ","Blood Adv","2022","2021/09/21","PMC8753217","","10.1182/bloodadvances.2021004916"
"30295587","A Single-Center Experience With Hematopoietic Stem Cell Transplantation for Pediatric Acute Lymphoblastic Leukemia: A Modest Pitch for Non-Total Body Irradiation Conditioning Regimens","Hamidieh AA, Eslami Shahre Babaki A, Rostami T, Kasaeian A, Koochakzadeh L, Sharifi Aliabadi L, Behfar M, Ghavamzadeh A.","Exp Clin Transplant. 2019 Apr;17(2):243-250. doi: 10.6002/ect.2017.0226. Epub 2018 Oct 5.","Hamidieh AA","Exp Clin Transplant","2019","2018/10/09","","","10.6002/ect.2017.0226"
"20932682","Severe pulmonary toxicity after myeloablative conditioning using total body irradiation: an assessment of risk factors","Kelsey CR, Horwitz ME, Chino JP, Craciunescu O, Steffey B, Folz RJ, Chao NJ, Rizzieri DA, Marks LB.","Int J Radiat Oncol Biol Phys. 2011 Nov 1;81(3):812-8. doi: 10.1016/j.ijrobp.2010.06.058. Epub 2010 Oct 6.","Kelsey CR","Int J Radiat Oncol Biol Phys","2011","2010/10/12","","","10.1016/j.ijrobp.2010.06.058"
"41184699","Impact of Early Cyclosporine on Cytokine Release Syndrome and Outcomes in Pediatric Haploidentical Hematopoietic Stem Cell Transplantation","Patil VC, Dodda SR, Boyella PK, Tewani RK, Ladda PJ, Somayajula AA, Krishnamohan MVT, Sompalli S, Koneru SH, Rajappa SJ.","Pediatr Transplant. 2025 Dec;29(8):e70220. doi: 10.1111/petr.70220.","Patil VC","Pediatr Transplant","2025","2025/11/03","","","10.1111/petr.70220"
"28481355","Population pharmacokinetics of fludarabine in patients with aplastic anemia and Fanconi anemia undergoing allogeneic hematopoietic stem cell transplantation","Mohanan E, Panetta JC, Lakshmi KM, Edison ES, Korula A, Fouzia NA, Abraham A, Viswabandya A, Mathews V, George B, Srivastava A, Balasubramanian P.","Bone Marrow Transplant. 2017 Jul;52(7):977-983. doi: 10.1038/bmt.2017.79. Epub 2017 May 8.","Mohanan E","Bone Marrow Transplant","2017","2017/05/09","PMC5584518","","10.1038/bmt.2017.79"
"29846964","Busulfan-based myeloablative conditioning regimens for haploidentical transplantation in high-risk acute leukemias and myelodysplastic syndromes","Gayoso J, Balsalobre P, Kwon M, Herrera P, Bermúdez A, Sampol A, Jiménez S, López-Corral L, Serrano D, Piñana JL, Pascual MJ, Heras I, Bento L, Varela R, Humala K, Zabalza A, Laiglesia A, Bastos-Oreiro M, Pérez-Corral A, Martínez-Laperche C, Buño I, Díez-Martín JL; GETH (Grupo Español de Trasplante Hematopoyético), Spain.","Eur J Haematol. 2018 Sep;101(3):332-339. doi: 10.1111/ejh.13103. Epub 2018 Aug 3.","Gayoso J","Eur J Haematol","2018","2018/05/31","","","10.1111/ejh.13103"
"26619832","Hemophagocytic syndrome following haploidentical peripheral blood stem cell transplantation with post-transplant cyclophosphamide","Jaiswal SR, Chakrabarti A, Chatterjee S, Bhargava S, Ray K, Chakrabarti S.","Int J Hematol. 2016 Feb;103(2):234-42. doi: 10.1007/s12185-015-1905-y. Epub 2015 Nov 30.","Jaiswal SR","Int J Hematol","2016","2015/12/02","","","10.1007/s12185-015-1905-y"
"29661208","Unmanipulated haploidentical in comparison with matched unrelated donor stem cell transplantation in patients 60 years and older with acute myeloid leukemia: a comparative study on behalf of the ALWP of the EBMT","Santoro N, Labopin M, Giannotti F, Ehninger G, Niederwieser D, Brecht A, Stelljes M, Kröger N, Einsele H, Eder M, Hallek M, Glass B, Finke J, Ciceri F, Mohty M, Ruggeri A, Nagler A.","J Hematol Oncol. 2018 Apr 16;11(1):55. doi: 10.1186/s13045-018-0598-0.","Santoro N","J Hematol Oncol","2018","2018/04/18","PMC5902953","","10.1186/s13045-018-0598-0"
"33020591","Comparable outcomes of haploidentical transplant with TBF conditioning versus matched unrelated donor with fludarabine/busulfan conditioning for acute myeloid leukemia","Bazarbachi A, Labopin M, Blaise D, Forcade E, Socié G, Berceanu A, Angelucci E, Bulabois CE, Kröger N, Rambaldi A, Ceballos P, Mielke S, El Cheikh J, Yakoub-Agha I, Savani B, Spyridonidis A, Nagler A, Mohty M.","Bone Marrow Transplant. 2021 Mar;56(3):622-634. doi: 10.1038/s41409-020-01074-z. Epub 2020 Oct 6.","Bazarbachi A","Bone Marrow Transplant","2021","2020/10/06","","","10.1038/s41409-020-01074-z"
"37682205","Aplastic anemia from past to the present: A bibliometric analysis with research trends and global productivity during 1980 to 2022","Bulduk T.","Medicine (Baltimore). 2023 Sep 8;102(36):e34862. doi: 10.1097/MD.0000000000034862.","Bulduk T","Medicine (Baltimore)","2023","2023/09/08","PMC10489188","","10.1097/MD.0000000000034862"
"29844205","Comparison of pediatric allogeneic transplant outcomes using myeloablative busulfan with cyclophosphamide or fludarabine","Harris AC, Boelens JJ, Ahn KW, Fei M, Abraham A, Artz A, Dvorak C, Frangoul H, Freytes C, Gale RP, Hong S, Lazarus HM, Loren A, Mineishi S, Nishihori T, O'Brien T, Williams K, Pasquini MC, Levine JE.","Blood Adv. 2018 Jun 12;2(11):1198-1206. doi: 10.1182/bloodadvances.2018016956.","Harris AC","Blood Adv","2018","2018/05/31","PMC5998928","","10.1182/bloodadvances.2018016956"
"33150834","The combination of clofarabine, etoposide, and cyclophosphamide shows limited efficacy as a bridge to transplant for children with refractory acute leukemia: results of a monitored prospective study","Toporski J, Król L, Dykes J, Håkansson Y, Pronk C, Turkiewicz D.","Pediatr Hematol Oncol. 2021 Apr;38(3):216-226. doi: 10.1080/08880018.2020.1838012. Epub 2020 Nov 5.","Toporski J","Pediatr Hematol Oncol","2021","2020/11/05","","","10.1080/08880018.2020.1838012"
"40009166","Neuro-toxoplasmosis in haploidentical haematopoietic stem cell transplant","Galli M, Masina L, Magliano G, Morello E, Van Hauwermeiren E, Malagola M, Farina M, Radici V, Russo D, Avenoso D.","Ann Hematol. 2025 Apr;104(4):2527-2528. doi: 10.1007/s00277-025-06281-6. Epub 2025 Feb 26.","Galli M","Ann Hematol","2025","2025/02/26","PMC12052865","","10.1007/s00277-025-06281-6"
"34349169","Deciphering the biology of KIR2DL3(+) T lymphocytes that are associated to relapse in haploidentical HSCT","David G, Willem C, Legrand N, Djaoud Z, Mérieau P, Walencik A, Guillaume T, Gagne K, Chevallier P, Retière C.","Sci Rep. 2021 Aug 4;11(1):15782. doi: 10.1038/s41598-021-95245-7.","David G","Sci Rep","2021","2021/08/05","PMC8338934","","10.1038/s41598-021-95245-7"
"26183076","Phase II Study of Nonmyeloablative Allogeneic Bone Marrow Transplantation for B Cell Lymphoma with Post-Transplantation Rituximab and Donor Selection Based First on Non-HLA Factors","Kanakry JA, Gocke CD, Bolaños-Meade J, Gladstone DE, Swinnen LJ, Blackford AL, Fuchs EJ, Huff CA, Borrello I, Matsui WH, Brodsky RA, Rosner GL, Shanbhag S, Luznik L, Jones RJ, Ambinder RF, Kasamon YL.","Biol Blood Marrow Transplant. 2015 Dec;21(12):2115-2122. doi: 10.1016/j.bbmt.2015.07.012. Epub 2015 Jul 14.","Kanakry JA","Biol Blood Marrow Transplant","2015","2015/07/18","PMC4639455","NIHMS708987","10.1016/j.bbmt.2015.07.012"
"41360330","Cladribine as an Alternative to Fludarabine in Melphalan and Total Body Irradiation-Based Reduced Intensity Conditioning","Sahin U, Urlu SM, Gokmen A, Arslan O, Ozcan M.","Transplant Cell Ther. 2026 Apr;32(4):468.e1-468.e14. doi: 10.1016/j.jtct.2025.12.010. Epub 2025 Dec 6.","Sahin U","Transplant Cell Ther","2026","2025/12/08","","","10.1016/j.jtct.2025.12.010"
"24747336","Total body irradiation and cyclophosphamide plus antithymocyte globulin regimen is well tolerated and promotes stable engraftment as a preparative regimen before T cell-replete haploidentical transplantation for acute leukemia","Fu H, Xu L, Liu D, Liu K, Zhang X, Chen H, Chen Y, Han W, Wang Y, Wang J, Wang F, Huang X.","Biol Blood Marrow Transplant. 2014 Aug;20(8):1176-82. doi: 10.1016/j.bbmt.2014.04.012. Epub 2014 Apr 18.","Fu H","Biol Blood Marrow Transplant","2014","2014/04/22","","","10.1016/j.bbmt.2014.04.012"
"35286719","Does recipient body mass index inform donor selection for allogeneic haematopoietic cell transplantation?","Abou-Ismail MY, Fraser R, Allbee-Johnson M, Metheny L 3rd, Ravi G, Ahn KW, Bhatt NS, Lazarus HM, de Lima M, El Jurdy N, Hematti P, Beitinjaneh AM, Nishihori T, Badawy SM, Sharma A, Pasquini MC, Savani BN, Sorror ML, Stadtmauer EA, Chhabra S.","Br J Haematol. 2022 May;197(3):326-338. doi: 10.1111/bjh.18108. Epub 2022 Mar 14.","Abou-Ismail MY","Br J Haematol","2022","2022/03/14","PMC9675037","NIHMS1839600","10.1111/bjh.18108"
"40879525","Impact of Donor Type on Outcomes After Allogeneic Hematopoietic Cell Transplantation in Myelofibrosis: A Study on Behalf of the Chronic Malignancies Working Party of the EBMT","Hernández-Boluda JC, Sheth V, Iacobelli S, Koster L, Kröger N, Chiusolo P, Schroeder T, Robin M, Gambella M, Blaise D, Sengeloev H, Passweg J, Stelljes M, Zeiser R, Yakoub-Agha I, Clark A, Salmenniemi U, Galieni P, Rabisch W, Raj K, Drozd-Sokolowska J, Battipaglia G, Polverelli N, Czerw T, McLornan DP.","Am J Hematol. 2025 Nov;100(11):2028-2039. doi: 10.1002/ajh.70049. Epub 2025 Aug 29.","Hernández-Boluda JC","Am J Hematol","2025","2025/08/29","PMC12516658","","10.1002/ajh.70049"
"40954244","Haploidentical versus matched unrelated donor hematopoietic cell transplantation for adult patients with refractory/relapsed acute lymphoblastic leukemia: a study from the Global Committee and the Acute Leukemia Working Party of the European Society for Blood and Marrow Transplantation","Ru Y, Chen J, Ferhat AT, Einsele H, Tischer J, Blau IW, Angelucci E, Bethge W, Fanin R, Zeiser R, Wu D, Mohty M, Ciceri F, Gorin NC.","Bone Marrow Transplant. 2025 Dec;60(12):1584-1591. doi: 10.1038/s41409-025-02708-w. Epub 2025 Sep 15.","Ru Y","Bone Marrow Transplant","2025","2025/09/15","","","10.1038/s41409-025-02708-w"
"29440002","Effect of donor characteristics on haploidentical transplantation with posttransplantation cyclophosphamide","McCurdy SR, Zhang MJ, St Martin A, Al Malki MM, Bashey A, Gaballa S, Keesler DA, Hamadani M, Norkin M, Perales MA, Reshef R, Rocha V, Romee R, Solh M, Urbano-Ispizua A, Waller EK, Fuchs EJ, Eapen M.","Blood Adv. 2018 Feb 13;2(3):299-307. doi: 10.1182/bloodadvances.2017014829.","McCurdy SR","Blood Adv","2018","2018/02/15","PMC5812334","","10.1182/bloodadvances.2017014829"
"33084101","Haploidentical transplantation in pediatric non-malignant diseases: A retrospective analysis on behalf of the Spanish Group for Hematopoietic Transplantation (GETH)","Torres Canizales J, Ferreras C, Pascual A, Alonso L, Regueiro A, Plaza M, Pérez Hurtado JM, Benito A, Couselo JM, Fuster JL, Díaz-Almirón M, Bueno D, Mozo Y, Gómez López A, Vicario JL, Balas A, Sisinni L, Díaz de Heredia C, Pérez-Martínez A.","Eur J Haematol. 2021 Feb;106(2):196-204. doi: 10.1111/ejh.13536. Epub 2020 Nov 17.","Torres Canizales J","Eur J Haematol","2021","2020/10/21","","","10.1111/ejh.13536"
"36702138","The effect of granulocyte-colony stimulating factor, decitabine, and busulfan-cyclophosphamide versus busulfan-cyclophosphamide conditioning on relapse in patients with myelodysplastic syndrome or secondary acute myeloid leukaemia evolving from myelodysplastic syndrome undergoing allogeneic haematopoietic stem-cell transplantation: an open-label, multicentre, randomised, phase 3 trial","Xuan L, Dai M, Jiang E, Wang Y, Huang F, Fan Z, Xu N, Nie D, Liang X, Chen H, Ye J, Shi P, Liu H, Jin H, Lin R, Yan C, Zhang Y, Sun J, Han M, Liu Q.","Lancet Haematol. 2023 Mar;10(3):e178-e190. doi: 10.1016/S2352-3026(22)00375-1. Epub 2023 Jan 23.","Xuan L","Lancet Haematol","2023","2023/01/26","","","10.1016/S2352-3026(22)00375-1"
"25286698","[Comparing BFA with BuCyA as a myeloablative conditioning regimen for allogeneic stem cell transplantation in acute leukemias]","Tang Y, Li JJ, Chen XC, Liu ZG, Lu ZP, Huang XO, Liu T.","Sichuan Da Xue Xue Bao Yi Xue Ban. 2014 Jul;45(4):675-9.","Tang Y","Sichuan Da Xue Xue Bao Yi Xue Ban","2014","2014/10/08","","",""
"23551397","Reduced dose cyclophosphamide, fludarabine and antithymocyte globulin for sibling and unrelated transplant of children with severe and very severe aplastic anemia","Chung NG, Lee JW, Jang PS, Jeong DC, Cho B, Kim HK.","Pediatr Transplant. 2013 Jun;17(4):387-93. doi: 10.1111/petr.12073. Epub 2013 Apr 3.","Chung NG","Pediatr Transplant","2013","2013/04/05","","","10.1111/petr.12073"
"33724650","Risk factors of BK viral hemorrhagic cystitis in allogenic hematopoietic stem cell transplantation","Kaphan E, Germi R, Bailly S, Bulabois CE, Carré M, Cahn JY, Thiebaut-Bertrand A.","Transpl Infect Dis. 2021 Oct;23(5):e13601. doi: 10.1111/tid.13601. Epub 2021 Jun 13.","Kaphan E","Transpl Infect Dis","2021","2021/03/16","","","10.1111/tid.13601"
"40336316","Improved outcomes of acute lymphoblastic leukemia after allogeneic blood or marrow transplantation with highdose post-transplantation cyclophosphamide in the era of more effective pre-transplant therapy","Webster JA, Reed M, Tsai HL, Imus PH, Smith DB, Ambinder AJ, Levis MJ, DeZern AE, Prince GT, Jain T, Bolaños-Meade J, Gondek LP, Ghiaur G, Dalton WB, Karantanos T, Paul S, Fuchs EJ, Sterling C, Swinnen LJ, Wagner-Johnston N, Ambinder RF, Gocke CB, Ali SA, Huff CA, Luznik L, Varadhan R, Jones RJ, Gojo I.","Haematologica. 2025 Nov 1;110(11):2635-2646. doi: 10.3324/haematol.2025.287433. Epub 2025 May 8.","Webster JA","Haematologica","2025","2025/05/08","PMC12580691","","10.3324/haematol.2025.287433"
"30953027","Fevers post infusion of T-cell replete hla mismatched haploidentical hematopoietic stem cells with post-transplant cyclophosphamide: risk factors and impact on transplant outcomes","Solh MM, Dickhaus E, Solomon SR, Morris LE, Zhang X, Holland HK, Bashey A.","Bone Marrow Transplant. 2019 Nov;54(11):1756-1763. doi: 10.1038/s41409-019-0522-4. Epub 2019 Apr 5.","Solh MM","Bone Marrow Transplant","2019","2019/04/07","","","10.1038/s41409-019-0522-4"
"31431696","Haploidentical stem cell transplantation (HaploSCT) for patients with acute leukemia-an update on behalf of the ALWP of the EBMT","Nagler A, Ruggeri A.","Bone Marrow Transplant. 2019 Aug;54(Suppl 2):713-718. doi: 10.1038/s41409-019-0610-5.","Nagler A","Bone Marrow Transplant","2019","2019/08/22","","","10.1038/s41409-019-0610-5"
"35788088","Lineage-Specific Relapse Prediction After Haploidentical Transplantation With Post-Transplant Cyclophosphamide Based on Recipient HLA-B-Leader Genotype and HLA-C-Group KIR Ligand","Solomon SR, Aubrey MT, Zhang X, Jackson KC, Roark CL, Freed BM, Morris LE, Holland HK, Solh MM, Bashey A.","Transplant Cell Ther. 2022 Sep;28(9):601.e1-601.e8. doi: 10.1016/j.jtct.2022.06.023. Epub 2022 Jul 3.","Solomon SR","Transplant Cell Ther","2022","2022/07/05","","","10.1016/j.jtct.2022.06.023"
"39221255","Anti-PD-1 combined with hypomethylating agent and CAG regimen bridging to allogeneic hematopoietic stem cell transplantation: a novel strategy for relapsed/refractory acute myeloid leukemia","Wang YX, Wang A, Su YF, Wang J, Li YH, Li F, Jing Y, Xu L, Wang YZ, Zheng X, Gao CJ, Hu LD, Gao XN, Liu DH.","Front Immunol. 2024 Aug 16;15:1409302. doi: 10.3389/fimmu.2024.1409302. eCollection 2024.","Wang YX","Front Immunol","2024","2024/09/02","PMC11361969","","10.3389/fimmu.2024.1409302"
"27543157","A Single-Center Experience Comparing Alemtuzumab, Fludarabine, and Melphalan Reduced-Intensity Conditioning with Myeloablative Busulfan, Cyclophosphamide, and Antithymocyte Globulin for Chronic Granulomatous Disease","Khandelwal P, Bleesing JJ, Davies SM, Marsh RA.","Biol Blood Marrow Transplant. 2016 Nov;22(11):2011-2018. doi: 10.1016/j.bbmt.2016.08.013. Epub 2016 Aug 16.","Khandelwal P","Biol Blood Marrow Transplant","2016","2016/08/21","","","10.1016/j.bbmt.2016.08.013"
"21967264","CD40 ligand deficiency with grade III liver fibrosis, transplanted by a treosulphan-based conditioning regimen","Dogu F, Cipe FE, Reisli I, Erden E, Ikinciogullari A.","Exp Clin Transplant. 2011 Oct;9(5):349-52.","Dogu F","Exp Clin Transplant","2011","2011/10/05","","",""
"26071480","High-Dose Sirolimus and Immune-Selective Pentostatin plus Cyclophosphamide Conditioning Yields Stable Mixed Chimerism and Insufficient Graft-versus-Tumor Responses","Mossoba ME, Halverson DC, Kurlander R, Schuver BB, Carpenter A, Hansen B, Steinberg SM, Ali SA, Tageja N, Hakim FT, Gea-Banacloche J, Sportes C, Hardy NM, Hickstein DD, Pavletic SZ, Khuu H, Sabatini M, Stroncek D, Levine BL, June CH, Mariotti J, Rixe O, Fojo AT, Bishop MR, Gress RE, Fowler DH.","Clin Cancer Res. 2015 Oct 1;21(19):4312-20. doi: 10.1158/1078-0432.CCR-15-0340. Epub 2015 Jun 12.","Mossoba ME","Clin Cancer Res","2015","2015/06/14","PMC4592398","NIHMS700909","10.1158/1078-0432.CCR-15-0340"
"31965686","Mendelian susceptibility to mycobacterial disease-Challenges in hematopoietic stem cell transplantation","Patel S, Uppuluri R, Vellaichamy Swaminathan V, Ravichandran N, Melarcode Ramanan K, Raj R.","Pediatr Blood Cancer. 2020 May;67(5):e28187. doi: 10.1002/pbc.28187. Epub 2020 Jan 21.","Patel S","Pediatr Blood Cancer","2020","2020/01/23","","","10.1002/pbc.28187"
"40337996","Outcomes of Allogeneic Hematopoietic Stem Cell Transplantation for Myelodysplastic/Myeloproliferative Overlap Neoplasms","Desai N, Rodriguez-Rodriguez S, Chen C, Moya TA, Al-Shaibani E, Novitzky-Basso I, Pasic I, Michelis FV, Viswabandya A, Kim D, Kumar R, Mattsson J, Law AD.","Eur J Haematol. 2025 Aug;115(2):142-152. doi: 10.1111/ejh.14430. Epub 2025 May 7.","Desai N","Eur J Haematol","2025","2025/05/08","","","10.1111/ejh.14430"
"29355721","Selecting the Best Donor for Haploidentical Transplant: Impact of HLA, Killer Cell Immunoglobulin-Like Receptor Genotyping, and Other Clinical Variables","Solomon SR, Aubrey MT, Zhang X, Piluso A, Freed BM, Brown S, Jackson KC, Morris LE, Holland HK, Solh MM, Bashey A.","Biol Blood Marrow Transplant. 2018 Apr;24(4):789-798. doi: 10.1016/j.bbmt.2018.01.013. Epub 2018 Jan 31.","Solomon SR","Biol Blood Marrow Transplant","2018","2018/01/23","","","10.1016/j.bbmt.2018.01.013"
"37729657","Risk factors for severity in seasonal respiratory viral infections and how they guide management in hematopoietic cell transplant recipients","Matsui T, Ogimi C.","Curr Opin Infect Dis. 2023 Dec 1;36(6):529-536. doi: 10.1097/QCO.0000000000000968. Epub 2023 Sep 20.","Matsui T","Curr Opin Infect Dis","2023","2023/09/20","","","10.1097/QCO.0000000000000968"
"26497906","Outcomes of Haploidentical Stem Cell Transplantation for Lymphoma with Melphalan-Based Conditioning","Brammer JE, Khouri I, Gaballa S, Anderlini P, Tomuleasa C, Ahmed S, Ledesma C, Hosing C, Champlin RE, Ciurea SO.","Biol Blood Marrow Transplant. 2016 Mar;22(3):493-8. doi: 10.1016/j.bbmt.2015.10.015. Epub 2015 Oct 20.","Brammer JE","Biol Blood Marrow Transplant","2016","2015/10/27","","","10.1016/j.bbmt.2015.10.015"
"33277285","Randomised controlled trial of conditioning regimen for cord blood transplantation for adult myeloid malignancies comparing high-dose cytarabine/cyclophosphamide/total body irradiation with versus without G-CSF priming: G-CONCORD study protocol","Terakura S, Konuma T, Tanaka M, Ozawa Y, Onizuka M, Nanno S, Onishi Y, Aotsuka N, Kondo T, Kawakita T, Kato J, Kobayashi T, Nishida T, Yamaguchi T, Kuwatsuka Y, Takahashi S.","BMJ Open. 2020 Dec 4;10(12):e040467. doi: 10.1136/bmjopen-2020-040467.","Terakura S","BMJ Open","2020","2020/12/05","PMC7722372","","10.1136/bmjopen-2020-040467"
"26685771","Outcomes after use of two standard ablative regimens in patients with refractory acute myeloid leukaemia: a retrospective, multicentre, registry analysis","Nagler A, Savani BN, Labopin M, Polge E, Passweg J, Finke J, Kyrcz-Krzemien S, Volin L, Anagnostopoulos A, Aljurf M, Beelen DW, Vigouroux S, Milpied N, Suarez F, Mohty M.","Lancet Haematol. 2015 Sep;2(9):e384-92. doi: 10.1016/S2352-3026(15)00146-5. Epub 2015 Aug 24.","Nagler A","Lancet Haematol","2015","2015/12/22","","","10.1016/S2352-3026(15)00146-5"
"36453638","Cord blood transplantation for nonmalignant disorders: early functional immunity and high survival","Martinez C, Aguayo-Hiraldo P, Chaimowitz N, Forbes L, Rider N, Nicholas S, Seeborg F, Chinen J, Chinn I, Davis C, Roseblatt H, Noroski L, Omer B, John T, Yassine K, Naik S, Craddock J, Bhar S, Allen C, Ahmed N, Sasa G, Steffin D, Doherty E, George A, Salem B, Friend B, Hegde M, Brenner MK, Heslop HE, Leen A, Peña A, Wu M, Hanson IC, Krance RA.","Blood Adv. 2023 May 9;7(9):1823-1830. doi: 10.1182/bloodadvances.2022009038.","Martinez C","Blood Adv","2023","2022/12/01","PMC10165184","","10.1182/bloodadvances.2022009038"
"32047237","ATIR101 administered after T-cell-depleted haploidentical HSCT reduces NRM and improves overall survival in acute leukemia","Roy DC, Walker I, Maertens J, Lewalle P, Olavarria E, Selleslag D, Lachance S, Buyse M, Wang K, Rovers J, Santi I, Bonig H, Sandler A, Velthuis J, Mielke S.","Leukemia. 2020 Jul;34(7):1907-1923. doi: 10.1038/s41375-020-0733-0. Epub 2020 Feb 11.","Roy DC","Leukemia","2020","2020/02/13","PMC7326707","","10.1038/s41375-020-0733-0"
"31089272","CTLA4Ig-based T-cell costimulation blockade is associated with reduction of adenovirus viremia following post-transplantation cyclophosphamide-based haploidentical transplantation","Jaiswal SR, Bhakuni P, Bhagawati G, Chakrabarti A, Chakrabarti S.","Bone Marrow Transplant. 2020 Mar;55(3):649-652. doi: 10.1038/s41409-019-0549-6. Epub 2019 May 14.","Jaiswal SR","Bone Marrow Transplant","2020","2019/05/16","","","10.1038/s41409-019-0549-6"
"21835146","Progress in haploidentical stem cell transplantation","Bayraktar UD, Champlin RE, Ciurea SO.","Biol Blood Marrow Transplant. 2012 Mar;18(3):372-80. doi: 10.1016/j.bbmt.2011.08.001. Epub 2011 Aug 9.","Bayraktar UD","Biol Blood Marrow Transplant","2012","2011/10/05","PMC7209908","NIHMS1579464","10.1016/j.bbmt.2011.08.001"
"38753458","The use of haploidentical stem cell transplant as an alternative donor source in patients with decreased access to matched unrelated donors","Graham C, Litzow M.","Hematology. 2024 Dec;29(1):2338300. doi: 10.1080/16078454.2024.2338300. Epub 2024 May 16.","Graham C","Hematology","2024","2024/05/16","","","10.1080/16078454.2024.2338300"
"40767562","Reduced-intensity conditioning for allogeneic transplantation in classical Hodgkin lymphoma","Narvel H, Ahmed G, Hamadani M.","Expert Rev Hematol. 2025 Nov;18(11):935-944. doi: 10.1080/17474086.2025.2545336. Epub 2025 Aug 8.","Narvel H","Expert Rev Hematol","2025","2025/08/06","","","10.1080/17474086.2025.2545336"
"38468829","Comparison of Infectious Complications in Patients Receiving High-Dose Cyclophosphamide as GvHD Prophylaxis After Transplantation From A 9/10 HLA-Matched Unrelated Donor with Standard GvHD Prophylaxis After Transplant From A Fully Matched Related Donor","Sayýn S, Yýldýrým M, Cömert M, Uğur B, Yýlmaz EŞ, Avcu F, Ural AU, Aylı M.","Mediterr J Hematol Infect Dis. 2024 Mar 1;16(1):e2024016. doi: 10.4084/MJHID.2024.016. eCollection 2024.","Sayýn S","Mediterr J Hematol Infect Dis","2024","2024/03/12","PMC10927186","","10.4084/MJHID.2024.016"
"41170906","Functional recovery of NK cells after T-cell replete haploidentical HSCT: delayed licensing and poor anti-acute myeloid leukemia activity","Jullien M, Ferron E, Willem C, David G, Legrand N, Duquesne A, Bouzy S, Bastien M, Garnier A, Guillaume T, Le Bourgeois A, Vantyghem S, Peterlin P, Gagne K, Chevallier P, Retière C.","Blood Adv. 2026 Feb 10;10(3):665-681. doi: 10.1182/bloodadvances.2025017707.","Jullien M","Blood Adv","2026","2025/10/31","PMC12870776","","10.1182/bloodadvances.2025017707"
"33829299","Allogeneic stem cell transplantation for mantle cell lymphoma-update of the prospective trials of the East German Study Group Hematology/Oncology (OSHO#60 and #74)","Krüger WH, Hirt C, Basara N, Sayer HG, Behre G, Fischer T, Grobe N, Maschmeyer G, Neumann T, Schneidewind L, Niederwieser D, Dölken G, Schmidt CA.","Ann Hematol. 2021 Jun;100(6):1569-1577. doi: 10.1007/s00277-021-04506-y. Epub 2021 Apr 8.","Krüger WH","Ann Hematol","2021","2021/04/08","PMC8116228","","10.1007/s00277-021-04506-y"
"33060839","Comparison of myeloablative and reduced intensity conditioning regimens in haploidentical peripheral blood stem cell transplantation","Modi D, Kim S, Deol A, Ayash L, Ratanatharathorn V, Uberti JP.","Bone Marrow Transplant. 2021 Mar;56(3):741-744. doi: 10.1038/s41409-020-01079-8. Epub 2020 Oct 16.","Modi D","Bone Marrow Transplant","2021","2020/10/16","","","10.1038/s41409-020-01079-8"
"21381288","[Umbilical cord blood cell transplantation from an unrelated donor: dual transplantation]","Bautista G, Regidor C, Gonzalo-Daganzo R, Cabrera JR.","Methods Find Exp Clin Pharmacol. 2010 Dec;32 Suppl A:47-51.","Bautista G","Methods Find Exp Clin Pharmacol","2010","2011/03/09","","",""
"28067886","Dose-adapted post-transplant cyclophosphamide for HLA-haploidentical transplantation in Fanconi anemia","Thakar MS, Bonfim C, Walters MC, Storb R, Pasquini R, Burroughs L, Sandmaier BM, Woolfrey A, Kiem HP.","Bone Marrow Transplant. 2017 Apr;52(4):570-573. doi: 10.1038/bmt.2016.301. Epub 2017 Jan 9.","Thakar MS","Bone Marrow Transplant","2017","2017/01/10","PMC5382060","NIHMS812977","10.1038/bmt.2016.301"
"40808659","The impact of tacrolimus levels on acute GVHD and transplant outcomes in haploidentical hematopoietic stem cell transplantation: A retrospective analysis","Nikoloudis A, Buxhofer-Ausch V, Kunte A, Groiss C, Mair L, Aichinger C, Binder M, Hasengruber P, Kaynak E, Wipplinger D, Milanov R, Strassl I, Stiefel O, Machherndl-Spandl S, Rumpold H, Weltermann A, Petzer A, Clausen J.","Cell Transplant. 2025 Jan-Dec;34:9636897251366368. doi: 10.1177/09636897251366368. Epub 2025 Aug 14.","Nikoloudis A","Cell Transplant","2025","2025/08/14","PMC12357010","","10.1177/09636897251366368"
"29412158","Allogeneic Hematopoietic Stem Cell Transplantation for GATA2 Deficiency Using a Busulfan-Based Regimen","Parta M, Shah NN, Baird K, Rafei H, Calvo KR, Hughes T, Cole K, Kenyon M, Schuver BB, Cuellar-Rodriguez J, Zerbe CS, Holland SM, Hickstein DD.","Biol Blood Marrow Transplant. 2018 Jun;24(6):1250-1259. doi: 10.1016/j.bbmt.2018.01.030. Epub 2018 Feb 3.","Parta M","Biol Blood Marrow Transplant","2018","2018/02/08","PMC5993597","NIHMS939579","10.1016/j.bbmt.2018.01.030"
"35022420","Robust COVID-19 vaccination response after allogeneic stem cell transplantation using post transplantation cyclophosphamide conditioning","Morsink LM, van Doesum J, Choi G, Hazenberg CLE, Biswana A, Meppelink F, Bungener LB, Lambeck AJA, Huls G.","Blood Cancer J. 2022 Jan 12;12(1):6. doi: 10.1038/s41408-021-00605-1.","Morsink LM","Blood Cancer J","2022","2022/01/13","PMC8754065","","10.1038/s41408-021-00605-1"
"36690811","Allogeneic BCMA-targeting CAR T cells in relapsed/refractory multiple myeloma: phase 1 UNIVERSAL trial interim results","Mailankody S, Matous JV, Chhabra S, Liedtke M, Sidana S, Oluwole OO, Malik S, Nath R, Anwer F, Cruz JC, Htut M, Karski EE, Lovelace W, Dillon M, Butz E, Ying W, Balakumaran A, Kumar SK.","Nat Med. 2023 Feb;29(2):422-429. doi: 10.1038/s41591-022-02182-7. Epub 2023 Jan 23.","Mailankody S","Nat Med","2023","2023/01/23","","","10.1038/s41591-022-02182-7"
"30617644","Comparable outcome after haploidentical and HLA-matched allogeneic stem cell transplantation for high-risk acute myeloid leukemia following sequential conditioning-a matched pair analysis","Doppelhammer M, Fraccaroli A, Prevalsek D, Bücklein V, Häbe S, Schulz C, Hubmann M, Hausmann A, Claus R, Rank A, Schmid C, Tischer J.","Ann Hematol. 2019 Mar;98(3):753-762. doi: 10.1007/s00277-019-03593-2. Epub 2019 Jan 8.","Doppelhammer M","Ann Hematol","2019","2019/01/09","","","10.1007/s00277-019-03593-2"
"39332808","Biologically Randomized Comparison of Haploidentical Versus Human Leukocyte Antigen-Matched Related Donor Reduced-Intensity Conditioning Hematopoietic Cell Transplantation","Grunwald MR, Sha W, He J, Sanikommu S, Gerber JM, Ai J, Knight TG, Fasan O, Boseman V, Kaizen W, Chojecki A, Ragon BK, Symanowski J, Avalos B, Copelan E, Ghosh N.","Transplant Cell Ther. 2024 Dec;30(12):1211.e1-1211.e11. doi: 10.1016/j.jtct.2024.09.021. Epub 2024 Sep 26.","Grunwald MR","Transplant Cell Ther","2024","2024/09/27","","","10.1016/j.jtct.2024.09.021"
"33830029","Improved Outcomes of Haploidentical Hematopoietic Cell Transplantation with Total Body Irradiation-Based Myeloablative Conditioning in Acute Lymphoblastic Leukemia","Dholaria B, Labopin M, Angelucci E, Tischer J, Arat M, Ciceri F, Gülbas Z, Ozdogu H, Sica S, Diez-Martin JL, Koc Y, Pavlu J, Socié G, Giebel S, Savani BN, Nagler A, Mohty M.","Transplant Cell Ther. 2021 Feb;27(2):171.e1-171.e8. doi: 10.1016/j.jtct.2020.10.008. Epub 2020 Dec 11.","Dholaria B","Transplant Cell Ther","2021","2021/04/08","","","10.1016/j.jtct.2020.10.008"
"28262921","Cardiomyopathy in patients after posttransplant cyclophosphamide-based hematopoietic cell transplantation","Lin CJ, Vader JM, Slade M, DiPersio JF, Westervelt P, Romee R.","Cancer. 2017 May 15;123(10):1800-1809. doi: 10.1002/cncr.30534. Epub 2017 Mar 6.","Lin CJ","Cancer","2017","2017/03/07","","","10.1002/cncr.30534"
"27788762","Selecting the best haploidentical donor","McCurdy SR, Fuchs EJ.","Semin Hematol. 2016 Oct;53(4):246-251. doi: 10.1053/j.seminhematol.2016.08.001. Epub 2016 Aug 15.","McCurdy SR","Semin Hematol","2016","2016/10/30","","","10.1053/j.seminhematol.2016.08.001"
"41394844","Donor age as an independent predictor of inferior outcomes after haploidentical hematopoietic cell transplantation in acute myeloid leukemia. Study conducted on behalf of GETH-TC","Munárriz D, Pérez-López E, Martín Rodríguez C, Luque M, Esquirol A, Calvo CM, Aparicio C, Peña-Muñóz F, Heras Fernando I, Oiartzabal Ormtegi I, Sáez Marín AJ, Fernández-Luis S, Domínguez-García JJ, Villar Fernández S, López-Lorenzo JL, Acosta Fleitas C, González-Rodriguez AP, García L, Torrado T, Filaferro S, Balsalobre P, Pascual Cascon MJ, Rovira M, Queralt Salas M.","Front Immunol. 2025 Nov 28;16:1700463. doi: 10.3389/fimmu.2025.1700463. eCollection 2025.","Munárriz D","Front Immunol","2025","2025/12/15","PMC12698473","","10.3389/fimmu.2025.1700463"
"24185585","Unmanipulated haploidentical BMT following non-myeloablative conditioning and post-transplantation CY for advanced Hodgkin's lymphoma","Raiola A, Dominietto A, Varaldo R, Ghiso A, Galaverna F, Bramanti S, Todisco E, Sarina B, Giordano L, Ibatici A, Santoro A, Clavio M, Bacigalupo A, Castagna L.","Bone Marrow Transplant. 2014 Feb;49(2):190-4. doi: 10.1038/bmt.2013.166. Epub 2013 Nov 4.","Raiola A","Bone Marrow Transplant","2014","2013/11/05","","","10.1038/bmt.2013.166"
"31202434","Immune reconstitution after T-cell replete HLA-haploidentical transplantation","McCurdy SR, Luznik L.","Semin Hematol. 2019 Jul;56(3):221-226. doi: 10.1053/j.seminhematol.2019.03.005. Epub 2019 Mar 26.","McCurdy SR","Semin Hematol","2019","2019/06/17","","","10.1053/j.seminhematol.2019.03.005"
"29374826","Hematopoietic stem cell transplantation for acute myeloid leukemia","Takami A.","Int J Hematol. 2018 May;107(5):513-518. doi: 10.1007/s12185-018-2412-8. Epub 2018 Jan 27.","Takami A","Int J Hematol","2018","2018/01/29","","","10.1007/s12185-018-2412-8"
"33234127","Haploidentical related donor compared to HLA-identical donor transplantation for chemosensitive Hodgkin lymphoma patients","Castagna L, Busca A, Bramanti S, Raiola Anna M, Malagola M, Ciceri F, Arcese W, Vallisa D, Patriarca F, Specchia G, Raimondi R, Devillier R, Furst S, Giordano L, Sarina B, Mariotti J, Olivieri A, Bouabdallah R, Carlo-Stella C, Rambaldi A, Santoro A, Corradini P, Bacigalupo A, Bonifazi F, Blaise D.","BMC Cancer. 2020 Nov 24;20(1):1140. doi: 10.1186/s12885-020-07602-w.","Castagna L","BMC Cancer","2020","2020/11/25","PMC7685618","","10.1186/s12885-020-07602-w"
"33005413","High-dose post-transplant cyclophosphamide impairs γδ T-cell reconstitution after haploidentical haematopoietic stem cell transplantation using low-dose antithymocyte globulin and peripheral blood stem cell graft","Stocker N, Gaugler B, Labopin M, Farge A, Ye Y, Ricard L, Brissot E, Duléry R, Sestili S, Battipaglia G, Médiavilla C, Paviglianiti A, Banet A, Van De Wyngaert Z, Ledraa T, Mohty M, Malard F.","Clin Transl Immunology. 2020 Sep 23;9(9):e1171. doi: 10.1002/cti2.1171. eCollection 2020.","Stocker N","Clin Transl Immunology","2020","2020/10/02","PMC7511259","","10.1002/cti2.1171"
"40090009","HLA-haploidentical stem cell transplantation for chronic granulomatous disease: an EBMT-IEWP retrospective study","Riller Q, Hauri M, Lum SH, Knippenberg J, Sirait T, Laberko A, Halahleh K, Hashem H, Karakukcu M, Sengeloev H, Porta F, Bruno B, Zecca M, Aksoylar S, Barlogis V, Schuetz C, Buechner J, Faraci M, Wehr C, Holter W, Mellgren K, Locatelli F, Martinez AP, Suarez F, Moshous D, Gennery AR, Balashov D, Albert MH, Slatter M, Güngör T, Neven B.","Blood. 2025 May 22;145(21):2518-2527. doi: 10.1182/blood.2024026915.","Riller Q","Blood","2025","2025/03/16","","","10.1182/blood.2024026915"
"41109900","Outcomes of primary graft failure in acute myeloid leukemia patients following unrelated transplantation with post-transplant cyclophosphamide: a study from the ALWP/EBMT","Nagler A, Galimard JE, Kayser S, Kulagin A, Blaise D, Parovichnikova E, Versluis J, Itäla-Remes M, Choi G, Martino Bufarull R, Sica S, Roeven MWH, von dem Borne P, Bazarbachi A, Sanz J, Mohty M, Ciceri F.","Bone Marrow Transplant. 2026 Jan;61(1):51-58. doi: 10.1038/s41409-025-02726-8. Epub 2025 Oct 18.","Nagler A","Bone Marrow Transplant","2026","2025/10/18","PMC12819139","","10.1038/s41409-025-02726-8"
"33082748","Haploidentical Hematopoietic Cell Transplantation Using Posttransplant Cyclophosphamide for Sézary Syndrome","Kanda-Kato M, Yoshioka S, Ishikawa T.","Case Rep Oncol. 2020 Sep 1;13(2):1053-1058. doi: 10.1159/000509347. eCollection 2020 May-Aug.","Kanda-Kato M","Case Rep Oncol","2020","2020/10/21","PMC7548877","","10.1159/000509347"
"31173900","Who Is a Better Donor for Recipients of Allogeneic Hematopoietic Cell Transplantation: A Young HLA-Mismatched Haploidentical Relative or an Older Fully HLA-Matched Sibling or Unrelated Donor?","Karam E, Laporte J, Solomon SR, Morris LE, Zhang X, Holland HK, Bashey A, Solh MM.","Biol Blood Marrow Transplant. 2019 Oct;25(10):2054-2060. doi: 10.1016/j.bbmt.2019.05.031. Epub 2019 Jun 4.","Karam E","Biol Blood Marrow Transplant","2019","2019/06/08","","","10.1016/j.bbmt.2019.05.031"
"34627447","[Allogeneic Hematopoietic Stem Cell Transplantation for Paroxysmal Nocturnal Hemoglobinuria]","Wu JY, Meng FK, Cao Y, Xu JH, Huang LF, Wang N, Zhang DH, Zhang YC, Zhou JF, Xiao Y.","Zhongguo Shi Yan Xue Ye Xue Za Zhi. 2021 Oct;29(5):1601-1605. doi: 10.19746/j.cnki.issn.1009-2137.2021.05.036.","Wu JY","Zhongguo Shi Yan Xue Ye Xue Za Zhi","2021","2021/10/10","","","10.19746/j.cnki.issn.1009-2137.2021.05.036"
"30582393","Hematopoietic stem cell transplant with HLA-mismatched grafts: impact of donor, source, conditioning, and graft versus host disease prophylaxis","Metheny L, de Lima M.","Expert Rev Hematol. 2019 Jan;12(1):47-60. doi: 10.1080/17474086.2019.1562331. Epub 2018 Dec 29.","Metheny L","Expert Rev Hematol","2019","2018/12/25","","","10.1080/17474086.2019.1562331"
"29283908","Have haploidentical transplants replaced umbilical cord transplants for acute leukemias?","Liu JH, Kanakry CG, Luznik L.","Curr Opin Hematol. 2018 Mar;25(2):103-111. doi: 10.1097/MOH.0000000000000412.","Liu JH","Curr Opin Hematol","2018","2017/12/29","","","10.1097/MOH.0000000000000412"
"38979885","Outcomes with low dose anti-thymocyte globulin based graft versus host disease prophylaxis after mismatched unrelated donor allogeneic hematopoietic cell transplantation","Chalchal H, Dhir V, Masurekar A, Atkins H, Bredeson C, Kennah M, Kekre N, Allan D, Vasudevan Nampoothiri R.","Eur J Haematol. 2024 Oct;113(4):543-549. doi: 10.1111/ejh.14274. Epub 2024 Jul 9.","Chalchal H","Eur J Haematol","2024","2024/07/09","","","10.1111/ejh.14274"
"37131080","Successful treatment of DOCK8 deficiency by allogeneic hematopoietic cell transplantation from alternative donors","Kono A, Wakamatsu M, Umezawa Y, Muramatsu H, Fujiwara H, Tomomasa D, Inoue K, Hattori K, Mitsui T, Takada H, Minegishi Y, Takahashi Y, Yamamoto M, Mori T, Kanegane H.","Int J Hematol. 2023 Oct;118(4):519-525. doi: 10.1007/s12185-023-03613-y. Epub 2023 May 3.","Kono A","Int J Hematol","2023","2023/05/02","","","10.1007/s12185-023-03613-y"
"31844931","When an HLA identical donor is not available in adults with hematological neoplasms: single-center comparison of single-unit cord blood transplantation and haploidentical-related PBSC transplantation with PTCy using a standardized conditioning platform (thiotepa-busulfan-fludarabine)","Esquirol A, Querol S, Garcia-Cadenas I, Novelli S, Garrido A, Saavedra S, Moreno C, Granell M, Caballero A, Brunet S, Briones J, Martino R, Sierra J.","Ann Hematol. 2020 Jan;99(1):157-165. doi: 10.1007/s00277-019-03870-0. Epub 2019 Dec 17.","Esquirol A","Ann Hematol","2020","2019/12/18","","","10.1007/s00277-019-03870-0"
"35526780","Invasive Yeast Infection after Haploidentical Donor Hematopoietic Cell Transplantation Associated with Cytokine Release Syndrome","Little JS, Shapiro RM, Aleissa MM, Kim A, Chang JBP, Kubiak DW, Zhou G, Antin JH, Koreth J, Nikiforow S, Cutler CS, Romee R, Issa NC, Ho VT, Gooptu M, Soiffer RJ, Baden LR.","Transplant Cell Ther. 2022 Aug;28(8):508.e1-508.e8. doi: 10.1016/j.jtct.2022.04.023. Epub 2022 May 6.","Little JS","Transplant Cell Ther","2022","2022/05/08","PMC9357112","NIHMS1815334","10.1016/j.jtct.2022.04.023"
"39178345","Cardiac events after allo-HCT in patients with acute myeloid leukemia","Salas MQ, Cascos E, López-García A, Pérez E, Baile-González M, Martín Rodríguez C, Pascual Cascón MJ, Luque M, Esquirol A, Heras Fernando I, Peña-Muñóz F, Oiartzabal Ormtegi I, Sáez Marín AJ, Fernández-Luis S, Domínguez-García JJ, Villar Fernández S, Fernández de Sanmamed Girón M, González Pinedo L, García L, González-Rodríguez AP, Torrado T, Filaferro S, Cedillo Á, Ortí G, Jurado Chacón M.","Blood Adv. 2024 Nov 12;8(21):5497-5509. doi: 10.1182/bloodadvances.2024013535.","Salas MQ","Blood Adv","2024","2024/08/23","PMC11538614","","10.1182/bloodadvances.2024013535"
"38137835","Evaluating the Impact of Post-Transplant Cyclophosphamide and Anti-Thymocyte Globulin on CMV Reactivation Following Allogeneic Hematopoietic Stem Cell Transplantation: A Systematic Literature Review","Dybko J, Giordano U, Pilch J, Mizera J, Borkowski A, Dereń-Wagemann I.","J Clin Med. 2023 Dec 18;12(24):7765. doi: 10.3390/jcm12247765.","Dybko J","J Clin Med","2023","2023/12/23","PMC10743888","","10.3390/jcm12247765"
"37173417","Impact of HLA-mismatched unrelated transplantation in patients with adult T-cell leukemia/lymphoma","Inoue Y, Morishima S, Kato K, Ito A, Nakano N, Kuriyama T, Kawakita T, Mori Y, Suehiro Y, Itonaga H, Miyazaki Y, Imada K, Tomori S, Kanda J, Ichinohe T, Atsuta Y, Fukuda T, Yoshimitsu M; ATL Working Group of the Japanese Society for Transplantation and Cellular Therapy.","Bone Marrow Transplant. 2023 Sep;58(9):980-990. doi: 10.1038/s41409-023-02002-7. Epub 2023 May 12.","Inoue Y","Bone Marrow Transplant","2023","2023/05/12","","","10.1038/s41409-023-02002-7"
"41973297","Donor selection for allogeneic hematopoietic cell transplantation in the posttransplant cyclophosphamide era","Ido K, Nakamae H.","Int J Hematol. 2026 Apr 13. doi: 10.1007/s12185-026-04202-5. Online ahead of print.","Ido K","Int J Hematol","2026","2026/04/13","","","10.1007/s12185-026-04202-5"
"33658659","Allogeneic transplantation after PD-1 blockade for classic Hodgkin lymphoma","Merryman RW, Castagna L, Giordano L, Ho VT, Corradini P, Guidetti A, Casadei B, Bond DA, Jaglowski S, Spinner MA, Arai S, Lowsky R, Shah GL, Perales MA, De Colella JMS, Blaise D, Herrera AF, Shouse G, Spilleboudt C, Ansell SM, Nieto Y, Badar T, Hamadani M, Feldman TA, Dahncke L, Singh AK, McGuirk JP, Nishihori T, Chavez J, Serritella AV, Kline J, Mohty M, Dulery R, Stamatoulas A, Houot R, Manson G, Moles-Moreau MP, Orvain C, Bouabdallah K, Modi D, Ramchandren R, Lekakis L, Beitinjaneh A, Frigault MJ, Chen YB, Lynch RC, Smith SD, Rao U, Byrne M, Romancik JT, Cohen JB, Nathan S, Phillips T, Joyce RM, Rahimian M, Bashey A, Ballard HJ, Svoboda J, Torri V, Sollini M, De Philippis C, Magagnoli M, Santoro A, Armand P, Zinzani PL, Carlo-Stella C.","Leukemia. 2021 Sep;35(9):2672-2683. doi: 10.1038/s41375-021-01193-6. Epub 2021 Mar 3.","Merryman RW","Leukemia","2021","2021/03/04","","","10.1038/s41375-021-01193-6"
"38561140","Revised HLA-DP TCE-Core Permissiveness Model Better Defines Relapse Risk and Survival following Haploidentical Transplant","Solomon SR, Aubrey MT, Bachier-Rodriguez L, Solh MM, Jackson KC, Zhang X, Roark CL, Holland HK, Morris LE, Bashey A.","Transplant Cell Ther. 2024 Jun;30(6):608.e1-608.e10. doi: 10.1016/j.jtct.2024.03.027. Epub 2024 Mar 30.","Solomon SR","Transplant Cell Ther","2024","2024/04/01","","","10.1016/j.jtct.2024.03.027"
"32346079","Haploidentical hematopoietic stem cell transplantation in aplastic anemia: a systematic review and meta-analysis of clinical outcome on behalf of the severe aplastic anemia working party of the European group for blood and marrow transplantation (SAAWP of EBMT)","ElGohary G, El Fakih R, de Latour R, Risitano A, Marsh J, Schrezenmeier H, Gluckman E, Höchsmann B, Pierri F, Halkes C, Alzahrani H, De la Fuente J, Cesaro S, Alahmari A, Ahmed SO, Passweg J, Dufour C, Bacigalupo A, Aljurf M.","Bone Marrow Transplant. 2020 Oct;55(10):1906-1917. doi: 10.1038/s41409-020-0897-2. Epub 2020 Apr 28.","ElGohary G","Bone Marrow Transplant","2020","2020/04/30","","","10.1038/s41409-020-0897-2"
"29542029","Clofarabine followed by haploidentical stem cell transplant using fludarabine, busulfan, and total-body irradiation with post-transplant cyclophosphamide in non-remission AML","Rakszawski K, Miki K, Claxton D, Wagner H, Shike H, Mineishi S, Naik S.","Int J Hematol. 2018 Sep;108(3):348-350. doi: 10.1007/s12185-018-2431-5. Epub 2018 Mar 14.","Rakszawski K","Int J Hematol","2018","2018/03/16","","","10.1007/s12185-018-2431-5"
"38817602","The role and novel use of natural killer cells in graft-versus-leukemia reactions after allogeneic transplantation","Hadjis AD, McCurdy SR.","Front Immunol. 2024 May 16;15:1358668. doi: 10.3389/fimmu.2024.1358668. eCollection 2024.","Hadjis AD","Front Immunol","2024","2024/05/31","PMC11137201","","10.3389/fimmu.2024.1358668"
"33755792","A prospective single-center study on CNI-free GVHD prophylaxis with everolimus plus mycophenolate mofetil in allogeneic HCT","Schäfer H, Blümel-Lehmann J, Ihorst G, Bertz H, Wäsch R, Zeiser R, Finke J, Marks R.","Ann Hematol. 2021 Aug;100(8):2095-2103. doi: 10.1007/s00277-021-04487-y. Epub 2021 Mar 23.","Schäfer H","Ann Hematol","2021","2021/03/23","PMC8285343","","10.1007/s00277-021-04487-y"
"39031699","Early Tapering of Cyclosporine Is Feasible in Haploidentical Stem Cell Transplantation: A Single Center Experience","Yaman S, Başci S, Bozan E, Seçilmiş S, Candir BA, Yiğenoğlu TN, Çakar MK, Dal MS, Altuntaş F.","Clin Transplant. 2024 Jun;38(6):e15376. doi: 10.1111/ctr.15376.","Yaman S","Clin Transplant","2024","2024/07/20","","","10.1111/ctr.15376"
"32741088","The incidence, risk factors, and outcomes of acute graft-vs-host disease in pediatric T-cell-replete haploidentical hematopoietic stem cell transplantation","Tang FF, Cheng YF, Xu LP, Zhang XH, Yan CH, Han W, Chen YH, Huang XJ, Wang Y.","Pediatr Transplant. 2020 Nov;24(7):e13793. doi: 10.1111/petr.13793. Epub 2020 Aug 2.","Tang FF","Pediatr Transplant","2020","2020/08/03","","","10.1111/petr.13793"
"39300830","Comparable Results Between 8 and 12 Gray TBI in Combination With Fludarabine and Post-Transplant Cyclophosphamide in MRD-Negative but Not in MRD-Positive Acute Lymphoblastic Leukemia Patients Transplanted in First Complete Remission","Steiner N, Massoud R, Richter J, Perekhrestenko T, Gagelmann N, Niederwieser C, Rathje K, Lastovytska I, Schäfersküpper M, Heidenreich S, Rudolph I, Zeck G, Janson D, Wolschke C, Ayuk FA, Klyuchnikov E, Kröger N.","Eur J Haematol. 2025 Jan;114(1):79-88. doi: 10.1111/ejh.14305. Epub 2024 Sep 19.","Steiner N","Eur J Haematol","2025","2024/09/20","PMC11613535","","10.1111/ejh.14305"
"38462215","Pretransplant Blinatumomab Improves Outcomes in B Cell Acute Lymphoblastic Leukemia Patients Who Undergo Allogeneic Hematopoietic Cell Transplantation","Sayyed A, Chen C, Gerbitz A, Kim DDH, Kumar R, Lam W, Law AD, Lipton JH, Michelis FV, Novitzky-Basso I, Viswabandya A, Mattsson J, Pasic I.","Transplant Cell Ther. 2024 May;30(5):520.e1-520.e12. doi: 10.1016/j.jtct.2024.03.004. Epub 2024 Mar 8.","Sayyed A","Transplant Cell Ther","2024","2024/03/10","","","10.1016/j.jtct.2024.03.004"
"39277653","Cardiac events occurring after allogeneic hematopoietic cell transplantation with post-transplant cyclophosphamide. Study conducted on behalf of the GETH-TC","Salas MQ, Cascos E, López-García A, Pérez-López E, Baile-González M, López-Corral L, Pascual Cascón MJ, Luque M, Esquirol A, Heras Fernando I, Oiartzabal Ormtegi I, Sáez Marín AJ, Peña-Muñóz F, Fernández-Luis S, Domínguez-García JJ, Villar Fernández S, Fernández de Sanmamed Girón M, González Pinedo L, González-Rodríguez AP, Torrado T, García L, Filaferro S, Cedillo Á, Basalobre P, Ortí G, Jurado Chacón M.","Bone Marrow Transplant. 2024 Dec;59(12):1694-1703. doi: 10.1038/s41409-024-02414-z. Epub 2024 Sep 14.","Salas MQ","Bone Marrow Transplant","2024","2024/09/14","","","10.1038/s41409-024-02414-z"
"26354178","Incidence and risk factors for hemorrhagic cystitis in unmanipulated haploidentical transplant recipients","Ruggeri A, Roth-Guepin G, Battipaglia G, Mamez AC, Malard F, Gomez A, Brissot E, Belhocine R, Vekhoff A, Lapusan S, Isnard F, Legrand O, Gozlan J, Boutolleau D, Ledraa T, Labopin M, Rubio MT, Mohty M.","Transpl Infect Dis. 2015 Dec;17(6):822-30. doi: 10.1111/tid.12455. Epub 2015 Nov 25.","Ruggeri A","Transpl Infect Dis","2015","2015/09/11","","","10.1111/tid.12455"
"33794963","Outcome of haploidentical versus matched sibling donors in hematopoietic stem cell transplantation for adult patients with acute lymphoblastic leukemia: a study from the Acute Leukemia Working Party of the European Society for Blood and Marrow Transplantation","Nagler A, Labopin M, Houhou M, Aljurf M, Mousavi A, Hamladji RM, Al Zahrani M, Bondarenko S, Arat M, Angelucci E, Koc Y, Gülbas Z, Sica S, Bourhis JH, Canaani J, Brissot E, Giebel S, Mohty M.","J Hematol Oncol. 2021 Apr 1;14(1):53. doi: 10.1186/s13045-021-01065-7.","Nagler A","J Hematol Oncol","2021","2021/04/02","PMC8017786","","10.1186/s13045-021-01065-7"
"32447351","Peripheral blood regulatory T cells and occurrence of Cytomegalovirus DNAemia after unmanipulated haploidentical allogeneic hematopoietic stem cell transplantation with posttransplant cyclophosphamide","Huntley D, Giménez E, Pascual MJ, Vázquez L, Amat P, Remigia MJ, Hernández M, Hernández-Boluda JC, Gago B, Piñana JL, García M, Pérez A, Alberola J, Gozalbo-Rovira R, Albert E, Solano C, Navarro D.","Bone Marrow Transplant. 2020 Jul;55(7):1493-1496. doi: 10.1038/s41409-020-0950-1. Epub 2020 May 23.","Huntley D","Bone Marrow Transplant","2020","2020/05/25","","","10.1038/s41409-020-0950-1"
"33171719","Haploidentical Stem Cell Transplantation in Lymphomas-Expectations and Pitfalls","Mariotti J, Bramanti S, Santoro A, Castagna L.","J Clin Med. 2020 Nov 7;9(11):3589. doi: 10.3390/jcm9113589.","Mariotti J","J Clin Med","2020","2020/11/11","PMC7695017","","10.3390/jcm9113589"
"23233586","Haploidentical transplantation for hematologic malignancies: where do we stand?","Fuchs EJ.","Hematology Am Soc Hematol Educ Program. 2012;2012:230-6. doi: 10.1182/asheducation-2012.1.230.","Fuchs EJ","Hematology Am Soc Hematol Educ Program","2012","2012/12/13","PMC3657706","NIHMS441136","10.1182/asheducation-2012.1.230"
"26172479","Haploidentical Hematopoietic Stem Cell Transplantation as a Platform for Post-Transplantation Cellular Therapy","Kongtim P, Lee DA, Cooper LJ, Kebriaei P, Champlin RE, Ciurea SO.","Biol Blood Marrow Transplant. 2015 Oct;21(10):1714-20. doi: 10.1016/j.bbmt.2015.07.002. Epub 2015 Jul 11.","Kongtim P","Biol Blood Marrow Transplant","2015","2015/07/15","PMC4825320","NIHMS770691","10.1016/j.bbmt.2015.07.002"
"35031709","Total body irradiation plus fludarabine versus thiotepa, busulfan plus fludarabine as a myeloablative conditioning for adults with acute lymphoblastic leukemia treated with haploidentical hematopoietic cell transplantation. A study by the Acute Leukemia Working Party of the EBMT","Swoboda R, Labopin M, Giebel S, Angelucci E, Arat M, Aljurf M, Sica S, Pavlu J, Socié G, Bernasconi P, Rigacci L, Tischer J, Risitano A, Rovira M, Saccardi R, Pioltelli P, Van Gorkom G, Vitek A, Savani BN, Spyridonidis A, Peric Z, Nagler A, Mohty M.","Bone Marrow Transplant. 2022 Mar;57(3):399-406. doi: 10.1038/s41409-021-01550-0. Epub 2022 Jan 15.","Swoboda R","Bone Marrow Transplant","2022","2022/01/15","","","10.1038/s41409-021-01550-0"
"32303111","CD34+ cell dose effects on clinical outcomes after T-cell replete haploidentical allogeneic hematopoietic stem cell transplantation for acute myeloid leukemia using peripheral blood stem cells. A study from the acute leukemia working Party of the European Society for blood and marrow transplantation (EBMT)","Maffini E, Labopin M, Blaise D, Ciceri F, Gülbas Z, Deconinck E, Leblond V, Chevallier P, Sociè G, Araujo MC, Koc Y, Savani BN, Gorin NC, Lanza F, Nagler A, Mohty M.","Am J Hematol. 2020 Aug;95(8):892-899. doi: 10.1002/ajh.25826. Epub 2020 May 1.","Maffini E","Am J Hematol","2020","2020/04/18","","","10.1002/ajh.25826"
"20055658","Total body irradiation plus cyclophosphamide versus busulphan with cyclophosphamide as conditioning regimen for patients with leukemia undergoing allogeneic stem cell transplantation: a meta-analysis","Shi-Xia X, Xian-Hua T, Hai-Qin X, Bo F, Xiang-Feng T.","Leuk Lymphoma. 2010 Jan;51(1):50-60. doi: 10.3109/10428190903419130.","Shi-Xia X","Leuk Lymphoma","2010","2010/01/09","","","10.3109/10428190903419130"
"33830023","Early and Sustained Expansion of Adaptive Natural Killer Cells Following Haploidentical Transplantation and CTLA4Ig-Primed Donor Lymphocyte Infusions Dissociate Graft-versus-Leukemia and Graft-versus-Host Effects","Jaiswal SR, Chakraborty S, Lakhchaura R, Shashi P, Mehta A, Soni M, Chakrabarti S.","Transplant Cell Ther. 2021 Feb;27(2):144-151. doi: 10.1016/j.jtct.2020.10.005. Epub 2020 Dec 10.","Jaiswal SR","Transplant Cell Ther","2021","2021/04/08","","","10.1016/j.jtct.2020.10.005"
"39996918","Outcomes of Allogeneic Stem Cell Transplant in Patients with Relapsed/Refractory Hodgkin Lymphoma","Ge S, Lepic K, Bhindi R, Berg T, Khalaf D, Leber B, Radford M, Walker I, Davies G, Garcia-Horton A.","Curr Oncol. 2025 Feb 18;32(2):118. doi: 10.3390/curroncol32020118.","Ge S","Curr Oncol","2025","2025/02/25","PMC11854641","","10.3390/curroncol32020118"
"30718798","Unmanipulated haploidentical versus HLA-matched sibling allogeneic hematopoietic stem cell transplantation in relapsed/refractory acute myeloid leukemia: a retrospective study on behalf of the ALWP of the EBMT","Battipaglia G, Boumendil A, Labopin M, Ciceri F, Tischer J, Stelljes M, Ehninger G, Beelen D, Finke J, Van Lint MT, Eder M, Afanasyev B, Fanin R, Mohty M, Ruggeri A, Nagler A.","Bone Marrow Transplant. 2019 Sep;54(9):1499-1510. doi: 10.1038/s41409-019-0459-7. Epub 2019 Feb 4.","Battipaglia G","Bone Marrow Transplant","2019","2019/02/06","","","10.1038/s41409-019-0459-7"
"37900793","Haploidentical Stem Cell Transplantation Using Post-Transplant Cyclophosphamide for T-Cell Prolymphocytic Leukemia after Alemtuzumab Induction Therapy: A Case Report","Okada N, Yamamoto R, Maruoka H, Himeno M, Hiramoto N, Ishikawa T.","Case Rep Oncol. 2023 Aug 11;16(1):604-612. doi: 10.1159/000531471. eCollection 2023 Jan-Dec.","Okada N","Case Rep Oncol","2023","2023/10/30","PMC10601731","","10.1159/000531471"
"30579967","Higher Incidence of Hemorrhagic Cystitis Following Haploidentical Related Donor Transplantation Compared with Matched Related Donor Transplantation","Copelan OR, Sanikommu SR, Trivedi JS, Butler C, Ai J, Ragon BK, Jacobs R, Knight TG, Usmani SZ, Grunwald MR, Ghosh N, Symanowski JT, Shahid Z, Clark PE, He J.","Biol Blood Marrow Transplant. 2019 Apr;25(4):785-790. doi: 10.1016/j.bbmt.2018.12.142. Epub 2018 Dec 20.","Copelan OR","Biol Blood Marrow Transplant","2019","2018/12/24","","","10.1016/j.bbmt.2018.12.142"
"41047333","Encouraging Outcomes of Hematopoeitic Stem Cell Transplantation in Pediatric Sickle Cell Disease- A Decade-Long Experience from the Developing World","Bhayana S, Chakaroborty S, Nathany S, Danewa A, Arora S, Pal Singh P, Pokhriyal S, Kumar N, Swaminathan A, Rastogi Panda N, Arora M, Bhargava R, Dua V.","Hemoglobin. 2025 Sep;49(5):317-322. doi: 10.1080/03630269.2025.2568129. Epub 2025 Oct 5.","Bhayana S","Hemoglobin","2025","2025/10/05","","","10.1080/03630269.2025.2568129"
"40668660","Older matched sibling donor vs young haploidentical donor for older patients with acute myeloid leukemia","Poiré X, Labopin M, Polge E, Blaise D, Chevallier P, Maertens J, Kröger N, Besley C, Nguyen S, Castilla-Llorente C, Socié G, Forcade E, Huynh A, Blau IW, Nagler A, Sanz J, Piemontese S, Mohty M, Ciceri F.","Blood Adv. 2025 Oct 28;9(20):5192-5200. doi: 10.1182/bloodadvances.2024015582.","Poiré X","Blood Adv","2025","2025/07/16","PMC12550718","","10.1182/bloodadvances.2024015582"
"41053510","Upfront memory T cell add-back with haploidentical TCRαβ-depleted graft in adults with haematological malignancies: a nationwide, multicentre, single-arm, prospective study","Koh LP, Linn YC, Boo YL, Ling V, Lim ZY, Poon M, Quek J, Than H, Diong CP, Vellayappan B, Ho A, Lim F, Hwang W, Tan LK, Catapia JRM, Lee J, Wu I, Yeoh KW, Ho B, Looi WS, Ng L, Tuy TT, Loh Y, Soh TG, Gan G, Heng KK, Koh YJ, Leung W.","Bone Marrow Transplant. 2026 Jan;61(1):26-35. doi: 10.1038/s41409-025-02728-6. Epub 2025 Oct 6.","Koh LP","Bone Marrow Transplant","2026","2025/10/06","","","10.1038/s41409-025-02728-6"
"36878429","Once-Daily Foscarnet Is Effective for Human Herpesvirus 6 Reactivation after Hematopoietic Stem Cell Transplantation","Vittayawacharin P, E'Leimat G, Lee BJ, Griffin S, Doh J, Nam H, Blodget E, Jeyakumar D, Kongtim P, Ciurea SO.","Transplant Cell Ther. 2023 Jun;29(6):397.e1-397.e6. doi: 10.1016/j.jtct.2023.02.022. Epub 2023 Mar 4.","Vittayawacharin P","Transplant Cell Ther","2023","2023/03/06","","","10.1016/j.jtct.2023.02.022"
"26293645","Is there a stronger graft-versus-leukemia effect using HLA-haploidentical donors compared with HLA-identical siblings?","Ringdén O, Labopin M, Ciceri F, Velardi A, Bacigalupo A, Arcese W, Ghavamzadeh A, Hamladji RM, Schmid C, Nagler A, Mohty M.","Leukemia. 2016 Feb;30(2):447-55. doi: 10.1038/leu.2015.232. Epub 2015 Aug 21.","Ringdén O","Leukemia","2016","2015/08/22","","","10.1038/leu.2015.232"
"31483332","Recent progress in haploidentical transplantation: is this the optimal choice for alternative donor transplantation?","Watanabe M, Kanda J.","Curr Opin Hematol. 2019 Nov;26(6):406-412. doi: 10.1097/MOH.0000000000000532.","Watanabe M","Curr Opin Hematol","2019","2019/09/05","","","10.1097/MOH.0000000000000532"
"36874098","Post-transplant cyclophosphamide versus anti-thymocyte globulin in allogeneic hematopoietic stem cell transplantation from unrelated donors: A systematic review and meta-analysis","Tang L, Liu Z, Li T, Dong T, Wu Q, Niu T, Liu T, Ji J.","Front Oncol. 2023 Feb 16;13:1071268. doi: 10.3389/fonc.2023.1071268. eCollection 2023.","Tang L","Front Oncol","2023","2023/03/06","PMC9978173","","10.3389/fonc.2023.1071268"
"40656662","Low-dose anti-thymocyte globulin combined with low-dose post-transplant cyclophosphamide: a novel approach to prevent graft-versus-host disease in haploidentical stem cell transplantation","Mandaci Ṣanli N, Ünal A.","Ther Adv Hematol. 2025 Jul 8;16:20406207251353011. doi: 10.1177/20406207251353011. eCollection 2025.","Mandaci Ṣanli N","Ther Adv Hematol","2025","2025/07/14","PMC12246534","","10.1177/20406207251353011"
"40438974","Towards graft-versus-host disease-free alternative donor transplant platforms for patients with acquired aplastic anemia","Oved JH, Bacigalupo A, DeZern AE.","Haematologica. 2025 Aug 1;110(8):1693-1701. doi: 10.3324/haematol.2024.286544. Epub 2025 May 29.","Oved JH","Haematologica","2025","2025/05/29","PMC12358789","","10.3324/haematol.2024.286544"
"34861680","Outcome of allogeneic transplantation for mature T-cell lymphomas: impact of donor source and disease characteristics","Hamadani M, Ngoya M, Sureda A, Bashir Q, Litovich CA, Finel H, Chen Y, Boumendil A, Zain J, Castagna L, Cashen AF, Blaise D, Shadman M, Pastano R, Khimani F, Arat M, Dietrich S, Schmitz N, Glass B, Kharfan-Dabaja MA, Corradini P, Sauter CS, Montoto S, Kwon M, Herrera AF, Dreger P.","Blood Adv. 2022 Feb 8;6(3):920-930. doi: 10.1182/bloodadvances.2021005899.","Hamadani M","Blood Adv","2022","2021/12/03","PMC8945300","","10.1182/bloodadvances.2021005899"
"29795416","Foscarnet treatment of cytomegalovirus infection in haploidentical or unrelated donor transplants","Metafuni E, Chiusolo P, Sica S, Laurenti L, Bregante S, Van Lint MT, Dominietto A, Angelucci E, Bacigalupo A.","Bone Marrow Transplant. 2018 Dec;53(12):1560-1567. doi: 10.1038/s41409-018-0200-y. Epub 2018 May 24.","Metafuni E","Bone Marrow Transplant","2018","2018/05/26","PMC6281566","","10.1038/s41409-018-0200-y"
"33799685","Post-Transplant Cyclophosphamide and Tacrolimus-Mycophenolate Mofetil Combination Governs GVHD and Immunosuppression Need, Reducing Late Toxicities in Allogeneic Peripheral Blood Hematopoietic Cell Transplantation from HLA-Matched Donors","Carnevale-Schianca F, Caravelli D, Gallo S, Becco P, Paruzzo L, Poletto S, Polo A, Mangioni M, Salierno M, Berger M, Pessolano R, Saglio F, Gottardi D, Rota-Scalabrini D, Grignani G, Fizzotti M, Ferrero I, Frascione PMM, D'Ambrosio L, Gaidano V, Gammaitoni L, Sangiolo D, Saglietto A, Vassallo E, Cignetti A, Aglietta M, Fagioli F.","J Clin Med. 2021 Mar 11;10(6):1173. doi: 10.3390/jcm10061173.","Carnevale-Schianca F","J Clin Med","2021","2021/04/03","PMC7998305","","10.3390/jcm10061173"
"40249911","Delayed T-cell recovery after hematopoietic cell transplantation is associated with decreased overall survival in adults","Perales MA, Riches M, He N, Martens MJ, Chemaly RF, Dandoy CE, Hill JA, Diaz MA, Hashmi S, Prockop S, Lazarus HM, Beitinjaneh AM, Hildebrandt GC, Auletta JJ, Szabolcs P.","Blood Adv. 2025 Jul 22;9(14):3502-3517. doi: 10.1182/bloodadvances.2024015288.","Perales MA","Blood Adv","2025","2025/04/18","PMC12274672","","10.1182/bloodadvances.2024015288"
"26401237","Comparison of Three Distinct Prophylactic Agents Against Invasive Fungal Infections in Patients Undergoing Haplo-identical Hematopoietic Stem Cell Transplantation and Post-transplant Cyclophosphamide","El-Cheikh J, Crocchiolo R, Vai A, Furst S, Bramanti S, Sarina B, Granata A, Faucher C, Mohty B, Harbi S, Bouabdallah R, Vey N, Santoro A, Chabannon C, Castagna L, Blaise D.","Mediterr J Hematol Infect Dis. 2015 Aug 20;7(1):e2015048. doi: 10.4084/MJHID.2015.048. eCollection 2015.","El-Cheikh J","Mediterr J Hematol Infect Dis","2015","2015/09/25","PMC4560261","","10.4084/MJHID.2015.048"
"41463278","Complications of Haploidentical Hematopoietic Cell Transplantation with Post-Transplant Cyclophosphamide-A Prospective Study on Behalf of the EBMT Transplant Complications Working Party","Tomaszewska A, Basak GW, Peczynski C, Polge E, Ambron P, Boreland W, Sica S, Arat M, Passweg J, Lorenzo JLL, Salmenniemi U, Jindra P, Kulagin A, Bufarull RM, Eder M, Bekadja MA, Mussetti A, Graham CE, Schoemans H, Penack O, Moiseev I, Perić Z.","Cancers (Basel). 2025 Dec 18;17(24):4029. doi: 10.3390/cancers17244029.","Tomaszewska A","Cancers (Basel)","2025","2025/12/30","PMC12731586","","10.3390/cancers17244029"
"41097656","Safety of Post-Transplant Cyclophosphamide-Based Prophylaxis in AML Patients with Pre-Existing Cardiac Morbidity Undergoing Allogeneic Hematopoietic Cell Transplantation","Torrent-Rodríguez A, Cascos E, Garcés VN, Pérez-López E, Baile-González M, Rodríguez CM, Cascón MJP, Luque M, Esquirol A, Calvo CM, Peña-Muñoz F, Fernando IH, Ormtegi IO, Marín AJS, Fernández-Luis S, Domínguez-García JJ, Fernández SV, Lorenzo JLL, de Sanmamed Girón MF, Pinedo LG, García-Maño L, González-Rodriguez AP, Torrado T, Filaferro S, Basalobre P, Ortí G, Rovira M, Chacón MJ, Salas MQ; GETH-TC.","Cancers (Basel). 2025 Sep 26;17(19):3128. doi: 10.3390/cancers17193128.","Torrent-Rodríguez A","Cancers (Basel)","2025","2025/10/16","PMC12523613","","10.3390/cancers17193128"
"40514013","Association of Cyclosporine Exposure Post-Allogeneic Hematopoietic Cell Transplant With Graft Failure and Relapse Risk in Hematological Malignancies","Alnughmush A, Remberger M, Kulasingam V, Pasic I, Novitzky-Basso I, Law AD, Lam W, Kim DD, Gerbitz A, Kumar R, Viswabandya A, Mattsson J, Michelis FV.","Transplant Cell Ther. 2025 Sep;31(9):695.e1-695.e12. doi: 10.1016/j.jtct.2025.05.024. Epub 2025 Jun 11.","Alnughmush A","Transplant Cell Ther","2025","2025/06/13","","","10.1016/j.jtct.2025.05.024"
"41873853","Reduced-dose anti-thymocyte globulin combined with post-transplant cyclophosphamide versus standard ATG for graft-versus-host disease prophylaxis in haploidentical hematopoietic stem cell transplantation: a focus on chronic GVHD reduction","Guo W, Li B, Tang L, Peng L, Guo S.","Leuk Lymphoma. 2026 Mar 24:1-11. doi: 10.1080/10428194.2026.2645932. Online ahead of print.","Guo W","Leuk Lymphoma","2026","2026/03/24","","","10.1080/10428194.2026.2645932"
"41348040","Donor selection, graft engineering, and dosing oh my!","Moskop A, Talano JA.","Hematology Am Soc Hematol Educ Program. 2025 Dec 5;2025(1):450-457. doi: 10.1182/hematology.2025000736.","Moskop A","Hematology Am Soc Hematol Educ Program","2025","2025/12/05","PMC12891592","","10.1182/hematology.2025000736"
"38918495","Longitudinal outcome over four decades of allogeneic stem cell transplantation: a single center experience","Sanz MÁ, Montoro J, Balaguer-Roselló A, Chorão P, Villalba M, Gómez I, Solves P, Santiago M, Asensi P, Lamas B, Bataller A, Granados P, Eiris J, Martinez D, Lloret P, Louro A, Rebollar P, Perla A, de la Rubia J, Sanz J.","Bone Marrow Transplant. 2024 Oct;59(10):1376-1386. doi: 10.1038/s41409-024-02319-x. Epub 2024 Jun 25.","Sanz MÁ","Bone Marrow Transplant","2024","2024/06/25","","","10.1038/s41409-024-02319-x"
"20939697","Fludarabine, cyclophosphamide, and antithymocyte globulin for matched related and unrelated allogeneic stem cell transplant in severe aplastic anemia","Anderlini P, Acholonu SA, Okoroji GJ, Bassett RE, Shpall EJ, Qazilbash MH, Popat UR, Worth LL, Giralt SA, Champlin RE.","Leuk Lymphoma. 2011 Jan;52(1):137-41. doi: 10.3109/10428194.2010.524328. Epub 2010 Oct 12.","Anderlini P","Leuk Lymphoma","2011","2010/10/14","PMC4238067","NIHMS641628","10.3109/10428194.2010.524328"
"41951842","Haploidentical transplantation with post-transplant cyclophosphamide is not inferior to 9/10-MUD transplantation with ATG in patients with myeloid malignancies","Gantner A, Labuhn S, Fürst D, Mannes S, Flossdorf S, Ayuk FA, Schroeder T, Stelljes M, Zeiser R, Dreger P, Eder M, Blau IW, Schetelig J, Brecht A, Burchert A, Edinger M, Wais V, Schrezenmeier H, Döhner H, Schmeller S, Fleischhauer K, Kröger N, Sala E; German Registry for Hematopoietic Stem Cell Transplantation and cell Therapy, DRST.","Bone Marrow Transplant. 2026 Apr 8. doi: 10.1038/s41409-026-02827-y. Online ahead of print.","Gantner A","Bone Marrow Transplant","2026","2026/04/08","","","10.1038/s41409-026-02827-y"
"39084263","A Tender Reduced-Intensity Conditioning for the Unfit: A Novel 4 Gy Total Body Irradiation-Based Conditioning Followed by Two-Step Haploidentical Stem Cell Transplant, Results of a Prospective Trial","Bi X, Grosso D, Gradone A, Filicko-O'Hara J, McCorkell KA, O'Hara W, Wagner JL, Flomenberg N, Gergis U.","Transplant Cell Ther. 2024 Oct;30(10):1009.e1-1009.e11. doi: 10.1016/j.jtct.2024.07.019. Epub 2024 Jul 30.","Bi X","Transplant Cell Ther","2024","2024/07/31","","","10.1016/j.jtct.2024.07.019"
"35139398","Improving Safety and Outcomes After Allogeneic Hematopoietic Cell Transplantation: A Single-Center Experience","Salas MQ, Pasic I, Remberger M, Novitzky-Basso I, Law AD, Lam W, Chen C, Kim DDH, Michelis FV, Gerbitz A, Viswabandya A, Lipton JH, Kumar R, Mattsson J.","Transplant Cell Ther. 2022 May;28(5):265.e1-265.e9. doi: 10.1016/j.jtct.2022.02.001. Epub 2022 Feb 6.","Salas MQ","Transplant Cell Ther","2022","2022/02/09","","","10.1016/j.jtct.2022.02.001"
"33996594","Letermovir Administration to Prevent Cytomegalovirus Reactivation Is the Potential Risk of Chronic Graft-Versus-Host Disease in Patients Who Received Haploidentical Stem-Cell Transplantation With Post-Transplant Cyclophosphamide","Terao T, Matsuoka KI, Narita K, Tsushima T, Yuyama S, Kuzume A, Tabata R, Miura D, Takeuchi M, Matsue K.","Front Oncol. 2021 Apr 29;11:666774. doi: 10.3389/fonc.2021.666774. eCollection 2021.","Terao T","Front Oncol","2021","2021/05/17","PMC8117228","","10.3389/fonc.2021.666774"
"41871755","GVHD Prophylaxis With ATG and PTCy Versus PTCy-Based Regimens in Haploidentical Stem Cell Transplantation: A CTTC Study","Garcia-Horton A, Salter B, Paulson K, Musto G, Ikuomola O, Bucher O, Seftel M, Truong TH, Hay KA, Prica A, Bhella S, Mattsson J, Pasic I.","Transplant Cell Ther. 2026 Mar 21:S2666-6367(26)00232-0. doi: 10.1016/j.jtct.2026.03.025. Online ahead of print.","Garcia-Horton A","Transplant Cell Ther","2026","2026/03/23","","","10.1016/j.jtct.2026.03.025"
"36031079","Impact of Cytogenetic Risk on Outcomes of Non-T-Cell-Depleted Haploidentical Hematopoietic Cell Transplantation in Patients with Relapsed or Refractory Acute Myeloid Leukemia","Nagler A, Labopin M, Dholaria B, Ciceri F, Fraccaroli A, Blaise D, Fanin R, Bruno B, Forcade E, Vydra J, Chevallier P, Bulabois CE, Jindra P, Bornhäuser M, Canaani J, Sanz J, Savani BN, Spyridonidis A, Giebel S, Brissot E, Bazarbachi A, Esteve J, Mohty M.","Transplant Cell Ther. 2022 Nov;28(11):773.e1-773.e8. doi: 10.1016/j.jtct.2022.08.018. Epub 2022 Aug 27.","Nagler A","Transplant Cell Ther","2022","2022/08/28","","","10.1016/j.jtct.2022.08.018"
"39147891","Comparing transplant outcomes in ALL patients after myeloablative conditioning in mismatch-related or unrelated donor settings","Otoukesh S, Yang D, Mokhtari S, Pourhassan H, Agrawal V, Arslan S, Amanam I, Ball B, Koller P, Salhotra A, Sandhu K, Aribi A, Artz A, Aldoss I, Pullarkat V, Ali H, Blackmon A, Becker P, Curtin P, Stewart F, Smith E, Stein A, Marcucci G, Forman SJ, Nakamura R, Al Malki MM.","Bone Marrow Transplant. 2024 Nov;59(11):1542-1551. doi: 10.1038/s41409-024-02378-0. Epub 2024 Aug 15.","Otoukesh S","Bone Marrow Transplant","2024","2024/08/15","PMC11530400","","10.1038/s41409-024-02378-0"
"28969012","Similar outcomes after haploidentical transplantation with post-transplant cyclophosphamide versus HLA-matched transplantation: a meta-analysis of case-control studies","Gu Z, Wang L, Yuan L, Huang W, Li M, Guan L, Wang Q, Gao Z, Zhao S, Luo L, Wang F, Yang N, Liu D, Aster JC, Gao C.","Oncotarget. 2017 Jun 29;8(38):63574-63586. doi: 10.18632/oncotarget.18862. eCollection 2017 Sep 8.","Gu Z","Oncotarget","2017","2017/10/04","PMC5609944","","10.18632/oncotarget.18862"
"37712429","A retrospective analysis to evaluate if KIR B haplotype donors associate with a reduced risk of relapse in patients with haematological malignancies following haploidentical transplantation at the Blood and Bone Marrow Transplant Unit at Hammersmith Hospital ICHNHST","Byrnes CP, Hastings A, Lacej I, Palanicawandar R, Olavarria E, Anand A.","HLA. 2024 Jan;103(1):e15214. doi: 10.1111/tan.15214. Epub 2023 Sep 15.","Byrnes CP","HLA","2024","2023/09/15","","","10.1111/tan.15214"
"27982315","Haploidentical transplantation of hematopoietic stem cells","Hamerschlak N.","Rev Assoc Med Bras (1992). 2016 Oct;62 Suppl 1:29-33. doi: 10.1590/1806-9282.62.suppl1.29.","Hamerschlak N","Rev Assoc Med Bras (1992)","2016","2016/12/17","","","10.1590/1806-9282.62.suppl1.29"
"29545911","Impact on early outcomes and immune reconstitution of high-dose post-transplant cyclophosphamide vs anti-thymocyte globulin after reduced intensity conditioning peripheral blood stem cell allogeneic transplantation","Retière C, Willem C, Guillaume T, Vié H, Gautreau-Rolland L, Scotet E, Saulquin X, Gagne K, Béné MC, Imbert BM, Clemenceau B, Peterlin P, Garnier A, Chevallier P.","Oncotarget. 2018 Jan 27;9(14):11451-11464. doi: 10.18632/oncotarget.24328. eCollection 2018 Feb 20.","Retière C","Oncotarget","2018","2018/03/17","PMC5837739","","10.18632/oncotarget.24328"
"34219086","[Optimal selection of alternative donors for allogeneic hematopoietic stem cell transplantation]","Watanabe M, Kanda J.","Rinsho Ketsueki. 2021;62(6):593-601. doi: 10.11406/rinketsu.62.593.","Watanabe M","Rinsho Ketsueki","2021","2021/07/05","","","10.11406/rinketsu.62.593"
"41607955","Safety of Post-transplant Cyclophosphamide as a Single Agent for Graft-Versus-Host Disease Prophylaxis After Human Leukocyte Antigen (HLA)-Matched Transplantation With the Japanese Population: A Single-Center Phase Ⅰ/Ⅱ Study","Joyce M, Kurita N, Mathis BJ, Makishima K, Suma S, Sasaki Y, Suehara Y, Hattori K, Sakamoto T, Kato T, Obara N, Chiba S, Nishikii H, Sakata-Yanagimoto M.","Cureus. 2025 Dec 28;17(12):e100251. doi: 10.7759/cureus.100251. eCollection 2025 Dec.","Joyce M","Cureus","2025","2026/01/29","PMC12840819","","10.7759/cureus.100251"
"41890754","Comprehensive management of hematopoietic stem cell transplantation complications: from infection prevention to immune microenvironment reconstruction","Song Z, Han X, Zhou Z, Hua H, Wang F, Zhang X, Wen S.","Front Immunol. 2026 Mar 11;17:1740067. doi: 10.3389/fimmu.2026.1740067. eCollection 2026.","Song Z","Front Immunol","2026","2026/03/27","PMC13012925","","10.3389/fimmu.2026.1740067"
"33781530","Large Granular Lymphocytosis With Cytopenias After Allogeneic Blood or Marrow Transplantation: Clinical Characteristics and Response to Immunosuppressive Therapy","Messmer M, Wake L, Tsai HL, Jones RJ, Varadhan R, Wagner-Johnston N.","Transplant Cell Ther. 2021 Mar;27(3):260.e1-260.e6. doi: 10.1016/j.jtct.2020.12.008. Epub 2020 Dec 16.","Messmer M","Transplant Cell Ther","2021","2021/03/30","","","10.1016/j.jtct.2020.12.008"
"37304258","Results of haploidentical transplant in patients with donor-specific antibodies: a survey on behalf of the Spanish Group of Hematopoietic Transplant and Cell Therapy","Bailén R, Alenda R, Herruzo-Delgado B, Acosta-Fleitas C, Vallés A, Esquirol A, Fonseca M, Solán L, Sánchez-Vadillo I, Bautista G, Bento L, López-Godino O, Pérez-Martínez A, Torrent A, Zanabili J, Calbacho M, Moreno MÁ, Pascual-Cascón MJ, Guerra-Domínguez L, Chinea A, García-Cadenas I, López-Corral L, Boix-Giner F, López Lorenzo JL, Humala K, Duarte R, Sampol A, Heras I, Vicario JL, Balas A, Oarbeascoa G, Fernández-Caldas P, Anguita J, Kwon M.","Front Immunol. 2023 May 26;14:1165759. doi: 10.3389/fimmu.2023.1165759. eCollection 2023.","Bailén R","Front Immunol","2023","2023/06/12","PMC10250708","","10.3389/fimmu.2023.1165759"
"40141738","Post-Transplant Cyclophosphamide-Based GVHD Prophylaxis After Peripheral Blood Stem Cell HLA Identical Transplantation in Patients with Lymphoma: A Prospective Observational Study","Bramanti S, Taurino D, Magri F, De Philippis C, Sarina B, Castagna L, Giordano L, Mariotti J, Mannina D, Santoro A.","Life (Basel). 2025 Mar 3;15(3):393. doi: 10.3390/life15030393.","Bramanti S","Life (Basel)","2025","2025/03/27","PMC11943871","","10.3390/life15030393"
"41060163","Cyclophosphamide post-haploidentical stem cell transplantation experience in an infant with IPEX syndrome","Medina D, Ariza-Insignares C, Restrepo A, Devia Á, Franco A, Lemus R, Olaya M, Milanés R, Pachajoa H.","Biomedica. 2025 Sep 22;45(4):521-527. doi: 10.7705/biomedica.7755.","Medina D","Biomedica","2025","2025/10/08","PMC12537048","","10.7705/biomedica.7755"
"38817703","Human herpesvirus type 6 reactivation after haploidentical hematopoietic cell transplantation with post-transplant cyclophosphamide and antithymocyte globulin: risk factors and clinical impact","Paviglianiti A, Maia T, Gozlan JM, Brissot E, Malard F, Banet A, Van de Wyngaert Z, Ledraa T, Belhocine R, Sestili S, Capes A, Stocker N, Bonnin A, Vekhoff A, Legrand O, Mohty M, Duléry R.","Clin Hematol Int. 2024 Feb 2;6(1):26-38. doi: 10.46989/001c.92525. eCollection 2024.","Paviglianiti A","Clin Hematol Int","2024","2024/05/31","PMC11087003","","10.46989/001c.92525"
"38339351","Human Leukocyte Antigen-Haploidentical Haematopoietic Stem Cell Transplantation Using Post-Transplant Cyclophosphamide for Paediatric Haematological Malignancies","Nishikawa T.","Cancers (Basel). 2024 Jan 31;16(3):600. doi: 10.3390/cancers16030600.","Nishikawa T","Cancers (Basel)","2024","2024/02/10","PMC10854899","","10.3390/cancers16030600"
"40998674","[Haploidentical hematopoietic stem cell transplantation in the treatment of pediatric hematological malignancies (SFGM-TC)]","Sirvent A, Angoso M, Calvo C, Berceanu A, El Quessar A, Fabaron C, Diana JS, Ait D, Fadwa Q, El Kababri M, Paillard C.","Bull Cancer. 2025 Sep 24:S0007-4551(25)00388-1. doi: 10.1016/j.bulcan.2025.07.015. Online ahead of print.","Sirvent A","Bull Cancer","2025","2025/09/25","","","10.1016/j.bulcan.2025.07.015"
"29127275","Allogeneic stem cell transplantation in fully MHC-matched Mauritian cynomolgus macaques recapitulates diverse human clinical outcomes","Burwitz BJ, Wu HL, Abdulhaqq S, Shriver-Munsch C, Swanson T, Legasse AW, Hammond KB, Junell SL, Reed JS, Bimber BN, Greene JM, Webb GM, Northrup M, Laub W, Kievit P, MacAllister R, Axthelm MK, Ducore R, Lewis A, Colgin LMA, Hobbs T, Martin LD, Ferguson B, Thomas CR Jr, Panoskaltsis-Mortari A, Meyers G, Stanton JJ, Maziarz RT, Sacha JB.","Nat Commun. 2017 Nov 10;8(1):1418. doi: 10.1038/s41467-017-01631-z.","Burwitz BJ","Nat Commun","2017","2017/11/12","PMC5681693","","10.1038/s41467-017-01631-z"
"36712899","T-cell replete Haplo-identical HSCT with Post transplant Cyclophosphamide for Hemoglobinopathies: A retrospective analysis from a single center","Choudhary D, Doval D, Sharma SK, Khandelwal V, Setia R, Handoo A.","Blood Cell Ther. 2021 Jan 15;4(2):29-34. doi: 10.31547/bct-2020-014. eCollection 2021 May 25.","Choudhary D","Blood Cell Ther","2021","2023/01/30","PMC9847306","","10.31547/bct-2020-014"
"30620383","Impact of conditioning intensity on outcomes of haploidentical stem cell transplantation for patients with acute myeloid leukemia 45 years of age and over","Santoro N, Labopin M, Ciceri F, Van Lint MT, Nasso D, Blaise D, Arcese W, Tischer J, Bruno B, Ehninger G, Koc Y, Santarone S, Huang XJ, Savani BN, Mohty M, Ruggeri A, Nagler A.","Cancer. 2019 May 1;125(9):1499-1506. doi: 10.1002/cncr.31941. Epub 2019 Jan 8.","Santoro N","Cancer","2019","2019/01/09","","","10.1002/cncr.31941"
"41115629","Impact of Obesity and Weight-Based Chemotherapy Dosing Adjustments on Outcomes of Allogeneic Hematopoietic Cell Transplant for Acute Myeloid Leukemia","Gaskill E, Albanyan O, Naqvi SMH, Mo Q, Belfon A, Nishihori T, Faramand R, Lazaryan A, Hansen DK, Khimani F, Mishra A, Nieder M, Perez L, Liu H, Pidala J, Anasetti C, Bejanyan N, Elmariah H.","Transplant Cell Ther. 2026 Jan;32(1):78.e1-78.e11. doi: 10.1016/j.jtct.2025.09.022. Epub 2025 Oct 20.","Gaskill E","Transplant Cell Ther","2026","2025/10/20","","","10.1016/j.jtct.2025.09.022"
"36422554","Antithymocyte Globulin Plus Post-Transplant Cyclophosphamide Combination as an Effective Strategy for Graft-versus-Host Disease Prevention in Haploidentical Peripheral Blood Stem Cell Transplantation for Children with High-Risk Malignancies","Wu KH, Weng TF, Li JP, Chao YH.","Pharmaceuticals (Basel). 2022 Nov 17;15(11):1423. doi: 10.3390/ph15111423.","Wu KH","Pharmaceuticals (Basel)","2022","2022/11/24","PMC9694437","","10.3390/ph15111423"
"41719957","Impact of ABO compatibility on outcomes after allogeneic hematopoietic cell transplantation (HCT): increased risk of acute GVHD with ABO bidirectional mismatch, independent of traditional and emerging GVHD prophylaxis strategies","Yu Y, Murphy MK, Tan V, Knight RJ, Estalilla K, Slater SE, Kaempf A, Gandhi A, Meyers G, Cook RJ, Maziarz RT, Newell LF.","Cytotherapy. 2026 Apr;28(4):102005. doi: 10.1016/j.jcyt.2025.102005. Epub 2025 Nov 17.","Yu Y","Cytotherapy","2026","2026/02/20","","","10.1016/j.jcyt.2025.102005"
"41368193","Adult-Onset Epstein-Barr Virus-Associated T-Cell Lymphoproliferative Disease with Central Nervous System Involvement","Wada A, Tatetsu H, Endo S, Hirano T, Nishimura N, Tokunaga K, Shichijo T, Higuchi Y, Nakamura T, Izaki M, Eto K, Honda Y, Iyama KI, Nosaka K, Karube K, Mikami Y, Yasunaga JI.","Blood Cell Ther. 2025 Oct 24;8(4):274-280. doi: 10.31547/bct-2025-009. eCollection 2025 Nov 25.","Wada A","Blood Cell Ther","2025","2025/12/10","PMC12682607","","10.31547/bct-2025-009"
"41864573","Impact of Post-Transplant Cyclophosphamide on the Prognostic Value of HCT-CI","Mehta A, Kim HT, Pramudita A, Liney DJ, Dulery R, Ho VT, Cutler CS, Koreth J, Gooptu M, Antin JH, Kelkar AH, Nikiforow S, Wu CJ, Ritz J, Romee R, Soiffer RJ, Shapiro RM.","Transplant Cell Ther. 2026 Mar 19:S2666-6367(26)00229-0. doi: 10.1016/j.jtct.2026.03.018. Online ahead of print.","Mehta A","Transplant Cell Ther","2026","2026/03/21","","","10.1016/j.jtct.2026.03.018"
"30361416","Haploidentical versus unrelated allogeneic stem cell transplantation for relapsed/refractory acute myeloid leukemia: a report on 1578 patients from the Acute Leukemia Working Party of the EBMT","Brissot E, Labopin M, Ehninger G, Stelljes M, Brecht A, Ganser A, Tischer J, Kröger N, Afanasyev B, Finke J, Elmaagacli A, Einsele H, Mohty M, Nagler A.","Haematologica. 2019 Mar;104(3):524-532. doi: 10.3324/haematol.2017.187450. Epub 2018 Oct 25.","Brissot E","Haematologica","2019","2018/10/27","PMC6395335","","10.3324/haematol.2017.187450"
"40541682","Long-Term Outcomes After Allogeneic Hematopoietic Stem Cell Transplantation in Relapsed/Refractory B-Cell Non-Hodgkin Lymphoma: An Italian Multicenter Collaborative Study","Tarella C, Sammassimo S, Frassoni S, Dominietto A, Cerretti R, Micò MC, Pastano R, Pennisi M, Chio MCD, Ghiggi C, De Angelis G, Algarotti A, Chiusolo P, Derenzini E, Sica S, Corradini P, Bagnardi V, Angelucci E, Rambaldi A, Arcese WG, Dodero A, Bacigalupo A.","Transplant Cell Ther. 2025 Oct;31(10):806.e1-806.e19. doi: 10.1016/j.jtct.2025.06.004. Epub 2025 Jun 18.","Tarella C","Transplant Cell Ther","2025","2025/06/20","","","10.1016/j.jtct.2025.06.004"
"38629074","Donor KIR genotype based outcome prediction after allogeneic stem cell transplantation: no land in sight","Schetelig J, Baldauf H, Heidenreich F, Hoogenboom JD, Spellman SR, Kulagin A, Schroeder T, Sengeloev H, Dreger P, Forcade E, Vydra J, Wagner-Drouet EM, Choi G, Paneesha S, Miranda NAA, Tanase A, de Wreede LC, Lange V, Schmidt AH, Sauter J, Fein JA, Bolon YT, He M, Marsh SGE, Gadalla SM, Paczesny S, Ruggeri A, Chabannon C, Fleischhauer K.","Front Immunol. 2024 Apr 2;15:1350470. doi: 10.3389/fimmu.2024.1350470. eCollection 2024.","Schetelig J","Front Immunol","2024","2024/04/17","PMC11019434","","10.3389/fimmu.2024.1350470"
"40290560","Blood Virome After Allogeneic Hematopoietic Stem Cell Transplantation","Hosszu-Fellous K, Cordey S, Masouridi-Levrat S, Simonetta F, Laubscher F, Combescure C, Mamez AC, Giannotti F, Morin S, Docquier M, Pradier A, Royston L, Chalandon Y, Neofytos D, Kaiser L.","Open Forum Infect Dis. 2025 Apr 10;12(4):ofaf213. doi: 10.1093/ofid/ofaf213. eCollection 2025 Apr.","Hosszu-Fellous K","Open Forum Infect Dis","2025","2025/04/28","PMC12022476","","10.1093/ofid/ofaf213"
"36470579","HLA Factors versus Non-HLA Factors for Haploidentical Donor Selection","Mehta RS, Cao K, Saliba RM, Al-Atrash G, Alousi AM, Lontos K, Marcoux C, Carmazzi Y, Rondon G, Bashir Q, Hosing CM, Kebriaei P, Khouri I, Marin D, Nieto Y, Oran B, Popat UR, Qazilbash MH, Ramdial J, Rezvani K, Champlin RE, Shpall EJ.","Transplant Cell Ther. 2023 Mar;29(3):189-198. doi: 10.1016/j.jtct.2022.11.027. Epub 2022 Dec 5.","Mehta RS","Transplant Cell Ther","2023","2022/12/05","PMC10125001","NIHMS1884648","10.1016/j.jtct.2022.11.027"
"37451486","Reduced Incidence of Neurologic Complications after Allogeneic Hematopoietic Stem Cell Transplantation with Calcineurin-Free Graft-versus-Host Disease Prophylaxis","Balaguer-Roselló A, Gil-Perotín S, Montoro J, Bataller L, Lamas B, Villalba M, Facal A, Guerreiro M, Chorão P, Bataller A, Granados P, Gómez I, Solves P, Louro A, de la Rubia J, Sanz MÁ, Sanz J.","Transplant Cell Ther. 2023 Oct;29(10):610.e1-610.e12. doi: 10.1016/j.jtct.2023.07.008. Epub 2023 Jul 12.","Balaguer-Roselló A","Transplant Cell Ther","2023","2023/07/14","","","10.1016/j.jtct.2023.07.008"
"32704091","CTLA4Ig-primed donor lymphocyte infusions following haploidentical transplantation improve outcome with a distinct pattern of early immune reconstitution as compared to conventional donor lymphocyte infusions in advanced hematological malignancies","Jaiswal SR, Bhakuni P, Bhagawati G, Aiyer HM, Soni M, Sharma N, Jaiswal RR, Chakrabarti A, Chakrabarti S.","Bone Marrow Transplant. 2021 Jan;56(1):185-194. doi: 10.1038/s41409-020-01002-1. Epub 2020 Jul 23.","Jaiswal SR","Bone Marrow Transplant","2021","2020/07/25","","","10.1038/s41409-020-01002-1"
"22863841","Haploidentical transplantation using T cell replete peripheral blood stem cells and myeloablative conditioning in patients with high-risk hematologic malignancies who lack conventional donors is well tolerated and produces excellent relapse-free survival: results of a prospective phase II trial","Solomon SR, Sizemore CA, Sanacore M, Zhang X, Brown S, Holland HK, Morris LE, Bashey A.","Biol Blood Marrow Transplant. 2012 Dec;18(12):1859-66. doi: 10.1016/j.bbmt.2012.06.019. Epub 2012 Aug 1.","Solomon SR","Biol Blood Marrow Transplant","2012","2012/08/07","","","10.1016/j.bbmt.2012.06.019"
"35004548","T-Cell-Replete Versus ex vivo T-Cell-Depleted Haploidentical Haematopoietic Stem Cell Transplantation in Children With Acute Lymphoblastic Leukaemia and Other Haematological Malignancies","Kleinschmidt K, Lv M, Yanir A, Palma J, Lang P, Eyrich M.","Front Pediatr. 2021 Dec 24;9:794541. doi: 10.3389/fped.2021.794541. eCollection 2021.","Kleinschmidt K","Front Pediatr","2021","2022/01/10","PMC8740090","","10.3389/fped.2021.794541"
"34526099","The consensus from The Chinese Society of Hematology on indications, conditioning regimens and donor selection for allogeneic hematopoietic stem cell transplantation: 2021 update","Zhang XH, Chen J, Han MZ, Huang H, Jiang EL, Jiang M, Lai YR, Liu DH, Liu QF, Liu T, Ren HY, Song YP, Sun ZM, Tang XW, Wang JM, Wu DP, Xu LP, Zhang X, Zhou DB, Huang XJ.","J Hematol Oncol. 2021 Sep 15;14(1):145. doi: 10.1186/s13045-021-01159-2.","Zhang XH","J Hematol Oncol","2021","2021/09/16","PMC8441240","","10.1186/s13045-021-01159-2"
"37958420","PTCY-Based Haploidentical Donor Transplantation versus HLA-Matched Related and Unrelated Donor Transplantations in Patients with Refractory or Relapsed Lymphoma-A Matched-Pair Analysis","Haebe S, Fraccaroli A, Stauffer E, Prevalsek D, Zoellner AK, Drolle H, Stemmler HJ, Dreyling M, von Bergwelt-Baildon M, Tischer J.","Cancers (Basel). 2023 Oct 31;15(21):5246. doi: 10.3390/cancers15215246.","Haebe S","Cancers (Basel)","2023","2023/11/14","PMC10650710","","10.3390/cancers15215246"
"39858092","Comparison of Outcomes of Haploidentical Peripheral Blood Stem Cell Transplantation with Post-Transplant Cyclophosphamide in Older Versus Younger Patients","Adoncecchi G, Kumar A, Mogili K, Faramand R, Liu H, Khimani F, Mishra A, Nieder M, Nishihori T, Hansen D, Jain M, Lazaryan A, Perez L, Pidala J, Locke F, Anasetti C, Bejanyan N, Elmariah H.","Cancers (Basel). 2025 Jan 19;17(2):310. doi: 10.3390/cancers17020310.","Adoncecchi G","Cancers (Basel)","2025","2025/01/25","PMC11763395","","10.3390/cancers17020310"
"37784256","Cord blood transplantation for AML: Comparable LFS in patients with de novo versus secondary AML in CR1, an ALWP/EBMT study","Baron F, Nagler A, Galimard JE, Sanz J, Versluis J, Forcade E, Chevallier P, Sirvent A, Anthias C, Kuball J, Furst S, Rambaldi A, Sierra J, von dem Borne PA, Gallego Hernanz MP, Cluzeau T, Robinson S, Raiola AM, Labussière-Wallet H, Byrne JL, Malfuson JV, Ruggeri A, Mohty M, Ciceri F.","Br J Haematol. 2024 Jan;204(1):250-259. doi: 10.1111/bjh.19130. Epub 2023 Oct 2.","Baron F","Br J Haematol","2024","2023/10/03","","","10.1111/bjh.19130"
"40286854","Coronary Artery Calcification as a Predictor of Survival in Patients Receiving Post-transplant Cyclophosphamide for GVHD Prophylaxis","Graham C, Baranwal A, Kietselaer B, Ayoub C, Larsen C, Langer KJ, Kharfan-Dabaja MA, Ayala E, Foran J, Murthy H, Roy V, Iqbal M, Palmer J, Sproat LZ, Chhabra S, Khera N, Hilal T, Durani U, Matin A, Torghabeh MH, Mangaonkar A, Shah MV, Litzow MR, Hogan WJ, Dingli D, Alkhateeb HB.","Transplant Cell Ther. 2025 Apr 24:S2666-6367(25)01102-9. doi: 10.1016/j.jtct.2025.03.014. Online ahead of print.","Graham C","Transplant Cell Ther","2025","2025/04/26","","","10.1016/j.jtct.2025.03.014"
"40061174","Haploidentical Hematopoietic Cell Transplantation in Dyskeratosis Congenita with Myelodysplastic Syndrome/Acute Myeloid Leukemia","Roy SS, Mallik M, Khadwal A, Gogulamudi PKR, Jain A, Prakash G, Malhotra P.","Blood Cell Ther. 2025 Feb 25;8(1):186-189. doi: 10.31547/bct-2024-022. eCollection 2025 Feb 25.","Roy SS","Blood Cell Ther","2025","2025/03/10","PMC11883479","","10.31547/bct-2024-022"
"41803402","Reduced relapse in high risk acute myeloid leukemia and myelodysplastic neoplasms with permissive HLA-DPB1 mismatches and post-transplant cyclophosphamide","Smallbone P, Cao K, Saliba RM, Carmarzzi Y, Al-Atrash G, Alvarez M, Rondon G, Fingrut WB, Aljawai YM, Olson AL, Alousi AM, Chen GL, Tanner MR, Zou J, Ramdial JL, Champlin RE, Shpall EJ, Oran B.","Leukemia. 2026 Mar 9. doi: 10.1038/s41375-026-02907-4. Online ahead of print.","Smallbone P","Leukemia","2026","2026/03/10","","","10.1038/s41375-026-02907-4"
"41534839","Haploidentical Donor versus Mismatched Unrelated Donor in Reduced-Intensity Conditioning Stem Cell Transplantation: A GETH-TC Study","Fox ML, Pérez Martínez A, Esquirol A, Navarro V, Cabirta A, García-Cadenas I, Bailen Almorox R, Fonseca-Santos M, Heras Fernando I, Bento L, Pérez Raya M, Montoro J, Calbacho M, Ripa TZ, Ferrà I Coll C, Morales RH, Ortí G, Martino R, Fernández-Caldas González P, López-Corral L, Pérez-López E, Navarro-Fernandez J, Pascual Cascón MJ, Sola M, Torrent Catarineu A, Salamero O, Pérez González A, Solano C, Kwon M, Valcárcel D; Grupo Español de Trasplantes hematopoyéticos y Terapia Celular (GETH-TC).","Transplant Cell Ther. 2026 Jan 12:S2666-6367(26)00026-6. doi: 10.1016/j.jtct.2026.01.013. Online ahead of print.","Fox ML","Transplant Cell Ther","2026","2026/01/14","","","10.1016/j.jtct.2026.01.013"
"33176119","Transplantation of T-cell receptor α/β-depleted allogeneic bone marrow in nonhuman primates","D'Souza SS, Bennett S, Kumar A, Kelnhofer LE, Weinfurter J, Suknuntha K, Coonen J, Mejia A, Simmons H, Golos T, Hematti P, Capitini CM, Reynolds MR, Slukvin II.","Exp Hematol. 2021 Jan;93:44-51. doi: 10.1016/j.exphem.2020.09.198. Epub 2020 Nov 8.","D'Souza SS","Exp Hematol","2021","2020/11/11","PMC7855119","NIHMS1645053","10.1016/j.exphem.2020.09.198"
"35182794","Hematopoietic Stem Cell Transplantation in Nepal: International Partnership, Implementation Steps, and Clinical Outcomes","Poudyal BS, Tuladhar S, Neupane S, Sapkota S, Pandit S, Shrestha PR, Poudel B, Bajaracharya M, Sweiss K, Patel P, Mahmud N, Rondelli D.","Transplant Cell Ther. 2022 May;28(5):268-275. doi: 10.1016/j.jtct.2022.02.011. Epub 2022 Feb 16.","Poudyal BS","Transplant Cell Ther","2022","2022/02/19","","","10.1016/j.jtct.2022.02.011"
"27595282","Bendamustine added to allogeneic conditioning improves long-term outcomes in patients with CLL","Khouri IF, Sui D, Jabbour EJ, Samuels BI, Turturro F, Alatrash G, Anderlini P, Ahmed S, Oran B, Ciurea SO, Marin D, Olson A, Patel KK, Popat UR, Ledesma C, Kadia TM, Ferrajoli A, Burger JA, Jorgensen JL, Medeiros LJ, Bassett RL, Gulbis AM.","Bone Marrow Transplant. 2017 Jan;52(1):28-33. doi: 10.1038/bmt.2016.204. Epub 2016 Sep 5.","Khouri IF","Bone Marrow Transplant","2017","2016/09/06","PMC5849052","NIHMS946951","10.1038/bmt.2016.204"
"33370509","Risk-adapted therapy for the management of cytokine release syndrome in children undergoing unmanipulated haploidentical stem cell transplantation","Jayakumar I, Uppuluri R, Lakshmanan C, Kumar Gowdhaman A, Vellaichamy Swaminathan V, Raj R.","Pediatr Transplant. 2021 Aug;25(5):e13964. doi: 10.1111/petr.13964. Epub 2020 Dec 28.","Jayakumar I","Pediatr Transplant","2021","2020/12/28","","","10.1111/petr.13964"
"37494614","Fatal Severe Cytokine Release Syndrome Post-haploidentical Stem Cell Transplant With Post-transplant Cyclophosphamide in an Infant With Severe Combined Immunodeficiency and Disseminated Bacille Calmette-Guérin Infection","Arora S, Upasana K, Thakkar D, Yadav A, Rastogi N, Yadav SP.","J Pediatr Hematol Oncol. 2023 Aug 1;45(6):e773-e774. doi: 10.1097/MPH.0000000000002700. Epub 2023 Jun 26.","Arora S","J Pediatr Hematol Oncol","2023","2023/07/26","","","10.1097/MPH.0000000000002700"
"37899180","[Adult T-cell leukemia/lymphoma]","Yoshimitsu M.","Rinsho Ketsueki. 2023;64(9):1032-1040. doi: 10.11406/rinketsu.64.1032.","Yoshimitsu M","Rinsho Ketsueki","2023","2023/10/29","","","10.11406/rinketsu.64.1032"
"39061206","Reduced Dose of Post-Transplant Cyclophosphamide with Tacrolimus for the Prevention of Graft-versus-Host Disease in HLA-Matched Donor Peripheral Blood Stem Cell Transplants: A Prospective Pilot Study","Juárez A, Salas MQ, Pedraza A, Suárez-Lledó M, Rodríguez-Lobato LG, Solano MT, Serrahima A, Nomdedeu M, Cid J, Lozano M, Charry P, Arcarons J, Llobet N, Rosiñol L, Fernández-Avilés F, Rovira M, Martínez C.","Cancers (Basel). 2024 Jul 17;16(14):2567. doi: 10.3390/cancers16142567.","Juárez A","Cancers (Basel)","2024","2024/07/27","PMC11274764","","10.3390/cancers16142567"
"41292154","Trends in GVHD Epidemiology, Prophylaxis and Management: The Gruppo Italiano per il Trapianto di Midollo Osseo, Cellule Staminali Emopoietiche e Terapia Cellulare (GITMO) GVHD24 Study","Polverelli N, Zerbi C, Benevento MG, Algeri M, Algarotti A, Angelucci E, Balduzzi AC, Basiricò M, Bassi S, Battipaglia G, Benedetti E, Biffi A, Bonifazi F, Borghero C, Bramanti S, Brunello L, Bresciani P, Busca A, Cairoli R, Carluccio P, Carobolante F, Carella AM, Cavattoni IM, Cerretti R, Chiappella A, Chiusolo P, Cimminiello M, Corradini P, Crescimanno A, Cuoghi A, Di Renzo N, Fagioli F, Fanin R, Faraci M, Federico V, Geromin A, Giaccone L, Giacomazzi A, Grassi A, Grillo G, Imovilli A, Ingrosso C, Iori AP, La Nasa G, Leotta S, Lupo Stanghellini MT, Mancini G, Mariotti J, Mele A, Menconi M, Merli F, Mordini N, Musso M, Nozzoli C, Pane F, Parma M, Pastano R, Pastore D, Patriarca F, Picardi A, Piemontese S, Pierini A, Piras E, Porta F, Porto G, Prete A, Prezioso L, Proia A, Raiola A, Ricci R, Roberto M, Rosignoli C, Russo D, Salvatore D, Santarone S, Saporiti G, Saraceni F, Selleri C, Serio B, Skert C, Sica S, Spina A, Tambaro FP, Tecchio C, Terruzzi E, Tumino M, Vallisa D, Zallio F, Zecca M, Taurino A, Bianchessi A, Defrancesco I, Losi G, Degrandi E, Malagola M, Castagna L, Martino M.","Am J Hematol. 2026 Feb;101(2):350-355. doi: 10.1002/ajh.70145. Epub 2025 Nov 25.","Polverelli N","Am J Hematol","2026","2025/11/26","","","10.1002/ajh.70145"
"39199629","Treosulfan-Versus Melphalan-Based Reduced Intensity Conditioning in HLA-Haploidentical Transplantation for Patients ≥ 50 Years with Advanced MDS/AML","Fraccaroli A, Stauffer E, Haebe S, Prevalsek D, Weiss L, Dorman K, Drolle H, von Bergwelt-Baildon M, Stemmler HJ, Herold T, Tischer J.","Cancers (Basel). 2024 Aug 16;16(16):2859. doi: 10.3390/cancers16162859.","Fraccaroli A","Cancers (Basel)","2024","2024/08/29","PMC11353158","","10.3390/cancers16162859"
"40096889","Fludarabine Plus Myeloablative Dose of Busulfan Regimen Was Associated with High Nonrelapse Mortality in Allogeneic Hematopoietic Stem Cell Transplantation for Malignant Lymphoma: A Propensity Score-Matched Comparison Study with Fludarabine Plus High-Dose Melphalan","Shinohara A, Shindo M, Yamasaki S, Kato K, Yoshihara S, Yamamoto G, Kataoka K, Ikeda T, Kobayashi H, Serizawa K, Mori Y, Takayama N, Nakazawa H, Ito A, Katayama Y, Kanda Y, Yoshimitsu M, Fukuda T, Atsuta Y, Kondo E.","Transplant Cell Ther. 2025 Jun;31(6):382.e1-382.e17. doi: 10.1016/j.jtct.2025.03.008. Epub 2025 Mar 15.","Shinohara A","Transplant Cell Ther","2025","2025/03/17","","","10.1016/j.jtct.2025.03.008"
"33875780","Ruxolitinib early administration reduces acute GVHD after alternative donor hematopoietic stem cell transplantation in acute leukemia","Zhang B, Chen L, Zhou J, Zu Y, Gui R, Li Z, Wang J, Yu F, Zhang Y, Zhao H, Ji Z, Song Y.","Sci Rep. 2021 Apr 19;11(1):8501. doi: 10.1038/s41598-021-88080-3.","Zhang B","Sci Rep","2021","2021/04/20","PMC8055912","","10.1038/s41598-021-88080-3"
"41819822","Allogeneic Hematopoietic Cell Transplantation Using Post-Transplant Cyclophosphamide in Patients With Large Paroxysmal Nocturnal Hemoglobinuria Clones","Weng Q, Xu Y, Chen Y, Liu C, Zhu P, Deng M, Li X, Nie L, Wang Z, Fu B.","Eur J Haematol. 2026 Mar 12. doi: 10.1111/ejh.70162. Online ahead of print.","Weng Q","Eur J Haematol","2026","2026/03/12","","","10.1111/ejh.70162"
"37516808","Safety and efficacy of immune checkpoint inhibitors after allogeneic hematopoietic cell transplantation","Alkhaldi H, Kharfan-Dabaja M, El Fakih R, Aljurf M.","Bone Marrow Transplant. 2023 Oct;58(10):1075-1083. doi: 10.1038/s41409-023-02073-6. Epub 2023 Jul 29.","Alkhaldi H","Bone Marrow Transplant","2023","2023/07/29","","","10.1038/s41409-023-02073-6"
"38640195","Amphiregulin, ST2, and REG3α biomarker risk algorithms as predictors of nonrelapse mortality in patients with acute GVHD","Etra A, El Jurdi N, Katsivelos N, Kwon D, Gergoudis S, Morales G, Spyrou N, Kowalyk S, Aguayo-Hiraldo P, Akahoshi Y, Ayuk F, Baez J, Betts BC, Chanswangphuwana C, Chen YB, Choe H, DeFilipp Z, Gleich S, Hexner E, Hogan WJ, Holler E, Kitko CL, Kraus S, Al Malki M, MacMillan M, Pawarode A, Quagliarella F, Qayed M, Reshef R, Schechter T, Vasova I, Weisdorf D, Wölfl M, Young R, Nakamura R, Ferrara JLM, Levine JE, Holtan S.","Blood Adv. 2024 Jun 25;8(12):3284-3292. doi: 10.1182/bloodadvances.2023011049.","Etra A","Blood Adv","2024","2024/04/19","PMC11226972","","10.1182/bloodadvances.2023011049"
"39540360","When and how to transplant in myelofibrosis - recent trends","Sharma N, Loscocco GG, Gangat N, Guglielmelli P, Pardanani A, Vannucchi AM, Alkhateeb HB, Tefferi A, Ho VT.","Leuk Lymphoma. 2025 Mar;66(3):359-377. doi: 10.1080/10428194.2024.2422835. Epub 2024 Nov 14.","Sharma N","Leuk Lymphoma","2025","2024/11/14","","","10.1080/10428194.2024.2422835"
"36505500","Controversies and expectations for the prevention of GVHD: A biological and clinical perspective","Watkins B, Williams KM.","Front Immunol. 2022 Nov 23;13:1057694. doi: 10.3389/fimmu.2022.1057694. eCollection 2022.","Watkins B","Front Immunol","2022","2022/12/12","PMC9726707","","10.3389/fimmu.2022.1057694"
"36641032","Peritransplantation Glucocorticoid Haploidentical Stem Cell Transplantation Is a Promising Strategy for AML Patients With High Leukemic Burden: Comparison With Transplantations Using Other Donor Types","Kaida K, Ikegame K, Inoue T, Maruyama S, Ishii S, Uchida N, Doki N, Eto T, Fukuda T, Katayama Y, Takada S, Kawakita T, Ichinohe T, Atsuta Y, Daimon T, Ogawa H.","Transplant Cell Ther. 2023 Apr;29(4):273.e1-273.e9. doi: 10.1016/j.jtct.2023.01.005. Epub 2023 Jan 12.","Kaida K","Transplant Cell Ther","2023","2023/01/14","","","10.1016/j.jtct.2023.01.005"
"41391509","NT-proBNP Levels after First-Dose Post-Transplant Cyclophosphamide Predict Early Cardiac Events and Mortality in Allogeneic Stem Cell Transplantation","Chen TT, Lin CC, Wang ST, Chen CY, Lin MC, Hsieh CY, Lin CY, Yeh SP, Chiu CF.","Transplant Cell Ther. 2025 Dec 13:S2666-6367(25)02600-4. doi: 10.1016/j.jtct.2025.12.945. Online ahead of print.","Chen TT","Transplant Cell Ther","2025","2025/12/14","","","10.1016/j.jtct.2025.12.945"
"41938745","Late outcomes after posttransplant cyclophosphamide-based GVHD prophylaxis in patients with AML: an ALWP-EBMT study","Rodríguez-Arbolí E, Ferhat AT, Raiola AM, Morsink L, Blaise D, Versluis J, Sica S, Kwon M, López-Corral L, Nur E, Kulagin A, Bramanti S, Rovira M, Forcade E, Martino M, Vydra J, Piemontese S, Sanz J, Mohty M, Ciceri F.","Blood Neoplasia. 2026 Jan 14;3(2):100199. doi: 10.1016/j.bneo.2026.100199. eCollection 2026 May.","Rodríguez-Arbolí E","Blood Neoplasia","2026","2026/04/06","PMC13049581","","10.1016/j.bneo.2026.100199"
"32777064","Prospective phase 2 trial of ixazomib after nonmyeloablative haploidentical peripheral blood stem cell transplant","Solomon SR, Solh M, Zhang X, Brown S, Jackson KC, Holland HK, Morris LE, Bashey A.","Blood Adv. 2020 Aug 11;4(15):3669-3676. doi: 10.1182/bloodadvances.2020001958.","Solomon SR","Blood Adv","2020","2020/08/11","PMC7422122","","10.1182/bloodadvances.2020001958"
"35844710","Real-world experience: Introduction of T cell replete haploidentical transplantations in a single center","van Gorkom G, Billen E, Van Elssen C, van Gelder M, Bos G.","EJHaem. 2021 May 26;2(3):440-448. doi: 10.1002/jha2.203. eCollection 2021 Aug.","van Gorkom G","EJHaem","2021","2022/07/18","PMC9175800","","10.1002/jha2.203"
"41522558","Use of Post-Transplant Cyclophosphamide in Matched Related and Unrelated Donor Hematopoietic Stem Cell Transplant for Benign Hematological Disorders","Arora S, Chakraborty S, Danewa A, Bhayana S, Bhargava R, Dua V.","Indian J Hematol Blood Transfus. 2026 Jan;42(1):233-237. doi: 10.1007/s12288-025-02013-y. Epub 2025 Mar 29.","Arora S","Indian J Hematol Blood Transfus","2026","2026/01/12","PMC12789359","","10.1007/s12288-025-02013-y"
"39349961","Impact of donor type on the outcomes of acute graft versus host disease to systemic corticosteroid therapy","Shimomura Y, Kitamura T, Sugita J, Terao T, Satake A, Hirakawa T, Uchida N, Shimabukuro M, Tanaka M, Eto T, Hiramoto N, Kataoka K, Nakamae H, Takase K, Kawakita T, Arai Y, Takeda W, Ishimaru F, Fukuda T, Atsuta Y, Nakasone H, Kanda J.","Bone Marrow Transplant. 2024 Dec;59(12):1763-1772. doi: 10.1038/s41409-024-02424-x. Epub 2024 Sep 30.","Shimomura Y","Bone Marrow Transplant","2024","2024/09/30","","","10.1038/s41409-024-02424-x"
"39998298","Haploidentical Bone Marrow Transplantation for Sickle Cell Disease","Kassim AA, Walters MC, Eapen M, Smith M, Logan BR, Solh M, McKinney C, Nieder M, Ross M, Kent M, Abusin GA, Mallhi K, Silva JG, Shaughnessy P, Kanter J, Haines H, Farah R, Khaled YA, Ritzau N, Mendizabal A, Abraham A, Bollard C, Cooke K, de la Fuente J, Hanna R, Horowitz MM, Jordan LC, Bakshi N, Krishnamurti L, Leifer E, Mahadeo KM, Shenoy S, Jones RJ, DeBaun MR, Brodsky RA.","NEJM Evid. 2025 Mar;4(3):EVIDoa2400192. doi: 10.1056/EVIDoa2400192. Epub 2025 Feb 25.","Kassim AA","NEJM Evid","2025","2025/02/25","PMC11932095","NIHMS2066720","10.1056/EVIDoa2400192"
"32880086","Hematopoietic Stem Cell Transplantation in Children with Inborn Errors of Immunity: a Multi-center Experience in Colombia","Olaya M, Franco A, Chaparro M, Estupiñan M, Aristizabal D, Builes-Restrepo N, Franco JL, Zea-Vera AF, Estacio M, Manzi E, Beltran E, Perez P, Patiño J, Pachajoa H, Medina-Valencia D.","J Clin Immunol. 2020 Nov;40(8):1116-1123. doi: 10.1007/s10875-020-00856-w. Epub 2020 Sep 2.","Olaya M","J Clin Immunol","2020","2020/09/04","","","10.1007/s10875-020-00856-w"
"26904123","Myeloablative Conditioning with PBSC Grafts for T Cell-Replete Haploidentical Donor Transplantation Using Posttransplant Cyclophosphamide","Solomon SR, Solh M, Morris LE, Holland HK, Bashey A.","Adv Hematol. 2016;2016:9736564. doi: 10.1155/2016/9736564. Epub 2016 Jan 21.","Solomon SR","Adv Hematol","2016","2016/02/24","PMC4745340","","10.1155/2016/9736564"
"40490079","Redefining Engraftment Syndrome After Post-Transplant Cyclophosphamide Allogeneic Hematopoietic Cell Transplantation: A Novel Classification and Impact on Outcomes","Benavente R, Montoro J, Balaguer-Roselló A, Villalba M, Chorão P, Cantó PA, Granados P, Gómez-Seguí I, Solves P, Santiago M, Lamas B, Bataller A, Eirís J, Louro A, Perla A, de la Rubia J, Sanz MÁ, Sanz J.","Transplant Cell Ther. 2025 Jun 7:S2666-6367(25)01223-0. doi: 10.1016/j.jtct.2025.06.003. Online ahead of print.","Benavente R","Transplant Cell Ther","2025","2025/06/09","","","10.1016/j.jtct.2025.06.003"
"41895692","Superior Chronic GVHD-Free Survival with Post-Transplant Cyclophosphamide Relative to Tacrolimus/Methotrexate in Myeloablative HLA-Matched Allogeneic Hematopoietic Cell Transplantation","Molina A, Bubb QR, Srinagesh HK, Yee R, Arai S, Bharadwaj S, Dahiya S, Elmariah H, Frank M, Hosoya H, Johnston L, Meyer E, Mikkilineni L, Lowsky R, Negrin R, Rezvani A, Shiraz P, Shizuru J, Sidana S, Smith M, Weng WK, Miklos D, Muffly L, Kennedy V.","Transplant Cell Ther. 2026 Mar 25:S2666-6367(26)00237-X. doi: 10.1016/j.jtct.2026.03.029. Online ahead of print.","Molina A","Transplant Cell Ther","2026","2026/03/27","","","10.1016/j.jtct.2026.03.029"
"26873735","Allogeneic stem cell transplantation for X-linked agammaglobulinemia using reduced intensity conditioning as a model of the reconstitution of humoral immunity","Ikegame K, Imai K, Yamashita M, Hoshino A, Kanegane H, Morio T, Kaida K, Inoue T, Soma T, Tamaki H, Okada M, Ogawa H.","J Hematol Oncol. 2016 Feb 13;9:9. doi: 10.1186/s13045-016-0240-y.","Ikegame K","J Hematol Oncol","2016","2016/02/14","PMC4752762","","10.1186/s13045-016-0240-y"
"36714066","Haploidentical Hematopoietic Stem Cell Transplant Using Post-transplant Cyclophosphamide: A Single-Center Initial Experience in Vietnam","Huynh MV, Nguyen QT, Huynh PDV, Hoang ND, Nguyen TH, Phu DC.","Blood Cell Ther. 2021 Nov 25;4(4):75-83. doi: 10.31547/bct-2021-002. eCollection 2021 Nov 25.","Huynh MV","Blood Cell Ther","2021","2023/01/30","PMC9847308","","10.31547/bct-2021-002"
"38066845","Chronic GVHD: review advances in prevention, novel endpoints, and targeted strategies","Amanam I, Otoukesh S, Al Malki MM, Salhotra A.","Hematology Am Soc Hematol Educ Program. 2023 Dec 8;2023(1):164-170. doi: 10.1182/hematology.2023000427.","Amanam I","Hematology Am Soc Hematol Educ Program","2023","2023/12/09","PMC10727045","","10.1182/hematology.2023000427"
"30262565","T-cell receptor-α repertoire of CD8+ T cells following allogeneic stem cell transplantation using next-generation sequencing","Link-Rachner CS, Eugster A, Rücker-Braun E, Heidenreich F, Oelschlägel U, Dahl A, Klesse C, Kuhn M, Middeke JM, Bornhäuser M, Bonifacio E, Schetelig J.","Haematologica. 2019 Mar;104(3):622-631. doi: 10.3324/haematol.2018.199802. Epub 2018 Sep 27.","Link-Rachner CS","Haematologica","2019","2018/09/29","PMC6395323","","10.3324/haematol.2018.199802"
"29403023","Allogenic peripheral stem cell transplantation from HLA-matched related donors for adult sickle cell disease: remarkable outcomes from a single-center trial","Ozdogu H, Boga C, Yeral M, Kozanoglu I, Gereklioglu C, Aytan P, Kasar M, Asma S, Buyukkurt N, Solmaz S, Korur A, Sariturk C.","Bone Marrow Transplant. 2018 Jul;53(7):880-890. doi: 10.1038/s41409-018-0111-y. Epub 2018 Feb 5.","Ozdogu H","Bone Marrow Transplant","2018","2018/02/07","","","10.1038/s41409-018-0111-y"
"27872737","Immunity to Infections after Haploidentical Hematopoietic Stem Cell Transplantation","Aversa F, Prezioso L, Manfra I, Galaverna F, Spolzino A, Monti A.","Mediterr J Hematol Infect Dis. 2016 Oct 25;8(1):e2016057. doi: 10.4084/MJHID.2016.057. eCollection 2016.","Aversa F","Mediterr J Hematol Infect Dis","2016","2016/11/23","PMC5111540","","10.4084/MJHID.2016.057"
"35264508","[Haploidentical stem cell transplantation for acute myeloid leukemia associated with adult-onset Shwachman-Diamond syndrome]","Uemura Y, Hirakawa T, Matsunawa M, Kozuki K, Saiki Y, Takimoto M, Sano F, Watanabe K, Inoue Y, Arai A.","Rinsho Ketsueki. 2022;63(2):94-98. doi: 10.11406/rinketsu.63.94.","Uemura Y","Rinsho Ketsueki","2022","2022/03/10","","","10.11406/rinketsu.63.94"
"40693940","Hematopoietic cell transplantation for leukocyte adhesion deficiency: prevention of graft-versus-host-disease","Yamashita M, Kamiya T, Kanegane H.","Expert Rev Hematol. 2025 Nov;18(11):883-891. doi: 10.1080/17474086.2025.2538543. Epub 2025 Jul 23.","Yamashita M","Expert Rev Hematol","2025","2025/07/22","","","10.1080/17474086.2025.2538543"
"27577170","T cell costimulation blockade for hyperacute steroid refractory graft versus-host disease in children undergoing haploidentical transplantation","Jaiswal SR, Zaman S, Chakrabarti A, Sehrawat A, Bansal S, Gupta M, Chakrabarti S.","Transpl Immunol. 2016 Nov;39:46-51. doi: 10.1016/j.trim.2016.08.009. Epub 2016 Aug 27.","Jaiswal SR","Transpl Immunol","2016","2016/09/01","","","10.1016/j.trim.2016.08.009"
"35847727","Progressive substitution of posttransplant cyclophosphamide with bendamustine: A phase I study in haploidentical bone marrow transplantation","Katsanis E, Maher K, Roe DJ, Simpson RJ.","EJHaem. 2020 May 26;1(1):286-292. doi: 10.1002/jha2.20. eCollection 2020 Jul.","Katsanis E","EJHaem","2020","2022/07/18","PMC9176108","","10.1002/jha2.20"
"28968273","Approaches to the removal of T-lymphocytes to minimize graft-versus-host disease in patients with primary immunodeficiencies who do not have a matched sibling donor","Slatter MA, Gennery AR.","Curr Opin Allergy Clin Immunol. 2017 Dec;17(6):414-420. doi: 10.1097/ACI.0000000000000402.","Slatter MA","Curr Opin Allergy Clin Immunol","2017","2017/10/03","","","10.1097/ACI.0000000000000402"
"41529219","Re-Evaluating Donor Selection Priorities for Hematopoietic Cell Transplantation With Post-Transplant Cyclophosphamide","Mehta RS, Aljawai YM, Kebriaei P, Hosing C, Olson A, Oran B, Popat U, Rondon G, Rezvani K, Champlin RE, Shpall EJ.","JCO Oncol Pract. 2026 Jan 13:OP2500675. doi: 10.1200/OP-25-00675. Online ahead of print.","Mehta RS","JCO Oncol Pract","2026","2026/01/13","","","10.1200/OP-25-00675"
"27318038","Severe Cytokine-Release Syndrome after T Cell-Replete Peripheral Blood Haploidentical Donor Transplantation Is Associated with Poor Survival and Anti-IL-6 Therapy Is Safe and Well Tolerated","Abboud R, Keller J, Slade M, DiPersio JF, Westervelt P, Rettig MP, Meier S, Fehniger TA, Abboud CN, Uy GL, Vij R, Trinkaus KM, Schroeder MA, Romee R.","Biol Blood Marrow Transplant. 2016 Oct;22(10):1851-1860. doi: 10.1016/j.bbmt.2016.06.010. Epub 2016 Jun 16.","Abboud R","Biol Blood Marrow Transplant","2016","2016/06/19","PMC5070661","NIHMS818243","10.1016/j.bbmt.2016.06.010"
"39812969","Post-transplant cyclophosphamide plus anti-thymocyte globulin decreased serum IL-6 levels when compared with post-transplant cyclophosphamide alone after haploidentical hematopoietic stem cell transplantation","Koh JS, Lee MW, Pham TTD, Heo BY, Choi S, Lee SW, Seo W, Kang S, Lee SB, Kim CH, Ryu H, Eun HS, Lee HJ, Yun HJ, Jo DY, Song IC.","Blood Res. 2025 Jan 15;60(1):5. doi: 10.1007/s44313-024-00049-z.","Koh JS","Blood Res","2025","2025/01/15","PMC11735700","","10.1007/s44313-024-00049-z"
"34750086","Nonmyeloablative Allogeneic Transplantation With Post-Transplant Cyclophosphamide for Acute Myeloid Leukemia With IDH Mutations: A Single Center Experience","Ambinder A, Smith M, Tsai HL, Varadhan R, DeZern A, Dalton W, Gocke C, Webster J, Gondek L, Gojo I, Ali SA, Huff CA, Swinnen L, Wagner-Johnston N, Showel M, Prince G, Borrello I, Bolaños-Meade J, Luznik L, Jain T, Imus P, Fuchs E, Ambinder R, Gladstone DE, Levis M, Jones R, Ghiaur G, Smith BD.","Clin Lymphoma Myeloma Leuk. 2022 Apr;22(4):260-269. doi: 10.1016/j.clml.2021.09.022. Epub 2021 Oct 9.","Ambinder A","Clin Lymphoma Myeloma Leuk","2022","2021/11/09","PMC8977228","NIHMS1756720","10.1016/j.clml.2021.09.022"
"39647520","Haploidentical Hematopoietic Stem Cell Transplantation in Pediatric Transfusion-Dependent Thalassemia: A Systematic Review and Meta-Analysis","Xiao H, Huang Q, Lai Y, Liu R.","Transplant Cell Ther. 2025 Feb;31(2):101.e1-101.e12. doi: 10.1016/j.jtct.2024.12.001. Epub 2024 Dec 6.","Xiao H","Transplant Cell Ther","2025","2024/12/08","","","10.1016/j.jtct.2024.12.001"
"39011258","Haploidentical Stem Cell Transplantation: Half Match but More Hope!-Single Centre Experience from Western India","Garg A, Trivedi M, Raj A, Shah K, Patel K, Vachhani A, Solanki H, Yadav R, Shah S.","Indian J Hematol Blood Transfus. 2024 Jul;40(3):385-391. doi: 10.1007/s12288-023-01722-6. Epub 2023 Dec 22.","Garg A","Indian J Hematol Blood Transfus","2024","2024/07/16","PMC11246356","","10.1007/s12288-023-01722-6"
"41681858","The Effect of Post-Transplant Cyclophosphamide Administration on Graft-Versus-Host Disease in Allogeneic Bone Marrow Transplantation","Kahraman S, Ozdemir E.","Cancers (Basel). 2026 Jan 27;18(3):386. doi: 10.3390/cancers18030386.","Kahraman S","Cancers (Basel)","2026","2026/02/13","PMC12897341","","10.3390/cancers18030386"
"28939451","HLA Haploidentical Stem Cell Transplant with Pretransplant Immunosuppression for Patients with Sickle Cell Disease","Pawlowska AB, Cheng JC, Karras NA, Sun W, Wang LD, Bell AD, Gutierrez L, Rosenthal J.","Biol Blood Marrow Transplant. 2018 Jan;24(1):185-189. doi: 10.1016/j.bbmt.2017.08.039. Epub 2017 Sep 20.","Pawlowska AB","Biol Blood Marrow Transplant","2018","2017/09/24","","","10.1016/j.bbmt.2017.08.039"
"33386151","Graft-versus-host disease prophylaxis: Pathophysiology-based review on current approaches and future directions","Martinez-Cibrian N, Zeiser R, Perez-Simon JA.","Blood Rev. 2021 Jul;48:100792. doi: 10.1016/j.blre.2020.100792. Epub 2020 Dec 26.","Martinez-Cibrian N","Blood Rev","2021","2021/01/02","","","10.1016/j.blre.2020.100792"
"39257713","Comparison of Cyclophosphamide-Based Graft Versus Host Disease Prophylaxis after ""Allogeneic Stem Cell Transplantation from 9/10 HLA Matched Unrelated Donor'' with Standard Graft Versus Host Disease Prophylaxis after ""10/10 HLA Matched Relative Donor'' Transplant","Yıldırım M, Sayın S, Cömert M, Yılmaz EŞ, Avcu F, Ural AU, Aylı M.","Int J Hematol Oncol Stem Cell Res. 2024 Jul 1;18(3):227-239. doi: 10.18502/ijhoscr.v18i3.16103.","Yıldırım M","Int J Hematol Oncol Stem Cell Res","2024","2024/09/11","PMC11381669","","10.18502/ijhoscr.v18i3.16103"
"30442722","Disability related to chronic graft -versus-host disease after alternative donor hematopoietic cell transplantation","Fatobene G, Storer BE, Salit RB, Lee SJ, Martin PJ, Cheng GS, Carpenter PA, Balgansuren G, Petersdorf EW, Delaney C, Sandmaier BM, Milano F, Flowers ME.","Haematologica. 2019 Apr;104(4):835-843. doi: 10.3324/haematol.2018.202754. Epub 2018 Nov 15.","Fatobene G","Haematologica","2019","2018/11/17","PMC6442956","","10.3324/haematol.2018.202754"
"37064033","Post-transplantation cyclophosphamide combined with tacrolimus and low-dose post-engraftment anti-thymoglobulin as GVHD prophylaxis for patients undergoing peripheral blood stem cell transplantation from haploidentical family donor: A single center analysis","Gao WH, Zhu JY, Wang LN, Wan M, Wang L, Devillier R, Jiang JL, Blaise D, Hu J.","Front Med (Lausanne). 2023 Mar 31;10:1140217. doi: 10.3389/fmed.2023.1140217. eCollection 2023.","Gao WH","Front Med (Lausanne)","2023","2023/04/17","PMC10103611","","10.3389/fmed.2023.1140217"
"38689103","Survival After Hematopoietic Stem Cell Transplantation in Severe Combined Immunodeficiency (SCID): A Worldwide Review of the Prognostic Variables","Goebel GA, de Assis CS, Cunha LAO, Minafra FG, Pinto JA.","Clin Rev Allergy Immunol. 2024 Apr;66(2):192-209. doi: 10.1007/s12016-024-08993-5. Epub 2024 Apr 30.","Goebel GA","Clin Rev Allergy Immunol","2024","2024/04/30","","","10.1007/s12016-024-08993-5"
"41882992","Results from the prospective phase 2 multicentre UK PBSC haplo trial using PTCy pre- or post-stem cells","deLavallade H, Wilson W, Protheroe R, Smith M, Edwards D, O'Donnell K, Tholouli E, Paneesha S, Collin M, Uttenthal B, Irvine D, Yee M, Tappenden P, Kottaridis P, Snowden JA, Mackinnon S, Pagliuca A, Raj K.","Br J Haematol. 2026 Mar 25. doi: 10.1111/bjh.70429. Online ahead of print.","deLavallade H","Br J Haematol","2026","2026/03/26","","","10.1111/bjh.70429"
"36174936","ATG in HLA-Matched, Peripheral Blood, Hematopoietic Cell Transplantation in Acute Myeloid Leukemia and Myelodysplastic Syndrome: A Secondary Analysis of a CIBMTR Database","Arcuri LJ, Kerbauy MN, Kerbauy LN, Santos FPS, Ribeiro AAF, Hamerschlak N.","Transplant Cell Ther. 2023 Jan;29(1):40.e1-40.e4. doi: 10.1016/j.jtct.2022.09.010. Epub 2022 Sep 27.","Arcuri LJ","Transplant Cell Ther","2023","2022/09/29","","","10.1016/j.jtct.2022.09.010"
"41882108","Peripheral blood stem cells versus bone marrow graft for non-T-depleted haploidentical transplantation with post-transplant cyclophosphamide in patients with secondary acute myeloid leukemia in first complete remission: A study from the ALWP/EBMT","Nagler A, Swoboda R, Ferhat AT, Blaise D, Koc M, Raiola AM, Busca A, Pavlu J, Bramanti S, Itälä-Remes M, Colorado M, Vydra J, Kulagin A, Bazarbachi A, Sanz J, Mohty M, Ciceri F.","Bone Marrow Transplant. 2026 Mar 25. doi: 10.1038/s41409-026-02823-2. Online ahead of print.","Nagler A","Bone Marrow Transplant","2026","2026/03/26","","","10.1038/s41409-026-02823-2"
"35205845","Outcomes of Different Haploidentical Transplantation Strategies from the Taiwan Blood and Marrow Transplantation Registry","Tsai XC, Chen TT, Gau JP, Wang PN, Liu YC, Lien MY, Li CC, Yao M, Ko BS.","Cancers (Basel). 2022 Feb 21;14(4):1097. doi: 10.3390/cancers14041097.","Tsai XC","Cancers (Basel)","2022","2022/02/25","PMC8870072","","10.3390/cancers14041097"
"40552276","Low-dose ATG/PTCy for graft-versus-host disease prevention in haploidentical transplantation: a single-center experience","Hong J, Liang X, Ni J, Ruan M, Long Z, Dai J, Liang L, Yang M, Zhang Z, Zhang S, Ge J, Yang M, Li Q.","Front Oncol. 2025 Jun 9;15:1569149. doi: 10.3389/fonc.2025.1569149. eCollection 2025.","Hong J","Front Oncol","2025","2025/06/24","PMC12183090","","10.3389/fonc.2025.1569149"
"33816524","Post-transplantation Cyclophosphamide, Tacrolimus and Low-Dose ATG as GVHD Prophylaxis for Allogeneic Peripheral Stem Cell Transplantation for Adult Patients With Lymphoid Malignancies: A Single Arm Phase II Study","Jiang JL, Gao WH, Wang LN, Wan M, Wang L, Hu J.","Front Med (Lausanne). 2021 Mar 18;8:630160. doi: 10.3389/fmed.2021.630160. eCollection 2021.","Jiang JL","Front Med (Lausanne)","2021","2021/04/05","PMC8012531","","10.3389/fmed.2021.630160"
"34595418","Safety and Efficacy of Haploidentical Peripheral Blood Stem Cell Transplantation for Myeloid Malignancies Using Post-transplantation Cyclophosphamide and Anti-thymocyte Globulin as Graft-versus-Host Disease Prophylaxis","Salas MQ, Law AD, Lam W, Al-Shaibani Z, Loach D, Kim DDH, Michelis FV, Thyagu S, Kumar R, Lipton JH, Mattsson J, Viswabandya A.","Clin Hematol Int. 2019 Jun 11;1(2):105-113. doi: 10.2991/chi.d.190316.003. eCollection 2019 Jun.","Salas MQ","Clin Hematol Int","2019","2021/10/01","PMC8432390","","10.2991/chi.d.190316.003"
"41114809","Transplantation strategy affects the risk of GvHD after prophylactic and preemptive donor lymphocyte infusion","Koster EAS, von dem Borne PA, van der Hem JGK, van Balen P, Marijt EWA, Tjon JML, Snijders TJF, van Lammeren D, Veelken H, Falkenburg JHF, de Wreede LC, Halkes CJM.","Ann Hematol. 2025 Oct;104(10):5379-5387. doi: 10.1007/s00277-025-06662-x. Epub 2025 Oct 20.","Koster EAS","Ann Hematol","2025","2025/10/20","PMC12619706","","10.1007/s00277-025-06662-x"
"37325246","Haploidentical hematopoietic stem cell transplantation with one-day posttransplant cyclophosphamide and anti-thymocyte globulin for graft failure","Imanaga H, Ohta T, Oku S, Sugio Y, Ohno Y.","Blood Cell Ther. 2020 Apr 21;3(2):18-21. doi: 10.31547/bct-2019-009. eCollection 2020 May 25.","Imanaga H","Blood Cell Ther","2020","2023/06/16","PMC10261719","","10.31547/bct-2019-009"
"38223487","Haploidentical Transplant with Post-Transplant Cyclophosphamide for Acute Myeloid Leukaemia and Myelodysplastic Syndromes Patients: The Role of Previous Lines of Therapy","Avenoso D, Serpenti F, Slonim LB, Bouziana S, Dazzi F, Hannah G, Kenyon M, Mehra V, Kulasekararaj A, Krishamurthy P, Shah MN, Lionel S, Pagliuca A, Potter V.","Mediterr J Hematol Infect Dis. 2024 Jan 1;16(1):e2024002. doi: 10.4084/MJHID.2024.002. eCollection 2024.","Avenoso D","Mediterr J Hematol Infect Dis","2024","2024/01/15","PMC10786144","","10.4084/MJHID.2024.002"
"35845283","Sirolimus versus cyclosporine in haploidentical stem cell transplantation with posttransplant cyclophosphamide and mycophenolate mofetil as graft-versus-host disease prophylaxis","Hernani R, Piñana JL, Pérez A, Quintero A, Montoro J, Hernández-Boluda JC, Carretero C, Balaguer-Roselló A, Guerreiro M, Lorenzo I, Aguilar C, Giménez E, Navarro D, Sanz MA, Sanz J, Solano C.","EJHaem. 2021 Mar 18;2(2):236-248. doi: 10.1002/jha2.183. eCollection 2021 May.","Hernani R","EJHaem","2021","2022/07/18","PMC9175741","","10.1002/jha2.183"
"36844179","Prediction of Nonrelapse Mortality in Patients With Acute Myeloid Leukemia and Acute Lymphoblastic Leukemia Receiving Allogeneic Stem Cell Transplantation With Posttransplantation Cyclophosphamide-based Graft Versus Host Disease Prophylaxis","Hermans SJF, Versluis J, Labopin M, Giebel S, van Norden Y, Moiseev I, Blaise D, Díez Martín JL, Meijer E, Rovira M, Choi G, Raiola AM, Koc Y, Reményi P, Vydra J, Kröger N, Sica S, Martino M, van Gorkom G, Chevallier P, Busca A, Herrera Arroyo C, Brissot E, Peric Z, Nagler A, Shouval R, Ciceri F, Cornelissen JJ, Mohty M.","Hemasphere. 2023 Feb 21;7(3):e846. doi: 10.1097/HS9.0000000000000846. eCollection 2023 Mar.","Hermans SJF","Hemasphere","2023","2023/02/27","PMC9946411","","10.1097/HS9.0000000000000846"
"34199028","Outcomes of Bone Marrow Compared to Peripheral Blood for Haploidentical Transplantation","Sharma N, Faisal MS, Zhao Q, Jiang J, Elder P, Benson DM, Rosko A, Chaudhry M, Bumma N, Khan A, Devarakonda S, Vasu S, Jaglowski S, Mims AS, Choe H, Larkin K, Brammer JE, Wall S, Grieselhuber N, Saad A, Penza S, Sigmund AM, Efebera YA.","J Clin Med. 2021 Jun 27;10(13):2843. doi: 10.3390/jcm10132843.","Sharma N","J Clin Med","2021","2021/07/02","PMC8268935","","10.3390/jcm10132843"
"41756883","Differential effects of two common GVHD prophylaxis regimens on the gut microbiome: Results from the BMT CTN 1801 study","Wirbel J, Saber W, Martens MJ, Peled JU, Andermann TM, Fei T, Brooks EF, Doyle B, Pincus NB, Jenq RR, Bar M, Bolaños-Meade J, Bratrude B, Chhabra S, Choi SW, Clark W, Das S, Elmariah H, Gooptu M, Holtan SG, Jones RJ, Levine JE, Logan BR, Al Malki MM, Murthy HS, Rashidi A, Rezvani AR, Riches ML, Runaas L, Sandhu K, Spahn A, Sung AD, van den Brink MRM, Horowitz MM, Hamadani M, Kean LS, Perales MA, Bhatt AS.","bioRxiv [Preprint]. 2026 Feb 19:2026.02.19.706769. doi: 10.64898/2026.02.19.706769.","Wirbel J","bioRxiv","2026","2026/02/27","PMC12934721","","10.64898/2026.02.19.706769"
"31388252","Haploidentical Stem Cell Transplantation in Children with Benign Disorders: Improved Survival and Cost-Effective Care Over 15 Years from a Single Center in India","Uppuluri R, Sivasankaran M, Patel S, Swaminathan VV, Ravichandran N, Ramanan KM, Vaidhyanathan L, Ramakrishnan B, Jayakumar I, Raj R.","Indian J Hematol Blood Transfus. 2019 Jul;35(3):426-430. doi: 10.1007/s12288-019-01087-9. Epub 2019 Jan 28.","Uppuluri R","Indian J Hematol Blood Transfus","2019","2019/08/08","PMC6646640","","10.1007/s12288-019-01087-9"
"35207379","Addition of a Single Low Dose of Anti T-Lymphocyte Globulin to Post-Transplant Cyclophosphamide after Allogeneic Hematopoietic Stem Cell Transplant: A Pilot Study","Xue E, Lorentino F, Lupo Stanghellini MT, Giglio F, Piemontese S, Clerici DT, Farina F, Mastaglio S, Bruno A, Campodonico E, Nitti R, Marcatti M, Assanelli A, Corti C, Ciceri F, Peccatori J, Greco R.","J Clin Med. 2022 Feb 19;11(4):1106. doi: 10.3390/jcm11041106.","Xue E","J Clin Med","2022","2022/02/25","PMC8879643","","10.3390/jcm11041106"
"41815183","Real-World Outcomes of Allogeneic Stem Cell Transplantation in Relapsed Hodgkin Lymphoma: A Single-Center Experience from India","Wadhera S, Swain RN, Sahni A, Singh C, Jandial A, Jain A, Sachdeva MU, Hans R, Lad D, Prakash G, Malhotra P, Khadwal A.","Blood Cell Ther. 2026 Feb 13;9(1):25-30. doi: 10.31547/bct-2025-018. eCollection 2026 Feb 25.","Wadhera S","Blood Cell Ther","2026","2026/03/12","PMC12971314","","10.31547/bct-2025-018"
"40617898","Letermovir reduces cytomegalovirus in HLA-matched and mismatched allogeneic hematopoietic cell transplant patients receiving post-transplant cyclophosphamide","Schmitz J, Gaskill E, Price S, Cao B, Kim J, Baluch A, Klinkova O, Faramand R, Mishra A, Perez L, Khimani F, Lazaryan A, Ochoa-Bayona JL, Liu H, Mirza AS, Nieder M, Anasetti C, Nishihori T, Pidala JA, Bejanyan N, Elmariah H.","Bone Marrow Transplant. 2025 Oct;60(10):1383-1386. doi: 10.1038/s41409-025-02670-7. Epub 2025 Jul 5.","Schmitz J","Bone Marrow Transplant","2025","2025/07/05","","","10.1038/s41409-025-02670-7"
"39011253","Improving Outcomes with Haploidentical Stem Cell Transplantation [HaploSCT] in Children Using Post-transplant Cyclophosphamide: a Single Center Experience","George B, Kulkarni U, Lionel S, Devasia AJ, Aboobacker FN, Lakshmi KM, Selvarajan S, Korula A, Abraham A, Mathews V.","Indian J Hematol Blood Transfus. 2024 Jul;40(3):375-384. doi: 10.1007/s12288-023-01698-3. Epub 2023 Sep 28.","George B","Indian J Hematol Blood Transfus","2024","2024/07/16","PMC11246385","","10.1007/s12288-023-01698-3"
"39693612","Oral inflammation and microbiome dysbiosis exacerbate chronic graft-versus-host disease","Kambara Y, Fujiwara H, Yamamoto A, Gotoh K, Tsuji S, Kunihiro M, Oyama T, Terao T, Sato A, Tanaka T, Peltier D, Seike K, Nishimori H, Asada N, Ennishi D, Fujii K, Fujii N, Matsuoka KI, Soga Y, Reddy P, Maeda Y.","Blood. 2025 Feb 20;145(8):881-896. doi: 10.1182/blood.2024024540.","Kambara Y","Blood","2025","2024/12/18","PMC11867138","","10.1182/blood.2024024540"
"37601848","Haploidentical hematopoietic cell transplant recipient presents with late-onset Epstein Barr virus-associated posttransplant lymphoproliferative disorder","Braun A, Liu L, Al Malki MM, Becker PS.","EJHaem. 2023 May 7;4(3):848-851. doi: 10.1002/jha2.707. eCollection 2023 Aug.","Braun A","EJHaem","2023","2023/08/21","PMC10435678","","10.1002/jha2.707"
"29242852","Prospective study of nonmyeloablative, HLA-mismatched unrelated BMT with high-dose posttransplantation cyclophosphamide","Kasamon YL, Ambinder RF, Fuchs EJ, Zahurak M, Rosner GL, Bolaños-Meade J, Levis MJ, Gladstone DE, Huff CA, Swinnen LJ, Matsui WH, Borrello I, Brodsky RA, Jones RJ, Luznik L.","Blood Adv. 2017;1(4):288-292. doi: 10.1182/bloodadvances.2016002766. Epub 2017 Jan 6.","Kasamon YL","Blood Adv","2017","2017/12/16","PMC5726600","NIHMS901575","10.1182/bloodadvances.2016002766"
"41445899","Haploidentical Stem Cell Transplantation for Hematological Disorders: Real-World Experience from India","Mehta P, Khushoo V.","South Asian J Cancer. 2023 Sep 27;14(3):588-596. doi: 10.1055/s-0043-1771274. eCollection 2025 Jul.","Mehta P","South Asian J Cancer","2023","2025/12/25","PMC12727009","","10.1055/s-0043-1771274"
"38841039","Real-World Challenges of Haplo-Identical Hematopoietic Stem Cell Transplant in a Developing Country: A Single Center Experience","Akram A, Gilani M, Chaudhry QUN, Iftikhar R, Ghafoor T, Khan MA, Haider M, Nisar H.","Cureus. 2024 May 6;16(5):e59744. doi: 10.7759/cureus.59744. eCollection 2024 May.","Akram A","Cureus","2024","2024/06/06","PMC11152362","","10.7759/cureus.59744"
"30826463","Donor-Specific Anti-HLA Antibodies in Haploidentical Stem Cell Transplantation with Post-Transplantation Cyclophosphamide: Risk of Graft Failure, Poor Graft Function, and Impact on Outcomes","Bramanti S, Calafiore V, Longhi E, Mariotti J, Crespiatico L, Sarina B, De Philippis C, Nocco A, Santoro A, Castagna L.","Biol Blood Marrow Transplant. 2019 Jul;25(7):1395-1406. doi: 10.1016/j.bbmt.2019.02.020. Epub 2019 Mar 1.","Bramanti S","Biol Blood Marrow Transplant","2019","2019/03/04","","","10.1016/j.bbmt.2019.02.020"
"41571189","Long-Term Survival Gains after Allogeneic Hematopoietic Stem Cell Transplant are Driven by Reductions in Non-Relapse Mortality: A 35-Year Statewide Australian Cohort Study","Cibich A, Wechalekar G, Shanmuganathan N, Singhal D, Beligaswatte A, Wayte R, Selby P, Branford S, Yeung D, Bardy P, Hiwase D.","Transplant Cell Ther. 2026 Jan 20:S2666-6367(26)00057-6. doi: 10.1016/j.jtct.2026.01.024. Online ahead of print.","Cibich A","Transplant Cell Ther","2026","2026/01/22","","","10.1016/j.jtct.2026.01.024"
"29296707","Cyclophosphamide improves engraftment in patients with SCD and severe organ damage who undergo haploidentical PBSCT","Fitzhugh CD, Hsieh MM, Taylor T, Coles W, Roskom K, Wilson D, Wright E, Jeffries N, Gamper CJ, Powell J, Luznik L, Tisdale JF.","Blood Adv. 2017 Apr 19;1(11):652-661. doi: 10.1182/bloodadvances.2016002972. eCollection 2017 Apr 25.","Fitzhugh CD","Blood Adv","2017","2018/01/04","PMC5727815","","10.1182/bloodadvances.2016002972"
"36311784","Donor selection for KIR alloreactivity is associated with superior survival in haploidentical transplant with PTCy","Zou J, Kongtim P, Srour SA, Greenbaum U, Schetelig J, Heidenreich F, Baldauf H, Moore B, Saengboon S, Carmazzi Y, Rondon G, Ma Q, Rezvani K, Shpall EJ, Champlin RE, Ciurea SO, Cao K.","Front Immunol. 2022 Oct 13;13:1033871. doi: 10.3389/fimmu.2022.1033871. eCollection 2022.","Zou J","Front Immunol","2022","2022/10/31","PMC9606393","","10.3389/fimmu.2022.1033871"
"38327272","Acute graft versus host disease 1976-2020: reduced incidence and predictive factors","Di Francesco A, Raiola AM, Dominietto A, Di Grazia C, Gualandi F, Van Lint MT, Bregante S, Chiusolo P, Laurenti L, Sora F, Giammarco S, Metafuni E, Fresa A, Sica S, Angelucci E, Bacigalupo A.","Front Med (Lausanne). 2024 Jan 24;10:1320692. doi: 10.3389/fmed.2023.1320692. eCollection 2023.","Di Francesco A","Front Med (Lausanne)","2024","2024/02/08","PMC10847269","","10.3389/fmed.2023.1320692"
"27213183","Origin and evolution of the T cell repertoire after posttransplantation cyclophosphamide","Kanakry CG, Coffey DG, Towlerton AM, Vulic A, Storer BE, Chou J, Yeung CC, Gocke CD, Robins HS, O'Donnell PV, Luznik L, Warren EH.","JCI Insight. 2016;1(5):e86252. doi: 10.1172/jci.insight.86252. Epub 2016 Apr 21.","Kanakry CG","JCI Insight","2016","2016/05/24","PMC4874509","NIHMS781151","10.1172/jci.insight.86252"
"29296709","The impact of HLA matching on outcomes of unmanipulated haploidentical HSCT is modulated by GVHD prophylaxis","Lorentino F, Labopin M, Fleischhauer K, Ciceri F, Mueller CR, Ruggeri A, Shimoni A, Bornhäuser M, Bacigalupo A, Gülbas Z, Koc Y, Arcese W, Bruno B, Tischer J, Blaise D, Messina G, Beelen DW, Nagler A, Mohty M.","Blood Adv. 2017 Apr 21;1(11):669-680. doi: 10.1182/bloodadvances.2017006429. eCollection 2017 Apr 25.","Lorentino F","Blood Adv","2017","2018/01/04","PMC5727822","","10.1182/bloodadvances.2017006429"
"34267468","Haploidentical Hematopoietic Stem Cell Transplantation in Leukemia's: Experience from a Cancer Center in India","Batra A, Perumal Kalaiyarasi J, Kannan K, Mehra N, Ganesan P, Karunakaran P, Dhanushkodi M, Selvarajan G, Rajan AK, Kesana S, Ganesan T, Sagar TG, Radhakrishnan V.","Indian J Hematol Blood Transfus. 2021 Jul;37(3):463-471. doi: 10.1007/s12288-020-01374-w. Epub 2020 Oct 27.","Batra A","Indian J Hematol Blood Transfus","2021","2021/07/16","PMC8239110","","10.1007/s12288-020-01374-w"
"38002797","Pediatric Bone Marrow Failure: A Broad Landscape in Need of Personalized Management","Vissers LTW, van der Burg M, Lankester AC, Smiers FJW, Bartels M, Mohseny AB.","J Clin Med. 2023 Nov 20;12(22):7185. doi: 10.3390/jcm12227185.","Vissers LTW","J Clin Med","2023","2023/11/25","PMC10672506","","10.3390/jcm12227185"
"36258924","Haploidentical Versus Matched Sibling Donor Hematopoietic Stem Cell Transplantation for Adult Patients With Relapsed/Refractory Acute Lymphoblastic Leukemia: A Study From the Acute Leukemia Working Party of the European Society for Blood and Marrow Transplantation","Nagler A, Labopin M, Swoboda R, Pioltelli P, Arat M, Yakoub-Agha I, Kulagin A, Maria Raiola A, Ozdogu H, Risitano A, Nur Ozkurt Z, Sanz J, Brissot E, Zina P, Giebel S, Ciceri F, Mohty M.","Hemasphere. 2022 Oct 13;6(11):e790. doi: 10.1097/HS9.0000000000000790. eCollection 2022 Nov.","Nagler A","Hemasphere","2022","2022/10/19","PMC9575736","","10.1097/HS9.0000000000000790"
"29296864","Immune tolerance induction by nonmyeloablative haploidentical HSCT combining T-cell depletion and posttransplant cyclophosphamide","Aversa F, Bachar-Lustig E, Or-Geva N, Prezioso L, Bonomini S, Manfra I, Monti A, Schifano C, Zlotnikov-Klionsky Y, Martelli MF, Sammarelli G, Sassi M, Soli M, Giuliodori S, Benecchi M, Giuliani N, Lohr F, Pratissoli S, Reisner Y.","Blood Adv. 2017 Oct 30;1(24):2166-2175. doi: 10.1182/bloodadvances.2017009423. eCollection 2017 Nov 14.","Aversa F","Blood Adv","2017","2018/01/04","PMC5737124","","10.1182/bloodadvances.2017009423"
"37969696","Primary CNS post-transplant lymphoproliferative disorder following haploidentical HSCT using post-transplant high-dose cyclophosphamide","Toyosaki M, Onizuka M, Amaki J, Shiraiwa S, Aoyama Y, Machida S, Kawai H, Murayama H, Ogiya D, Matsui K, Kawakami S, Harada K, Kondo Y, Hirabayashi K, Nakamura N, Ogawa Y, Kawada H, Ando K.","Blood Cell Ther. 2018 Oct 26;2(1):1-4. doi: 10.31547/bct-2018-004. eCollection 2019 Feb 25.","Toyosaki M","Blood Cell Ther","2018","2023/11/16","PMC10645483","","10.31547/bct-2018-004"
"40181806","Optimizing Haploidentical Hematopoietic Stem Cell Transplantation: Enhancing Outcomes in Hematologic Malignancies in Resource-Limited Settings","Owattanapanich W, Karoopongse E, Kittivorapart J, Meeudompong U, Sathapanapitagkit N, Kungwankiattichai S, Vittayawacharin P, Jianthanakanon J, Donsakul N, Bundhit R, Kongsomchit C, Poonmee N, Luangtrakool P, Warindpong T, Chamsai S, Bintaprasit W, Atakulreka S, Kunacheewa C.","J Blood Med. 2025 Mar 30;16:151-161. doi: 10.2147/JBM.S511039. eCollection 2025.","Owattanapanich W","J Blood Med","2025","2025/04/04","PMC11967347","","10.2147/JBM.S511039"
"37034603","Phase II Study of Myeloablative 8/8- or 7/8-Matched Allotransplantation with Post-Transplant Cyclophosphamide, Tacrolimus, and Mycophenolate Mofetil: Marked Reduction in GVHD Risk Without Increased Relapse Risk Compared to Historical Cyclosporine/Methotrexate","El Jurdi N, Hoover A, O'Leary D, Cao Q, Gupta A, Ebens C, Maakaron J, Betts BC, Rashidi A, Juckett M, Lund T, Bachanova V, MacMillan M, Miller J, Orchard P, Wagner J, Vercellotti G, Weisdorf D, Dusenbery K, Terezakis S, Holtan S.","medRxiv [Preprint]. 2023 Mar 29:2023.03.24.23287521. doi: 10.1101/2023.03.24.23287521.","El Jurdi N","medRxiv","2023","2023/04/10","PMC10081397","","10.1101/2023.03.24.23287521"
"36993719","Haploidentical Donor Blood or Marrow Transplantation for Myelodysplastic/Myeloproliferative Overlap Neoplasms: Results from a North American Collaboration","Jain T, Tsai HL, Elmariah H, Vachhani P, Karantanos T, Wall S, Gondek L, Bashey A, Keyzner A, Tamari R, Grunwald M, Abedin S, Nadiminti K, Iqbal M, Gerds A, Viswabandya A, McCurdy S, Malki MA, Varadhan R, Ali H, Gupta V, Jones RJ, Otoukesh S.","Res Sq [Preprint]. 2023 Mar 21:rs.3.rs-2691216. doi: 10.21203/rs.3.rs-2691216/v1.","Jain T","Res Sq","2023","2023/03/30","PMC10055643","","10.21203/rs.3.rs-2691216/v1"
"31388250","Allogeneic Hematopoietic Stem Cell Transplantation for Myeloma: Time for an Obituary or Not Just Yet!","Jaiswal SR, Chakrabarti S.","Indian J Hematol Blood Transfus. 2019 Jul;35(3):416-422. doi: 10.1007/s12288-019-01077-x. Epub 2019 Jan 23.","Jaiswal SR","Indian J Hematol Blood Transfus","2019","2019/08/08","PMC6646447","","10.1007/s12288-019-01077-x"
"33613900","Selection of Suitable Alternative Donor in the Absence of Matched Sibling Donor: A Retrospective Single-Center Study to Compare between Haploidentical, 10/10 and 9/10 Unrelated Donor Transplantation","Barkhordar M, Kasaeian A, Tavakoli S, Vaezi M, Kamranzadeh Foumani H, Bahri T, Babakhani D, Mirzakhani L, Mousavi A, Mousavi SA, Ghavamzadeh A.","Int J Hematol Oncol Stem Cell Res. 2021 Jan 1;15(1):51-60. doi: 10.18502/ijhoscr.v15i1.5249.","Barkhordar M","Int J Hematol Oncol Stem Cell Res","2021","2021/02/22","PMC7885135","","10.18502/ijhoscr.v15i1.5249"
"37331224","Splenic irradiation prior to allogeneic transplant conditioning in myelofibrosis: A pilot experience","Campodonico E, Xue E, Piemontese S, Chiara A, Bruno A, Scorpio G, Nitti R, Sannipoli D, Orofino G, Fiore P, Quattrocchi MC, Diral E, Clerici D, Farina F, Corti C, Lunghi F, Lupo-Stanghellini MT, Di Muzio N, Ciceri F, Greco R, Peccatori J.","Curr Res Transl Med. 2023 Jul-Sep;71(3):103400. doi: 10.1016/j.retram.2023.103400. Epub 2023 Jun 9.","Campodonico E","Curr Res Transl Med","2023","2023/06/18","","","10.1016/j.retram.2023.103400"
"37872063","Outcomes and challenges treating pediatric acute myeloid leukemia: a retrospective analysis of patients treated at the Fundación Valle del Lili between 2011 and 2020","Franco AA, Lotero V, Rodríguez P, Beltran E, Manzi E, Devia-Zapata A, Medina-Valencia D.","Hematol Transfus Cell Ther. 2024 Oct-Dec;46(4):420-427. doi: 10.1016/j.htct.2023.08.006. Epub 2023 Oct 11.","Franco AA","Hematol Transfus Cell Ther","2024","2023/10/23","PMC11451350","","10.1016/j.htct.2023.08.006"
"41730450","Novel FABT-Based Conditioning Regimen With Haploidentical Transplantation for Severe Aplastic Anemia: A Prospective, Single-Center, Phase II Clinical Trial","Liu W, Tan Z, Zhao Y, Hu H, Yu Q, Zhang Y, Wu L, Hu T, Wu D, Ye B.","Transplant Cell Ther. 2026 Feb 21:S2666-6367(25)02602-8. doi: 10.1016/j.jtct.2025.12.942. Online ahead of print.","Liu W","Transplant Cell Ther","2026","2026/02/23","","","10.1016/j.jtct.2025.12.942"
"36263219","Total marrow irradiation (TMI): Addressing an unmet need in hematopoietic cell transplantation - a single institution experience review","Wong JYC, Liu A, Han C, Dandapani S, Schultheiss T, Palmer J, Yang D, Somlo G, Salhotra A, Hui S, Al Malki MM, Rosenthal J, Stein A.","Front Oncol. 2022 Oct 3;12:1003908. doi: 10.3389/fonc.2022.1003908. eCollection 2022.","Wong JYC","Front Oncol","2022","2022/10/20","PMC9574324","","10.3389/fonc.2022.1003908"
"39411216","Outcomes of Haploidentical Stem Cell Transplant Recipients With HHV-6B Reactivation","Handley G, Yepes A, Eliassen E, Dominguez G, Pasikhova Y, Klinkova O, Baluch A, Febres-Aldana AJ, Alsina M, Elmariah H, Khimani F, Hansen DK, Freeman CL, Jain MD, Locke F, Lazaryan A, Liu HD, Mishra A, Mirza AS, Nishihori T, Ochoa L, Perez L, Pidala J, Puglianini OC, Nieder M, Perna F, Kim J, Bejanyan N, Faramand R.","Open Forum Infect Dis. 2024 Sep 26;11(10):ofae564. doi: 10.1093/ofid/ofae564. eCollection 2024 Oct.","Handley G","Open Forum Infect Dis","2024","2024/10/16","PMC11475747","","10.1093/ofid/ofae564"
"38146354","GVHD relapse-free survival after peripheral blood hematopoietic cell transplantation for hematologic malignancies","Lad DP, Chhabra P, Kasudhan KS, Kaundal S, Chopra M, Singh C, Jandial A, Jain A, Prakash G, Khadwal A, Malhotra P.","Blood Cell Ther. 2023 May 19;6(3):66-71. doi: 10.31547/bct-2022-014. eCollection 2023 Aug 25.","Lad DP","Blood Cell Ther","2023","2023/12/26","PMC10749214","","10.31547/bct-2022-014"
"40905077","Impact of letermovir on cytomegalovirus-specific T-cell reconstitution after allogeneic hematopoietic stem cell transplantation in the post-transplant cyclophosphamide era","Tassi E, Orofino G, Beretta V, Valtolina V, Bergonzi GM, Noviello M, Xue E, Doglio M, Acerbis A, Lazzari L, Giglio F, Piemontese S, Diral E, Bruno A, Farina F, Dell'Acqua R, Vago L, Assanelli A, Ruggeri A, Clerici D, Corti C, Lupo-Stanghellini MT, Ciceri F, Bonini C, Greco R.","Haematologica. 2026 Mar 1;111(3):1081-1088. doi: 10.3324/haematol.2025.288306. Epub 2025 Sep 4.","Tassi E","Haematologica","2026","2025/09/04","PMC12951137","","10.3324/haematol.2025.288306"
"40303999","Haploidentical, matched-related, and matched-unrelated hematopoietic cell transplant for acute leukemias in the early years of haploidentical transplant implementation in a developing country with a large unrelated donor registry","Seber A, Arcuri LJ, Colturato VR, Souza MP, Zogbi YAN, Funke V, Lerner D, Macedo MC, Daudt L, Kerbauy MN, Zecchin VG, Duarte FB, Rabello Chiattone R, Soares RDA, Bettarello G, Vaz de Macedo A, Paton E, Monteiro TDM, Schmidt Filho J, Astigarraga CC, Scheinberg P, Vigorito AC, Vergueiro CSV, Simione A, Hashmi S, Saber W, Patel J, Bonfim CMS, Pasquini M, Flowers ME, Hamerschlak N.","Front Oncol. 2025 Apr 15;15:1584631. doi: 10.3389/fonc.2025.1584631. eCollection 2025.","Seber A","Front Oncol","2025","2025/04/30","PMC12037578","","10.3389/fonc.2025.1584631"
"33814347","Outpatient haploidentical hematopoietic stem cell transplant using post-transplant cyclophosphamide and incidence of hemorrhagic cystitis","Gutiérrez-Aguirre CH, Esparza-Sandoval AC, Palomares-Leal A, Jaime-Pérez JC, Gómez-Almaguer D, Cantú-Rodríguez OG.","Hematol Transfus Cell Ther. 2022 Apr-Jun;44(2):163-168. doi: 10.1016/j.htct.2020.09.149. Epub 2020 Dec 4.","Gutiérrez-Aguirre CH","Hematol Transfus Cell Ther","2022","2021/04/05","PMC9123564","","10.1016/j.htct.2020.09.149"
"32656791","Impact of total body irradiation- vs chemotherapy-based myeloablative conditioning on outcomes of haploidentical hematopoietic cell transplantation for acute myelogenous leukemia","Dholaria B, Labopin M, Angelucci E, Ciceri F, Diez-Martin JL, Bruno B, Sica S, Koc Y, Gülbas Z, Schmid C, Blaise D, Carella AM, Visani G, Savani BN, Nagler A, Mohty M.","Am J Hematol. 2020 Oct;95(10):1200-1208. doi: 10.1002/ajh.25934. Epub 2020 Aug 6.","Dholaria B","Am J Hematol","2020","2020/07/14","","","10.1002/ajh.25934"
"38339429","New Approaches for the Treatment of AML beyond the 7+3 Regimen: Current Concepts and New Approaches","Roman Diaz JL, Vazquez Martinez M, Khimani F.","Cancers (Basel). 2024 Feb 5;16(3):677. doi: 10.3390/cancers16030677.","Roman Diaz JL","Cancers (Basel)","2024","2024/02/10","PMC10854755","","10.3390/cancers16030677"
"40642084","Correction: Impact of post-transplant cyclophosphamide with bendamustine on immune reconstitution in young patients undergoing T-cell replete haploidentical bone marrow transplantation: results from a phase Ia/Ib clinical trial","Baker FL, Stokes J, Cracchiolo MJ, Davini D, Simpson RJ, Katsanis E.","Front Immunol. 2025 Jun 26;16:1633590. doi: 10.3389/fimmu.2025.1633590. eCollection 2025.","Baker FL","Front Immunol","2025","2025/07/11","PMC12242843","","10.3389/fimmu.2025.1633590"
"22053277","Nonmyeloablative, HLA-haploidentical bone marrow transplantation with high dose, post-transplantation cyclophosphamide","Munchel A, Kesserwan C, Symons HJ, Luznik L, Kasamon YL, Jones RJ, Fuchs EJ.","Pediatr Rep. 2011 Jun 22;3 Suppl 2(Suppl 2):e15. doi: 10.4081/pr.2011.s2.e15.","Munchel A","Pediatr Rep","2011","2011/11/05","PMC3206539","","10.4081/pr.2011.s2.e15"
"41153599","Allogeneic Hematopoietic Stem Cell Transplantation for Infant Leukemia: A Single-Center Case Series and Narrative Review","Kostareva I, Kirgizov K, Shubina I, Stepanyan N, Batmanova N, Valiev T, Kiselevsky M, Varfolomeeva S.","Children (Basel). 2025 Oct 20;12(10):1418. doi: 10.3390/children12101418.","Kostareva I","Children (Basel)","2025","2025/10/29","PMC12562489","","10.3390/children12101418"
"31247313","Fludarabine and Total-Body Irradiation Conditioning before Ablative Haploidentical Transplantation: Long-Term Safety and Efficacy","Solomon SR, Solh M, Zhang X, Morris LE, Holland HK, Bashey A.","Biol Blood Marrow Transplant. 2019 Nov;25(11):2211-2216. doi: 10.1016/j.bbmt.2019.06.017. Epub 2019 Jun 25.","Solomon SR","Biol Blood Marrow Transplant","2019","2019/06/28","","","10.1016/j.bbmt.2019.06.017"
"34797216","Common points of therapeutic intervention in COVID-19 and in allogeneic hematopoietic stem cell transplantation associated severe cytokine release syndrome","Gopcsa L, Bobek I, Bekő G, Lakatos B, Molnár E, Réti M, Reményi P, Sinkó J, Szlávik J, Tatai G, Vályi-Nagy I.","Acta Microbiol Immunol Hung. 2021 Nov 19;68(4):240-255. doi: 10.1556/030.2021.01620. Print 2021 Dec 2.","Gopcsa L","Acta Microbiol Immunol Hung","2021","2021/11/19","","","10.1556/030.2021.01620"
"40927276","Racial Disparity in Myeloablative Hematopoietic Cell Transplantation Outcomes in Patients with Hematological Malignancies Older Than 45 Years","Mohapatra S, Mourad YRA, M Cherniawsky H, S Chung S, L Forrest D, Kaila G, Kuchenbauer F, Lacaria K, MacLean J, H Nantel S, Narayanan S, J Nevill T, A Rodrigo J, Rouhi A, Roy C, Sanford D, W Song K, J Stubbins R, L Toze C, K White J, P Lad D.","Blood Cell Ther. 2025 Jul 18;8(3):228-233. doi: 10.31547/bct-2025-001. eCollection 2025 Aug 25.","Mohapatra S","Blood Cell Ther","2025","2025/09/10","PMC12414651","","10.31547/bct-2025-001"
"41313884","Outcomes after bone marrow versus peripheral blood haploidentical hematopoietic cell transplantation using post-transplant cyclophosphamide-based graft-versus-host disease prophylaxis","Amin MK, Shahzad M, Khan A, Begiashvili V, Khan U, McGuirk M, DeJarnette S, Chaudhary SG, Anwar I, Ahmed N, Abdallah AO, Abhyankar SH, McGuirk JP, Singh AK, Mushtaq MU.","Hematol Transfus Cell Ther. 2026 Jan-Mar;48(1):106222. doi: 10.1016/j.htct.2025.106222. Epub 2025 Nov 27.","Amin MK","Hematol Transfus Cell Ther","2026","2025/11/28","PMC12702007","","10.1016/j.htct.2025.106222"
"41883301","Allogeneic Hematopoietic Cell Transplantation for Relapsed / Refractory Hodgkin Lymphoma: A Multicenter Real-World Experience","Koyun D, Şahin U, Cengiz Seval G, Gören D, Gökmen A, Civriz Bozdağ S, Toprak SK, Kurt Yüksel M, Topçuoğlu P, Arslan Ö, Demirer T, Gürman G, İlhan O, Beksac M, Arat M, Özcan M.","Turk J Haematol. 2026 Mar 26. doi: 10.4274/tjh.galenos.2026.35403. Online ahead of print.","Koyun D","Turk J Haematol","2026","2026/03/26","","","10.4274/tjh.galenos.2026.35403"
"39847190","Comparing haploidentical transplantation with post-transplantation cyclophosphamide and umbilical cord blood transplantation using targeted busulfan in children and adolescents with hematologic malignancies","Hong KT, Kim BK, An HY, Choi JY, Song SH, Yu KS, Jang IJ, Kang HJ.","Blood Res. 2025 Jan 23;60(1):7. doi: 10.1007/s44313-025-00057-7.","Hong KT","Blood Res","2025","2025/01/23","PMC11757842","","10.1007/s44313-025-00057-7"
"37346770","Role of fluoroquinolone prophylaxis in allogeneic hematopoietic cell transplantation in regions with a high prevalence of fluoroquinolone resistance","Nair A, Kaundal S, Kasudhan KS, Chopra M, Singh C, Jandial A, Jain A, Prakash G, Khadwal A, Angrup A, Patil A, Ray P, Malhotra P, P Lad D.","Blood Cell Ther. 2023 May 2;6(2):61-65. doi: 10.31547/bct-2022-020. eCollection 2023 May 25.","Nair A","Blood Cell Ther","2023","2023/06/22","PMC10279926","","10.31547/bct-2022-020"
"30610925","CTLA4Ig Primed Donor Lymphocyte Infusion: A Novel Approach to Immunotherapy after Haploidentical Transplantation for Advanced Leukemia","Jaiswal SR, Bhakuni P, Joy A, Kaushal S, Chakrabarti A, Chakrabarti S.","Biol Blood Marrow Transplant. 2019 Apr;25(4):673-682. doi: 10.1016/j.bbmt.2018.12.836. Epub 2019 Jan 2.","Jaiswal SR","Biol Blood Marrow Transplant","2019","2019/01/06","","","10.1016/j.bbmt.2018.12.836"
"40306552","Heterogeneity of Survival Benefit Conferred By Letermovir","Akahoshi Y, Nakasone H, Takenaka K, Ara T, Tada Y, Doki N, Uchida N, Tanaka M, Hasegawa Y, Takeda W, Nishida T, Ishikawa J, Kurita N, Sawa M, Onizuka M, Kako S, Fujiwara SI, Kataoka K, Kawamura K, Fukuda T, Atsuta Y, Yakushijin K, Kanda Y.","Transplant Cell Ther. 2025 Jul;31(7):461.e1-461.e12. doi: 10.1016/j.jtct.2025.04.010. Epub 2025 Apr 28.","Akahoshi Y","Transplant Cell Ther","2025","2025/04/30","","","10.1016/j.jtct.2025.04.010"
"40817313","Haplo-stem cell transplant post liver transplantation to cure sickle cell disease with related liver dysfunction: a case series","Alahmari AD, Alghamdi S, Alasbali R, Hisham Samarkandi S, Alqahtani SA, Samarkandi H, Ahmed SO, Broering D, Alzahrani H, Kassim A, Aljurf M, Almohareb F, Al-Hamoudi W.","Commun Med (Lond). 2025 Aug 15;5(1):354. doi: 10.1038/s43856-025-01040-0.","Alahmari AD","Commun Med (Lond)","2025","2025/08/15","PMC12356966","","10.1038/s43856-025-01040-0"
"29339270","Proceedings From the Fourth Haploidentical Stem Cell Transplantation Symposium (HAPLO2016), San Diego, California, December 1, 2016","Al Malki MM, Jones R, Ma Q, Lee D, Reisner Y, Miller JS, Lang P, Hongeng S, Hari P, Strober S, Yu J, Maziarz R, Mavilio D, Roy DC, Bonini C, Champlin RE, Fuchs EJ, Ciurea SO.","Biol Blood Marrow Transplant. 2018 May;24(5):895-908. doi: 10.1016/j.bbmt.2018.01.008. Epub 2018 Jan 12.","Al Malki MM","Biol Blood Marrow Transplant","2018","2018/01/18","PMC7187910","NIHMS1575987","10.1016/j.bbmt.2018.01.008"
"32676488","Cellular Therapies in Chronic Granulomatous Disease","Güngör T, Chiesa R.","Front Pediatr. 2020 Jun 26;8:327. doi: 10.3389/fped.2020.00327. eCollection 2020.","Güngör T","Front Pediatr","2020","2020/07/18","PMC7333593","","10.3389/fped.2020.00327"
"39263620","Haploidentical hematopoietic stem cell transplantation with post-transplant cyclophosphamide for Fanconi anemia with/without anti-thymocyte globulin","Uppuluri R, Swaminathan VV, Ganesan K, Duraisamy S, Nair A, Muthukumar V, Nalla AR, Balakrishnan L, Raj R.","Blood Cell Ther. 2024 Aug 9;7(3):95-100. doi: 10.31547/bct-2024-006. eCollection 2024 Aug 25.","Uppuluri R","Blood Cell Ther","2024","2024/09/12","PMC11384124","","10.31547/bct-2024-006"
"31588560","Advances in understanding the pathogenesis of graft-versus-host disease","Zeiser R.","Br J Haematol. 2019 Dec;187(5):563-572. doi: 10.1111/bjh.16190. Epub 2019 Oct 6.","Zeiser R","Br J Haematol","2019","2019/10/08","","","10.1111/bjh.16190"
"39415920","Successful management with urgent haploidentical-peripheral blood stem cell transplantation for a patient with severe aplastic anaemia who developed disseminated fungal infection following immunosuppressive therapy","Ikenobe N, Fujimori K, Gocho Y, Myojin S, Yamada M, Imadome K, Miyasaka M, Miyazaki O, Yoneda A, Matsumoto S, Nakagawa S, Deguchi T, Iguchi A, Tomizawa D, Ogimi C, Matsumoto K, Sakaguchi H.","EJHaem. 2024 Jul 17;5(5):1072-1075. doi: 10.1002/jha2.917. eCollection 2024 Oct.","Ikenobe N","EJHaem","2024","2024/10/17","PMC11474336","","10.1002/jha2.917"
"39329879","Modified Prophylactic Donor Lymphocyte Infusion (DLI) in an Adult T Cell Lymphoma/Leukemia (ATLL) Patient-Modality of Relapse Prevention","Ionete A, Bardas A, Varady Z, Vasilica M, Szegedi O, Coriu D.","Diseases. 2024 Sep 11;12(9):210. doi: 10.3390/diseases12090210.","Ionete A","Diseases","2024","2024/09/27","PMC11431229","","10.3390/diseases12090210"
"41376570","HLA-haploidentical hematopoietic stem cell transplantation in patients with sickle cell disease: results from the phase II DREP-HAPLO trial","Dhedin N, Bruno B, Paillard C, Gounfle E, Buchbinder N, Chardin MO, Gaba M, Arlet JB, Arnaud C, Jung C, Pondarre C.","Haematologica. 2025 Dec 11. doi: 10.3324/haematol.2025.300013. Online ahead of print.","Dhedin N","Haematologica","2025","2025/12/11","","","10.3324/haematol.2025.300013"
"37247092","GATA2 Deficiency: Predisposition to Myeloid Malignancy and Hematopoietic Cell Transplantation","Rajput RV, Arnold DE.","Curr Hematol Malig Rep. 2023 Aug;18(4):89-97. doi: 10.1007/s11899-023-00695-7. Epub 2023 May 29.","Rajput RV","Curr Hematol Malig Rep","2023","2023/05/29","","","10.1007/s11899-023-00695-7"
"37701906","Allogeneic stem cell transplant for multiple myeloma & myelofibrosis with split-dose busulfan, fludarabine & cyclophosphamide","Trunk AD, Patel SS, Prchal JT, Sborov DW, Zander AR, Lee CJ.","Leuk Res Rep. 2023 Aug 26;20:100388. doi: 10.1016/j.lrr.2023.100388. eCollection 2023.","Trunk AD","Leuk Res Rep","2023","2023/09/13","PMC10493243","","10.1016/j.lrr.2023.100388"
"41765109","Allogeneic hematopoietic cell transplantation for partial RAG deficiency in children and adults: Excellent outcomes with a reduced-intensity posttransplantation cyclophosphamide-based approach","Dimitrova D, Bosticardo M, Delmonte OM, Kenney H, An A, Pala F, Magro G, Myint-Hpu K, Kang E, Santangeli E, Angelova A, Vujkovic-Cvijin I, Schwarz B, Campos J, Chai A, Cusmano A, Flomerfelt FA, Hyder MA, Mangusan R, Rechache K, Sabina R, Telford W, Kong HH, Nagao K, Agharahimi A, Bergerson JRE, Freeman AF, Holland SM, Ale H, El-Marsafy A, Pasic S, Verbsky J, Walter J, Kanakry CG, Notarangelo LD, Kanakry JA.","J Allergy Clin Immunol. 2026 Feb 28:S0091-6749(26)00136-3. doi: 10.1016/j.jaci.2026.01.030. Online ahead of print.","Dimitrova D","J Allergy Clin Immunol","2026","2026/03/01","","","10.1016/j.jaci.2026.01.030"
"39157627","Fludarabine, busulfan, and melphalan conditioning regimen in allogeneic hematopoietic stem cell transplantation for adult patients with myeloid malignancies: A multicenter retrospective study","Jiang J, Li X, Wu D, Lu Q, Miao K, Wang H, Li X, Chen Y, Zhou S, Zhou Y, Liao G, Jiang C, Yuan X, Zhao Y, Chang C, Chen J, Zhu H, Ma R, Li N, Yin X, Wu X, Wang S, Wang C, Hu J.","EJHaem. 2024 Jul 8;5(4):757-767. doi: 10.1002/jha2.947. eCollection 2024 Aug.","Jiang J","EJHaem","2024","2024/08/19","PMC11327722","","10.1002/jha2.947"
"41839367","Ferritin as a Pre-Transplant Biomarker for Post-Transplant Outcomes in Allogeneic Stem Cell Transplantation Using Post-Transplant Cyclophosphamide","Rodriguez-Rodriguez S, Chiarello C, Desai N, Remberger M, Chen C, Al-Shaibani E, Moya TA, Law AD, Pasic I, Viswabandya A, Michelis FV, Kim DDH, Kumar R, Mattsson J, Novitzky-Basso I.","Transplant Cell Ther. 2026 Mar 14:S2666-6367(26)00222-8. doi: 10.1016/j.jtct.2026.03.015. Online ahead of print.","Rodriguez-Rodriguez S","Transplant Cell Ther","2026","2026/03/16","","","10.1016/j.jtct.2026.03.015"
"28835441","Phase 1 clinical trial using mbIL21 ex vivo-expanded donor-derived NK cells after haploidentical transplantation","Ciurea SO, Schafer JR, Bassett R, Denman CJ, Cao K, Willis D, Rondon G, Chen J, Soebbing D, Kaur I, Gulbis A, Ahmed S, Rezvani K, Shpall EJ, Lee DA, Champlin RE.","Blood. 2017 Oct 19;130(16):1857-1868. doi: 10.1182/blood-2017-05-785659. Epub 2017 Aug 23.","Ciurea SO","Blood","2017","2017/08/25","PMC5649552","","10.1182/blood-2017-05-785659"
"38993773","Retrospective analysis of the incidence and outcome of late acute and chronic graft-versus-host disease-an analysis from transplant centers across Europe","Langer R, Lelas A, Rittenschober M, Piekarska A, Sadowska-Klasa A, Sabol I, Desnica L, Greinix H, Dickinson A, Inngjerdingen M, Lawitschka A, Vrhovac R, Pulanic D, Güneş S, Klein S, Moritz Middeke J, Grube M, Edinger M, Herr W, Wolff D.","Front Transplant. 2024 Mar 18;3:1332181. doi: 10.3389/frtra.2024.1332181. eCollection 2024.","Langer R","Front Transplant","2024","2024/07/12","PMC11235324","","10.3389/frtra.2024.1332181"
"37315175","Incidence, clinical presentation, risk factors, outcomes, and biomarkers in de novo late acute GVHD","Akahoshi Y, Spyrou N, Hogan WJ, Ayuk F, DeFilipp Z, Weber D, Choe HK, Hexner EO, Rösler W, Etra AM, Sandhu K, Yanik GA, Chanswangphuwana C, Kitko CL, Reshef R, Kraus S, Wölfl M, Eder M, Bertrand H, Qayed M, Merli P, Grupp SA, Aguayo-Hiraldo P, Schechter T, Ullrich E, Baez J, Beheshti R, Gleich S, Kowalyk S, Morales G, Young R, Kwon D, Nakamura R, Levine JE, Ferrara JLM, Chen YB.","Blood Adv. 2023 Aug 22;7(16):4479-4491. doi: 10.1182/bloodadvances.2023009885.","Akahoshi Y","Blood Adv","2023","2023/06/14","PMC10440469","","10.1182/bloodadvances.2023009885"
"33859695","A Phase II Trial of Melphalan Based Reduced-Intensity Conditioning for Transplantation of T-Replete HLA-Haploidentical Peripheral Blood Stem Cells with Posttransplant Cyclophosphamide in Patients with Hematologic Malignancies","Solh MM, Hinojosa G, Laporte J, Solomon SR, Morris LE, Zhang X, Holland HK, Bashey A.","Adv Hematol. 2021 Mar 23;2021:8868142. doi: 10.1155/2021/8868142. eCollection 2021.","Solh MM","Adv Hematol","2021","2021/04/16","PMC8009703","","10.1155/2021/8868142"
"36915123","Narsoplimab for severe transplant-associated thrombotic microangiopathy","Pandrowala A, Ganatra P, Krishnan VP, Sharma AN, Chavan S, Bodhanwala M, Agarwal B, Hiwarkar P.","Thromb J. 2023 Mar 13;21(1):26. doi: 10.1186/s12959-023-00464-9.","Pandrowala A","Thromb J","2023","2023/03/14","PMC10009829","","10.1186/s12959-023-00464-9"
"36824648","Medical emergencies in pediatric blood & marrow transplant and cellular therapies","Agarwal N, Rotz S, Hanna R.","Front Pediatr. 2023 Feb 7;11:1075644. doi: 10.3389/fped.2023.1075644. eCollection 2023.","Agarwal N","Front Pediatr","2023","2023/02/24","PMC9941678","","10.3389/fped.2023.1075644"
"40391196","Immune Reconstitution after Haploidentical Hematopoietic Stem Cell Transplantation with Different Non-T-Cell Depletion Protocols","Ma XD, Xu ZL, Huang XJ.","MedComm (2020). 2025 May 19;6(6):e70206. doi: 10.1002/mco2.70206. eCollection 2025 Jun.","Ma XD","MedComm (2020)","2025","2025/05/20","PMC12086379","","10.1002/mco2.70206"
"30878319","Effect of increased dose of total body irradiation on graft failure associated with HLA-haploidentical transplantation in patients with severe haemoglobinopathies: a prospective clinical trial","Bolaños-Meade J, Cooke KR, Gamper CJ, Ali SA, Ambinder RF, Borrello IM, Fuchs EJ, Gladstone DE, Gocke CB, Huff CA, Luznik L, Swinnen LJ, Symons HJ, Terezakis SA, Wagner-Johnston N, Jones RJ, Brodsky RA.","Lancet Haematol. 2019 Apr;6(4):e183-e193. doi: 10.1016/S2352-3026(19)30031-6. Epub 2019 Mar 14.","Bolaños-Meade J","Lancet Haematol","2019","2019/03/18","PMC6506220","NIHMS1524116","10.1016/S2352-3026(19)30031-6"
"34095763","Allogeneic Stem Cell Transplantation Platforms With Ex Vivo and In Vivo Immune Manipulations: Count and Adjust","de Witte M, Daenen LGM, van der Wagen L, van Rhenen A, Raymakers R, Westinga K, Kuball J.","Hemasphere. 2021 Jun 1;5(6):e580. doi: 10.1097/HS9.0000000000000580. eCollection 2021 Jun.","de Witte M","Hemasphere","2021","2021/06/07","PMC8171366","","10.1097/HS9.0000000000000580"
